timestamp,callsign,icao24,pista,fase_volo,direzione,quota_ft,rotta_deg,distanza_km,paese,baro_rate,fonte,sessione_notturna
2026-10-05 00:03:46,RYR9QR,4ca7b3,RWY 28,Avvicinamento,Est -> Ovest,1725,285.0,9.32,N/D,-960,adsb.lol,2026-10-05
2026-10-05 00:05:47,RYR9QR,4ca7b3,RWY 28,Atterraggio,Est -> Ovest,525,285.19,2.32,N/D,-704,adsb.lol,2026-10-05
2026-10-05 00:05:47,RYR99SQ,4d23fc,N/D,Sorvolo,N/D,1975,284.74,10.86,N/D,-896,adsb.lol,2026-10-05
2026-10-05 00:07:48,RYR99SQ,4d23fc,RWY 28,Atterraggio,Est -> Ovest,700,285.08,3.33,N/D,-576,adsb.lol,2026-10-05
2026-10-05 00:07:48,RYR84RP,4d21eb,N/D,Sorvolo,N/D,14750,217.56,8.89,N/D,-1024,adsb.lol,2026-10-05
2026-10-05 00:07:48,RYR49HY,4ca61c,N/D,Sorvolo,N/D,2200,284.36,12.11,N/D,-832,adsb.lol,2026-10-05
2026-10-05 00:09:49,RYR49HY,4ca61c,RWY 28,Atterraggio,Est -> Ovest,550,284.67,2.45,N/D,-704,adsb.lol,2026-10-05
2026-10-05 00:09:49,RYR84RP,4d21eb,N/D,Sorvolo,N/D,13200,156.27,9.34,N/D,-704,adsb.lol,2026-10-05
2026-10-05 00:11:52,RYR49HY,4ca61c,RWY 28,Atterraggio,Est -> Ovest,475,285.03,1.98,Ireland,-639,opensky,2026-10-05
2026-10-05 00:11:52,RYR99SQ,4d23fc,RWY 28,Atterraggio,Est -> Ovest,450,285.19,1.85,Malta,-704,opensky,2026-10-05
2026-10-05 00:13:53,WZZ6579,471d72,RWY 10,Decollo,Ovest -> Est,1750,105.95,3.53,N/D,2624,adsb.lol,2026-10-05
2026-10-05 00:15:53,RYR65ER,4ca623,RWY 10,Decollo,Ovest -> Est,2050,104.91,4.66,N/D,1344,adsb.lol,2026-10-05
2026-10-05 00:15:53,WZZ6579,471d72,N/D,Sorvolo,N/D,5550,232.55,9.12,N/D,2624,adsb.lol,2026-10-05
2026-10-05 00:17:54,RYR65ER,4ca623,N/D,Sorvolo,N/D,5850,278.27,7.77,N/D,2944,adsb.lol,2026-10-05
2026-10-05 00:21:58,RYR84RP,4d21eb,RWY 28,Avvicinamento,Est -> Ovest,1150,284.8,5.92,N/D,-704,adsb.lol,2026-10-05
2026-10-05 00:21:58,VOE1347,3465d8,N/D,Sorvolo,N/D,31700,87.84,9.46,N/D,-1472,adsb.lol,2026-10-05
2026-10-05 00:24:01,RYR84RP,4d21eb,RWY 28,Atterraggio,Est -> Ovest,425,284.78,1.83,Malta,-767,opensky,2026-10-05
2026-10-05 00:26:02,ABY696,896743,RWY 10,Decollo,Ovest -> Est,1650,104.66,3.42,N/D,1344,adsb.lol,2026-10-05
2026-10-05 00:28:03,ABY696,896743,N/D,Sorvolo,N/D,6100,233.33,10.48,N/D,2432,adsb.lol,2026-10-05
2026-10-05 00:30:06,RYR32NJ,4d21ec,N/D,Sorvolo,N/D,16925,144.85,12.9,N/D,-1408,adsb.lol,2026-10-05
2026-10-05 00:32:07,RYR32NJ,4d21ec,N/D,Sorvolo,N/D,14425,156.06,5.68,N/D,-320,adsb.lol,2026-10-05
2026-10-05 00:32:07,SSR13NB,30024e,RWY 28,Avvicinamento,Est -> Ovest,1425,284.81,7.4,N/D,-640,adsb.lol,2026-10-05
2026-10-05 00:34:08,SSR13NB,30024e,RWY 28,Atterraggio,Est -> Ovest,550,284.44,3.4,N/D,-320,adsb.lol,2026-10-05
2026-10-05 00:36:09,RYR4NM,4cac7f,RWY 28,Avvicinamento,Est -> Ovest,1500,284.89,8.04,N/D,-896,adsb.lol,2026-10-05
2026-10-05 00:38:10,RYR4NM,4cac7f,RWY 28,Atterraggio,Est -> Ovest,500,284.84,2.17,N/D,-768,adsb.lol,2026-10-05
2026-10-05 00:40:13,RYR4NM,4cac7f,RWY 28,Atterraggio,Est -> Ovest,475,284.93,2.06,Ireland,-767,opensky,2026-10-05
2026-10-05 00:42:14,RYR4YW,4ca64e,N/D,Decollo,Rotta 232.7°,4425,232.71,8.75,N/D,3264,adsb.lol,2026-10-05
2026-10-05 00:44:14,RYR4YW,4ca64e,N/D,Sorvolo,N/D,8000,274.35,13.78,N/D,2624,adsb.lol,2026-10-05
2026-10-05 00:46:15,RYR32NJ,4d21ec,RWY 28,Avvicinamento,Est -> Ovest,1450,284.28,7.76,N/D,-896,adsb.lol,2026-10-05
2026-10-05 00:48:16,RYR32NJ,4d21ec,RWY 28,Atterraggio,Est -> Ovest,500,285.19,2.13,N/D,-768,adsb.lol,2026-10-05
2026-10-05 00:48:16,RYR6859,4d2260,N/D,Sorvolo,N/D,1850,285.28,10.17,N/D,-960,adsb.lol,2026-10-05
2026-10-05 00:50:17,RYR6859,4d2260,RWY 28,Atterraggio,Est -> Ovest,475,284.88,2.09,N/D,-832,adsb.lol,2026-10-05
2026-10-05 00:50:17,RYR5DN,4cae58,N/D,Sorvolo,N/D,2475,285.0,13.72,N/D,-960,adsb.lol,2026-10-05
2026-10-05 00:52:18,RYR5DN,4cae58,RWY 28,Atterraggio,Est -> Ovest,775,284.41,3.75,N/D,-832,adsb.lol,2026-10-05
2026-10-05 00:54:21,RYR5DN,4cae58,RWY 28,Atterraggio,Est -> Ovest,450,285.15,1.92,Ireland,-767,opensky,2026-10-05
2026-10-05 00:54:21,RYR6859,4d2260,RWY 28,Atterraggio,Est -> Ovest,450,284.98,1.86,Malta,-767,opensky,2026-10-05
2026-10-05 00:56:23,RYR5DN,4cae58,RWY 28,Atterraggio,Est -> Ovest,450,285.15,1.92,Ireland,-767,opensky,2026-10-05
2026-10-05 00:58:24,RYR6SA,4ca4ee,N/D,Sorvolo,N/D,2400,284.87,13.16,N/D,-896,adsb.lol,2026-10-05
2026-10-05 01:00:25,RYR6SA,4ca4ee,RWY 28,Atterraggio,Est -> Ovest,700,284.78,3.24,N/D,-832,adsb.lol,2026-10-05
2026-10-05 01:02:26,RYR6433,4d2500,N/D,Sorvolo,N/D,37000,227.71,11.72,N/D,0,adsb.lol,2026-10-05
2026-10-05 01:04:27,RYR31XB,4cad3e,N/D,Decollo,Rotta 140.9°,2675,140.95,6.86,N/D,1024,adsb.lol,2026-10-05
2026-10-05 01:06:28,RYR31XB,4cad3e,N/D,Sorvolo,N/D,7750,257.45,10.99,N/D,2112,adsb.lol,2026-10-05
2026-10-05 01:08:29,KAL514,71be17,N/D,Sorvolo,N/D,14650,98.17,6.34,N/D,1920,adsb.lol,2026-10-05
2026-10-05 01:10:30,RYR465X,4d23fb,RWY 28,Avvicinamento,Est -> Ovest,1825,284.95,9.92,N/D,-960,adsb.lol,2026-10-05
2026-10-05 01:12:31,RYR465X,4d23fb,RWY 28,Atterraggio,Est -> Ovest,500,285.19,2.11,N/D,-704,adsb.lol,2026-10-05
2026-10-05 01:14:34,RYR465X,4d23fb,RWY 28,Atterraggio,Est -> Ovest,500,285.19,2.12,Malta,-767,opensky,2026-10-05
2026-10-05 01:16:36,RYR465X,4d23fb,RWY 28,Atterraggio,Est -> Ovest,500,285.19,2.12,Malta,-767,opensky,2026-10-05
2026-10-05 01:20:40,RYR4787,4caf34,RWY 28,Avvicinamento,Est -> Ovest,1325,285.03,6.8,N/D,-960,adsb.lol,2026-10-05
2026-10-05 01:22:41,RYR4787,4caf34,RWY 28,Atterraggio,Est -> Ovest,500,284.6,2.03,N/D,-640,adsb.lol,2026-10-05
2026-10-05 01:24:42,RYR58SV,4d2502,RWY 28,Avvicinamento,Est -> Ovest,1675,284.69,9.06,N/D,-1088,adsb.lol,2026-10-05
2026-10-05 01:26:43,RYR58SV,4d2502,RWY 28,Atterraggio,Est -> Ovest,500,284.98,2.01,N/D,-768,adsb.lol,2026-10-05
2026-10-05 01:26:43,RYR9YF,4d225a,N/D,Sorvolo,N/D,2025,284.74,11.03,N/D,-960,adsb.lol,2026-10-05
2026-10-05 01:28:44,RYR9YF,4d225a,RWY 28,Atterraggio,Est -> Ovest,500,284.67,2.02,N/D,-768,adsb.lol,2026-10-05
2026-10-05 01:30:46,RYR9YF,4d225a,RWY 28,Atterraggio,Est -> Ovest,500,284.67,2.02,Malta,-767,opensky,2026-10-05
2026-10-05 01:30:46,RYR58SV,4d2502,RWY 28,Atterraggio,Est -> Ovest,475,284.98,1.92,Malta,-767,opensky,2026-10-05
2026-10-05 01:32:49,RYR9YF,4d225a,RWY 28,Atterraggio,Est -> Ovest,500,284.67,2.02,Malta,-767,opensky,2026-10-05
2026-10-05 01:34:50,RYR5YX,4ca73f,N/D,Sorvolo,N/D,2550,284.65,13.99,N/D,-1024,adsb.lol,2026-10-05
2026-10-05 01:36:51,RYR5YX,4ca73f,RWY 28,Atterraggio,Est -> Ovest,825,284.88,3.87,N/D,-768,adsb.lol,2026-10-05
2026-10-05 01:36:51,SRR6402,45cf24,N/D,Sorvolo,N/D,11050,165.34,4.82,N/D,-320,adsb.lol,2026-10-05
2026-10-05 01:38:52,SRR6402,45cf24,N/D,Sorvolo,N/D,7450,165.43,14.07,N/D,-1536,adsb.lol,2026-10-05
2026-10-05 01:40:54,RYR5YX,4ca73f,RWY 28,Atterraggio,Est -> Ovest,500,284.6,2.06,Ireland,-704,opensky,2026-10-05
2026-10-05 01:44:58,SRR6402,45cf24,RWY 28,Avvicinamento,Est -> Ovest,1650,284.7,8.52,N/D,-768,adsb.lol,2026-10-05
2026-10-05 01:44:58,TVS1AB,49d418,N/D,Sorvolo,N/D,33000,221.87,5.17,N/D,0,adsb.lol,2026-10-05
2026-10-05 01:46:59,SRR6402,45cf24,RWY 28,Atterraggio,Est -> Ovest,525,284.78,1.93,N/D,-704,adsb.lol,2026-10-05
2026-10-05 01:49:00,SRR6402,45cf24,N/D,Decollo,N/D,0,0.0,0.54,N/D,0,adsb.lol,2026-10-05
2026-10-05 01:51:01,RYR5984,4cae4c,N/D,Decollo,Rotta 170.8°,2975,170.75,7.96,N/D,2624,adsb.lol,2026-10-05
2026-10-05 01:53:02,RYR5984,4cae4c,N/D,Sorvolo,N/D,8200,226.04,14.47,N/D,1152,adsb.lol,2026-10-05
2026-10-05 01:55:03,MASBA,424c9d,RWY 28,Avvicinamento,Est -> Ovest,1625,285.04,8.53,N/D,-704,adsb.lol,2026-10-05
2026-10-05 01:57:04,MASBA,424c9d,RWY 28,Atterraggio,Est -> Ovest,525,285.18,2.06,N/D,-768,adsb.lol,2026-10-05
2026-10-05 01:59:06,MASBA,424c9d,RWY 28,Atterraggio,Est -> Ovest,500,285.29,1.92,United Kingdom,-704,opensky,2026-10-05
2026-10-05 02:01:10,MASBA,424c9d,RWY 28,Atterraggio,Est -> Ovest,500,285.29,1.92,United Kingdom,-704,opensky,2026-10-05
2026-10-05 02:11:21,WZZ47RG,4d200e,N/D,Sorvolo,N/D,34000,39.56,14.38,N/D,0,adsb.lol,2026-10-05
2026-10-05 02:11:21,RYR7ZN,4caeca,RWY 28,Avvicinamento,Est -> Ovest,1425,285.0,7.52,N/D,-832,adsb.lol,2026-10-05
2026-10-05 02:13:22,RYR7ZN,4caeca,RWY 28,Atterraggio,Est -> Ovest,525,285.08,2.14,N/D,-768,adsb.lol,2026-10-05
2026-10-05 02:15:23,RYR1YJ,4d222b,N/D,Sorvolo,N/D,2125,284.91,11.52,N/D,-960,adsb.lol,2026-10-05
2026-10-05 02:17:24,RYR1YJ,4d222b,RWY 28,Atterraggio,Est -> Ovest,500,285.29,2.04,N/D,-704,adsb.lol,2026-10-05
2026-10-05 02:19:27,RYR1YJ,4d222b,RWY 28,Atterraggio,Est -> Ovest,475,284.91,1.86,Malta,-767,opensky,2026-10-05
2026-10-05 02:21:29,RYR1YJ,4d222b,RWY 28,Atterraggio,Est -> Ovest,475,284.91,1.86,Malta,-767,opensky,2026-10-05
2026-10-05 02:25:33,RYR13GV,4d2275,N/D,Sorvolo,N/D,21000,261.08,5.19,N/D,-3520,adsb.lol,2026-10-05
2026-10-05 02:29:36,RYR899T,4ca73f,N/D,Decollo,Rotta 236.9°,3250,236.89,8.5,N/D,896,adsb.lol,2026-10-05
2026-10-05 02:52:03,SRR6498,45cf21,N/D,Sorvolo,N/D,11925,148.53,5.47,N/D,-2240,adsb.lol,2026-10-05
2026-10-05 02:54:04,SRR6498,45cf21,N/D,Sorvolo,N/D,8775,149.2,13.19,N/D,-2496,adsb.lol,2026-10-05
2026-10-05 02:54:04,RYR599Y,4caecb,RWY 28,Avvicinamento,Est -> Ovest,1200,284.96,6.06,N/D,-832,adsb.lol,2026-10-05
2026-10-05 02:56:06,RYR599Y,4caecb,RWY 28,Atterraggio,Est -> Ovest,500,284.41,1.8,Ireland,-704,opensky,2026-10-05
2026-10-05 02:58:09,RYR599Y,4caecb,RWY 28,Atterraggio,Est -> Ovest,500,284.41,1.8,Ireland,-704,opensky,2026-10-05
2026-10-05 03:00:10,SRR6498,45cf21,RWY 28,Avvicinamento,Est -> Ovest,1825,285.11,9.66,N/D,-832,adsb.lol,2026-10-05
2026-10-05 03:02:11,SRR6498,45cf21,RWY 28,Atterraggio,Est -> Ovest,550,284.6,2.22,N/D,-768,adsb.lol,2026-10-05
2026-10-05 03:04:14,SRR6498,45cf21,RWY 28,Atterraggio,Est -> Ovest,500,284.91,1.87,Denmark,-767,opensky,2026-10-05
2026-10-05 03:06:16,SRR6498,45cf21,RWY 28,Atterraggio,Est -> Ovest,500,284.91,1.87,Denmark,-767,opensky,2026-10-05
2026-10-05 03:26:40,MASBA,424c9d,RWY 10,Decollo,Ovest -> Est,2050,105.29,2.4,N/D,4224,adsb.lol,2026-10-05
2026-10-05 03:28:41,MASBA,424c9d,N/D,Sorvolo,N/D,7050,273.97,8.51,N/D,3232,adsb.lol,2026-10-05
2026-10-05 03:30:42,MASBA,424c9d,N/D,Sorvolo,N/D,13825,67.97,6.71,N/D,4672,adsb.lol,2026-10-05
2026-10-05 03:44:58,NOS7547,4cac36,N/D,Sorvolo,N/D,19500,293.62,6.62,N/D,-2176,adsb.lol,2026-10-05
2026-10-05 04:33:58,LAV3640,346516,RWY 28,Avvicinamento,Est -> Ovest,1250,284.86,6.4,N/D,-704,adsb.lol,2026-10-05
2026-10-05 04:36:01,LAV3640,346516,RWY 28,Atterraggio,Est -> Ovest,525,284.74,2.09,Spain,-832,opensky,2026-10-05
2026-10-05 04:38:02,SRR6498,45cf21,RWY 10,Decollo,Ovest -> Est,2225,103.95,3.83,N/D,2304,adsb.lol,2026-10-05
2026-10-05 04:40:05,SRR6498,45cf21,N/D,Sorvolo,N/D,6325,153.53,14.39,Denmark,3391,opensky,2026-10-05
2026-10-05 04:40:05,LAV3640,346516,RWY 28,Atterraggio,Est -> Ovest,525,284.74,2.09,Spain,-832,opensky,2026-10-05
2026-10-05 05:18:55,CFG289,3c7a45,N/D,Sorvolo,N/D,40000,356.07,10.33,N/D,32,adsb.lol,2026-10-05
2026-10-05 05:35:14,SRR6402,45cf24,N/D,Decollo,Rotta 157.1°,4375,157.06,7.54,N/D,3776,adsb.lol,2026-10-05
2026-10-05 05:41:20,WMT6JU,4d20bc,N/D,Sorvolo,N/D,20175,79.0,8.0,N/D,1728,adsb.lol,2026-10-05
2026-10-05 05:55:36,RYR85CT,4caf34,RWY 10,Decollo,Ovest -> Est,1725,105.63,3.79,N/D,2176,adsb.lol,2026-10-05
2026-10-05 05:57:37,RYR6547,4d2502,RWY 10,Decollo,Ovest -> Est,1325,103.5,2.61,N/D,1728,adsb.lol,2026-10-05
2026-10-05 05:57:37,RYR85CT,4caf34,N/D,Sorvolo,N/D,5100,274.86,6.78,N/D,2048,adsb.lol,2026-10-05
2026-10-05 05:59:38,RYR6547,4d2502,N/D,Sorvolo,N/D,5050,274.21,5.85,N/D,1024,adsb.lol,2026-10-05
2026-10-05 06:01:40,RYR348J,4ca97a,N/D,Sorvolo,N/D,22500,77.91,6.6,N/D,1792,adsb.lol,2026-10-05
2026-10-05 06:03:41,RYR9MW,4d225b,N/D,Decollo,Rotta 211.5°,2975,211.5,8.03,N/D,2752,adsb.lol,2026-10-05
2026-10-05 06:05:42,RYR45TN,4d21ec,N/D,Decollo,Rotta 191.1°,3000,191.09,7.66,N/D,3008,adsb.lol,2026-10-05
2026-10-05 06:07:43,RYR2261,4d234c,N/D,Decollo,Rotta 160.9°,2475,160.88,7.44,N/D,832,adsb.lol,2026-10-05
2026-10-05 06:09:44,RYR8334,4d23fc,N/D,Decollo,Rotta 170.7°,2600,170.66,7.58,N/D,2304,adsb.lol,2026-10-05
2026-10-05 06:11:46,RYR8334,4d23fc,N/D,Sorvolo,N/D,7175,226.19,13.09,Malta,3328,opensky,2026-10-05
2026-10-05 06:13:47,RYR4311,4cae58,N/D,Decollo,Rotta 212.9°,3325,212.86,8.78,N/D,2816,adsb.lol,2026-10-05
2026-10-05 06:15:48,RYR4311,4cae58,N/D,Sorvolo,N/D,8600,53.84,1.39,N/D,2560,adsb.lol,2026-10-05
2026-10-05 06:17:49,RYR12XM,4cac7f,N/D,Decollo,Rotta 213.8°,3550,213.76,8.9,N/D,2816,adsb.lol,2026-10-05
2026-10-05 06:17:49,SVA131,716ff7,N/D,Sorvolo,N/D,32000,293.13,9.41,N/D,-32,adsb.lol,2026-10-05
2026-10-05 06:19:50,RYR8TT,4d225a,RWY 10,Decollo,Ovest -> Est,2175,105.59,4.74,N/D,1280,adsb.lol,2026-10-05
2026-10-05 06:21:51,RYR5YD,4cafcf,N/D,Sorvolo,N/D,33525,325.01,14.29,N/D,1280,adsb.lol,2026-10-05
2026-10-05 06:21:51,RYR8TT,4d225a,N/D,Sorvolo,N/D,6250,327.84,6.44,N/D,2624,adsb.lol,2026-10-05
2026-10-05 06:23:52,RYR8TT,4d225a,N/D,Sorvolo,N/D,10900,345.92,8.58,N/D,960,adsb.lol,2026-10-05
2026-10-05 06:23:52,RYR85FA,4ca61c,N/D,Sorvolo,N/D,5525,252.37,8.44,N/D,2368,adsb.lol,2026-10-05
2026-10-05 06:25:53,CS5780,501c39,N/D,Decollo,Rotta 198.3°,4725,198.28,8.16,N/D,3008,adsb.lol,2026-10-05
2026-10-05 06:27:54,CS5780,501c39,N/D,Sorvolo,N/D,11325,319.42,10.91,N/D,1856,adsb.lol,2026-10-05
2026-10-05 06:34:00,VOE1784,34761a,N/D,Sorvolo,N/D,25275,285.49,11.05,N/D,1920,adsb.lol,2026-10-05
2026-10-05 06:36:01,RYR46YA,4d2260,N/D,Decollo,Rotta 148.9°,2375,148.95,6.95,N/D,832,adsb.lol,2026-10-05
2026-10-05 06:36:01,DLA3TN,300780,N/D,Sorvolo,N/D,22650,76.44,11.57,N/D,2432,adsb.lol,2026-10-05
2026-10-05 06:38:02,RYR46YA,4d2260,N/D,Sorvolo,N/D,6125,210.86,13.89,N/D,1536,adsb.lol,2026-10-05
2026-10-05 06:46:11,EVA095,899136,N/D,Sorvolo,N/D,18575,270.98,11.19,N/D,-2528,adsb.lol,2026-10-05
2026-10-05 06:48:12,WZZ7WM,471d5a,N/D,Sorvolo,N/D,37000,227.45,14.98,N/D,-64,adsb.lol,2026-10-05
2026-10-05 06:48:12,EVA095,899136,N/D,Sorvolo,N/D,13125,256.5,11.97,N/D,-2208,adsb.lol,2026-10-05
2026-10-05 06:50:13,RYR7GF,4d228f,N/D,Sorvolo,N/D,15375,250.72,10.5,N/D,-2368,adsb.lol,2026-10-05
2026-10-05 06:50:13,RYR27BR,4d22c6,N/D,Sorvolo,N/D,35000,225.19,2.4,N/D,0,adsb.lol,2026-10-05
2026-10-05 06:56:19,WMT6NA,471f5c,N/D,Sorvolo,N/D,2100,285.15,11.03,N/D,-832,adsb.lol,2026-10-05
2026-10-05 06:56:19,RYR76PX,4d23fa,RWY 28,Decollo,Est -> Ovest,1100,282.17,1.53,N/D,2432,adsb.lol,2026-10-05
2026-10-05 06:58:20,WMT6NA,471f5c,RWY 28,Avvicinamento,Est -> Ovest,1075,285.26,5.14,N/D,-768,adsb.lol,2026-10-05
2026-10-05 06:58:20,MASBA,424c9d,N/D,Sorvolo,N/D,10500,172.3,7.6,N/D,-448,adsb.lol,2026-10-05
2026-10-05 06:58:20,RYR76PX,4d23fa,N/D,Sorvolo,N/D,5700,179.76,11.8,N/D,2880,adsb.lol,2026-10-05
2026-10-05 06:58:20,EWG5LC,4d2086,N/D,Sorvolo,N/D,33000,237.53,12.96,N/D,-64,adsb.lol,2026-10-05
2026-10-05 07:00:22,RYR115D,48c128,N/D,Sorvolo,N/D,10075,194.65,11.28,N/D,-1472,adsb.lol,2026-10-05
2026-10-05 07:00:22,WMT743,4d24ae,N/D,Sorvolo,N/D,22775,85.88,12.08,N/D,1280,adsb.lol,2026-10-05
2026-10-05 07:02:24,LHX94M,3c6450,N/D,Sorvolo,N/D,39000,226.66,7.39,N/D,0,adsb.lol,2026-10-05
2026-10-05 07:02:24,RYR99GJ,4d21eb,N/D,Decollo,Rotta 223.1°,3925,223.11,6.84,N/D,1408,adsb.lol,2026-10-05
2026-10-05 07:04:25,RYR2NN,4caeca,N/D,Decollo,Rotta 225.4°,3825,225.44,7.68,N/D,1088,adsb.lol,2026-10-05
2026-10-05 07:04:25,RYR81PR,4ca225,RWY 28,Avvicinamento,Est -> Ovest,1300,284.95,6.6,N/D,-768,adsb.lol,2026-10-05
2026-10-05 07:06:28,RYR81PR,4ca225,RWY 28,Atterraggio,Est -> Ovest,500,284.4,1.85,Ireland,-639,opensky,2026-10-05
2026-10-05 07:08:35,RYR2NN,4caeca,N/D,Sorvolo,N/D,12450,356.0,5.6,N/D,896,adsb.lol,2026-10-05
2026-10-05 07:08:35,RYR31BA,48c124,N/D,Sorvolo,N/D,37000,223.69,8.41,N/D,32,adsb.lol,2026-10-05
2026-10-05 07:08:35,MASBA,424c9d,RWY 28,Avvicinamento,Est -> Ovest,1350,285.38,6.75,N/D,-640,adsb.lol,2026-10-05
2026-10-05 07:10:36,RYR115D,48c128,N/D,Sorvolo,N/D,2350,285.49,12.55,N/D,-960,adsb.lol,2026-10-05
2026-10-05 07:12:37,RYR115D,48c128,RWY 28,Avvicinamento,Est -> Ovest,1050,285.32,5.14,N/D,-768,adsb.lol,2026-10-05
2026-10-05 07:12:37,RYR3TW,4d23fb,RWY 28,Decollo,Est -> Ovest,1950,284.12,3.05,N/D,2432,adsb.lol,2026-10-05
2026-10-05 07:14:38,WMT3131,4d2428,RWY 28,Avvicinamento,Est -> Ovest,1250,284.8,6.08,N/D,-768,adsb.lol,2026-10-05
2026-10-05 07:14:38,RYR9Z,48c2b1,N/D,Sorvolo,N/D,10800,216.99,5.91,N/D,-2368,adsb.lol,2026-10-05
2026-10-05 07:14:38,WMT8DQ,4d20fb,N/D,Sorvolo,N/D,17725,88.55,9.61,N/D,960,adsb.lol,2026-10-05
2026-10-05 07:16:39,RYR9Z,48c2b1,N/D,Sorvolo,N/D,8050,156.66,12.58,N/D,-960,adsb.lol,2026-10-05
2026-10-05 07:18:53,RYR74KW,4caecb,N/D,Decollo,Rotta 225.5°,3525,225.47,6.68,N/D,2112,adsb.lol,2026-10-05
2026-10-05 07:18:53,RYR34FU,4caa5c,RWY 28,Avvicinamento,Est -> Ovest,1075,284.93,5.21,N/D,-960,adsb.lol,2026-10-05
2026-10-05 07:20:55,WZZ194,4d20fd,N/D,Sorvolo,N/D,37025,225.47,2.92,N/D,0,adsb.lol,2026-10-05
2026-10-05 07:20:55,WMT917,4d24c2,RWY 28,Avvicinamento,Est -> Ovest,1875,284.78,9.63,N/D,-512,adsb.lol,2026-10-05
2026-10-05 07:20:55,RYR74KW,4caecb,N/D,Sorvolo,N/D,7050,138.32,14.7,N/D,2496,adsb.lol,2026-10-05
2026-10-05 07:20:55,AUA50E,44082b,N/D,Sorvolo,N/D,13350,79.11,10.41,N/D,2432,adsb.lol,2026-10-05
2026-10-05 07:22:56,RYR982M,4ca7b3,N/D,Decollo,Rotta 223.3°,3450,223.32,6.09,N/D,2304,adsb.lol,2026-10-05
2026-10-05 07:22:56,RYR6LZ,48e9f3,N/D,Sorvolo,N/D,37000,224.26,14.15,N/D,-32,adsb.lol,2026-10-05
2026-10-05 07:22:56,WMT917,4d24c2,RWY 28,Atterraggio,Est -> Ovest,1025,285.55,4.75,N/D,-768,adsb.lol,2026-10-05
2026-10-05 07:22:56,AUA50E,44082b,N/D,Sorvolo,N/D,18225,79.32,11.87,N/D,2240,adsb.lol,2026-10-05
2026-10-05 07:24:58,RYR6LZ,48e9f3,N/D,Sorvolo,N/D,37000,224.07,13.46,N/D,0,adsb.lol,2026-10-05
2026-10-05 07:24:58,DLH05M,502d7d,N/D,Sorvolo,N/D,31000,234.78,12.6,N/D,0,adsb.lol,2026-10-05
2026-10-05 07:24:58,VOE9DD,3481c4,RWY 28,Avvicinamento,Est -> Ovest,1275,285.01,6.35,N/D,-832,adsb.lol,2026-10-05
2026-10-05 07:24:58,THY7YP,4baa52,N/D,Sorvolo,N/D,17725,89.73,3.17,N/D,2048,adsb.lol,2026-10-05
2026-10-05 07:24:58,CVK7120,50808f,N/D,Sorvolo,N/D,22025,67.24,2.88,N/D,49,adsb.lol,2026-10-05
2026-10-05 07:26:59,WZZ5KX,4d2490,N/D,Sorvolo,N/D,2175,285.04,11.56,N/D,-896,adsb.lol,2026-10-05
2026-10-05 07:29:00,WZZ5KX,4d2490,RWY 28,Atterraggio,Est -> Ovest,900,284.96,4.01,N/D,-704,adsb.lol,2026-10-05
2026-10-05 07:31:02,RYR9Z,48c2b1,RWY 28,Avvicinamento,Est -> Ovest,1475,284.89,7.58,N/D,-832,adsb.lol,2026-10-05
2026-10-05 07:31:02,RYR28GH,48c2b7,N/D,Sorvolo,N/D,37000,226.94,11.12,N/D,-32,adsb.lol,2026-10-05
2026-10-05 07:33:03,RYR28CC,4caff7,N/D,Sorvolo,N/D,11400,120.9,11.24,N/D,-1408,adsb.lol,2026-10-05
2026-10-05 07:33:03,RYR7BV,4d22b2,N/D,Sorvolo,N/D,36025,30.64,13.8,N/D,-64,adsb.lol,2026-10-05
2026-10-05 07:33:03,LOT6527,48e95a,N/D,Sorvolo,N/D,39000,226.37,6.99,N/D,-64,adsb.lol,2026-10-05
2026-10-05 07:33:03,EJU62VP,440198,N/D,Sorvolo,N/D,22600,106.67,13.35,N/D,1600,adsb.lol,2026-10-05
2026-10-05 07:35:05,RYR28CC,4caff7,N/D,Sorvolo,N/D,7875,156.91,7.68,N/D,-1984,adsb.lol,2026-10-05
2026-10-05 07:35:05,IJM45G,3cc006,N/D,Sorvolo,N/D,16900,83.29,9.36,N/D,1984,adsb.lol,2026-10-05
2026-10-05 07:37:06,WZZ8PV,4d252a,N/D,Sorvolo,N/D,9200,194.39,10.82,N/D,-1664,adsb.lol,2026-10-05
2026-10-05 07:39:07,JFA14S,4d02b7,N/D,Sorvolo,N/D,20900,209.3,11.11,N/D,-896,adsb.lol,2026-10-05
2026-10-05 07:39:07,RYR56VF,4ca226,N/D,Sorvolo,N/D,2050,285.0,10.92,N/D,-896,adsb.lol,2026-10-05
2026-10-05 07:39:07,RYR68QK,4ca4ee,N/D,Sorvolo,N/D,5100,214.03,11.35,N/D,1792,adsb.lol,2026-10-05
2026-10-05 07:39:07,ENT2TN,4892c0,N/D,Sorvolo,N/D,41000,227.63,13.41,N/D,0,adsb.lol,2026-10-05
2026-10-05 07:41:08,RYR8MA,4cad2b,N/D,Sorvolo,N/D,4350,200.94,10.56,N/D,960,adsb.lol,2026-10-05
2026-10-05 07:41:08,JFA14S,4d02b7,N/D,Sorvolo,N/D,19075,205.75,9.47,N/D,-960,adsb.lol,2026-10-05
2026-10-05 07:41:08,RYR56VF,4ca226,RWY 28,Avvicinamento,Est -> Ovest,1075,284.67,5.28,N/D,-768,adsb.lol,2026-10-05
2026-10-05 07:43:09,RYR28CC,4caff7,RWY 28,Avvicinamento,Est -> Ovest,1825,285.03,9.67,N/D,-1024,adsb.lol,2026-10-05
2026-10-05 07:43:09,RYR8MA,4cad2b,N/D,Sorvolo,N/D,8550,68.24,7.55,N/D,2368,adsb.lol,2026-10-05
2026-10-05 07:45:13,RYR56VF,4ca226,RWY 28,Atterraggio,Est -> Ovest,525,284.31,1.87,Ireland,-639,opensky,2026-10-05
2026-10-05 07:45:13,RYR28CC,4caff7,RWY 28,Atterraggio,Est -> Ovest,525,284.49,1.89,Ireland,-448,opensky,2026-10-05
2026-10-05 07:47:14,WZZ8PV,4d252a,RWY 28,Avvicinamento,Est -> Ovest,1500,284.44,7.6,N/D,-640,adsb.lol,2026-10-05
2026-10-05 07:47:14,EJU81CR,440ca9,N/D,Sorvolo,N/D,37650,335.57,14.79,N/D,-704,adsb.lol,2026-10-05
2026-10-05 07:49:16,WZZ8PV,4d252a,RWY 28,Atterraggio,Est -> Ovest,525,284.85,1.87,Malta,-576,opensky,2026-10-05
2026-10-05 07:49:16,RYR28CC,4caff7,RWY 28,Atterraggio,Est -> Ovest,525,284.49,1.89,Ireland,-448,opensky,2026-10-05
2026-10-05 07:51:17,WMT1ZK,4d2534,N/D,Sorvolo,N/D,20425,270.71,5.12,N/D,-1344,adsb.lol,2026-10-05
2026-10-05 07:53:18,THA940,8852e3,N/D,Sorvolo,N/D,22175,271.34,4.31,N/D,-576,adsb.lol,2026-10-05
2026-10-05 07:53:18,CPA233,780a89,N/D,Sorvolo,N/D,16075,271.3,7.55,N/D,-2240,adsb.lol,2026-10-05
2026-10-05 07:55:19,WZZ247,471f9f,N/D,Sorvolo,N/D,20775,270.53,6.96,N/D,-1472,adsb.lol,2026-10-05
2026-10-05 07:55:19,CPA233,780a89,N/D,Sorvolo,N/D,15000,269.62,12.21,N/D,0,adsb.lol,2026-10-05
2026-10-05 07:57:20,RYR86XQ,4ca225,RWY 28,Decollo,Est -> Ovest,1425,269.66,2.03,N/D,2688,adsb.lol,2026-10-05
2026-10-05 07:57:20,WZZ247,471f9f,N/D,Sorvolo,N/D,18250,270.18,13.54,N/D,-1280,adsb.lol,2026-10-05
2026-10-05 07:59:21,RYR86XQ,4ca225,N/D,Sorvolo,N/D,5825,147.93,10.94,N/D,960,adsb.lol,2026-10-05
2026-10-05 08:01:22,RYR80WD,48c128,RWY 28,Decollo,Est -> Ovest,1550,254.38,2.53,N/D,2368,adsb.lol,2026-10-05
2026-10-05 08:03:23,RYR80WD,48c128,N/D,Sorvolo,N/D,5575,225.19,13.38,N/D,1536,adsb.lol,2026-10-05
2026-10-05 08:03:23,ASL68Z,4c0260,N/D,Sorvolo,N/D,34000,277.51,14.73,N/D,0,adsb.lol,2026-10-05
2026-10-05 08:05:24,ITY450,300a3a,N/D,Sorvolo,N/D,16800,85.25,13.37,N/D,1888,adsb.lol,2026-10-05
2026-10-05 08:05:24,RYR80WD,48c128,N/D,Sorvolo,N/D,9675,74.05,11.97,N/D,1024,adsb.lol,2026-10-05
2026-10-05 08:05:24,ASL68Z,4c0260,N/D,Sorvolo,N/D,34000,277.35,14.67,N/D,0,adsb.lol,2026-10-05
2026-10-05 08:05:24,WMT775,471f5c,N/D,Decollo,Rotta 223.1°,4800,223.14,9.9,N/D,1344,adsb.lol,2026-10-05
2026-10-05 08:11:30,ASL58V,451d86,N/D,Sorvolo,N/D,21000,271.37,5.35,N/D,-64,adsb.lol,2026-10-05
2026-10-05 08:15:34,RYR5XE,4ca9ec,N/D,Sorvolo,N/D,21975,271.85,13.88,N/D,-1984,adsb.lol,2026-10-05
2026-10-05 08:17:35,AUA373Z,440052,N/D,Sorvolo,N/D,35025,240.08,5.42,N/D,0,adsb.lol,2026-10-05
2026-10-05 08:17:35,RYR5JJ,4d228f,N/D,Sorvolo,N/D,18350,89.86,9.38,N/D,1984,adsb.lol,2026-10-05
2026-10-05 08:17:35,WMT2PY,471f3d,N/D,Sorvolo,N/D,20300,84.57,12.82,N/D,2112,adsb.lol,2026-10-05
2026-10-05 08:19:36,RYR8XV,4d222b,N/D,Decollo,Rotta 201.2°,4025,201.19,8.38,N/D,896,adsb.lol,2026-10-05
2026-10-05 08:21:37,RYR5KU,48c2b1,N/D,Sorvolo,N/D,5125,167.85,10.39,N/D,3072,adsb.lol,2026-10-05
2026-10-05 08:21:37,GER105,3c1aeb,RWY 28,Decollo,Est -> Ovest,1275,276.03,1.64,N/D,2304,adsb.lol,2026-10-05
2026-10-05 08:21:37,RYR8XV,4d222b,N/D,Sorvolo,N/D,8000,115.86,14.41,N/D,2944,adsb.lol,2026-10-05
2026-10-05 08:23:38,RYR30DK,48c1a4,N/D,Sorvolo,N/D,11400,217.06,9.8,N/D,-832,adsb.lol,2026-10-05
2026-10-05 08:23:38,RYR90WG,4d2303,N/D,Sorvolo,N/D,10500,132.29,7.45,N/D,-704,adsb.lol,2026-10-05
2026-10-05 08:23:38,GER105,3c1aeb,N/D,Sorvolo,N/D,4975,225.18,12.52,N/D,2176,adsb.lol,2026-10-05
2026-10-05 08:23:38,RYR5KU,48c2b1,N/D,Sorvolo,N/D,9475,78.42,10.53,N/D,3008,adsb.lol,2026-10-05
2026-10-05 08:25:39,WZZ6779,4d2490,N/D,Decollo,Rotta 220.1°,3925,220.14,6.49,N/D,1664,adsb.lol,2026-10-05
2026-10-05 08:25:39,THY9FP,4bb0f4,N/D,Sorvolo,N/D,18100,271.64,7.06,N/D,-2816,adsb.lol,2026-10-05
2026-10-05 08:25:39,RYR30DK,48c1a4,N/D,Sorvolo,N/D,8675,156.75,9.83,N/D,-1280,adsb.lol,2026-10-05
2026-10-05 08:27:40,NJE5EG,494118,N/D,Sorvolo,N/D,23450,98.7,10.4,N/D,2624,adsb.lol,2026-10-05
2026-10-05 08:27:40,WZZ6779,4d2490,N/D,Sorvolo,N/D,7950,99.97,12.49,N/D,1728,adsb.lol,2026-10-05
2026-10-05 08:27:40,RYR1AP,4caa5c,N/D,Decollo,Rotta 225.7°,4000,225.67,8.53,N/D,1600,adsb.lol,2026-10-05
2026-10-05 08:31:44,VOE3511,3481c4,RWY 28,Decollo,Est -> Ovest,1200,279.76,1.56,N/D,2752,adsb.lol,2026-10-05
2026-10-05 08:31:44,RYR90WG,4d2303,RWY 28,Avvicinamento,Est -> Ovest,1325,285.16,6.75,N/D,-832,adsb.lol,2026-10-05
2026-10-05 08:31:44,WMT3662,4d24c2,N/D,Sorvolo,N/D,4850,224.02,10.37,N/D,1280,adsb.lol,2026-10-05
2026-10-05 08:33:45,VOE3511,3481c4,N/D,Sorvolo,N/D,4575,214.1,11.7,N/D,1280,adsb.lol,2026-10-05
2026-10-05 08:33:45,RYR30DK,48c1a4,N/D,Sorvolo,N/D,2550,284.85,13.89,N/D,-1024,adsb.lol,2026-10-05
2026-10-05 08:35:46,RYR30DK,48c1a4,RWY 28,Avvicinamento,Est -> Ovest,1100,284.88,5.33,N/D,-768,adsb.lol,2026-10-05
2026-10-05 08:37:48,RYR90WG,4d2303,RWY 28,Atterraggio,Est -> Ovest,500,284.86,1.97,Malta,-767,opensky,2026-10-05
2026-10-05 08:37:48,RYR30DK,48c1a4,RWY 28,Atterraggio,Est -> Ovest,500,284.51,1.88,Poland,-639,opensky,2026-10-05
2026-10-05 08:39:49,VLG9PX,3451d5,N/D,Sorvolo,N/D,34025,38.89,13.21,N/D,32,adsb.lol,2026-10-05
2026-10-05 08:39:49,JFA90Q,4d02b3,N/D,Sorvolo,N/D,11475,148.84,2.17,N/D,-1856,adsb.lol,2026-10-05
2026-10-05 08:39:49,RYR98RD,4ca226,N/D,Decollo,Rotta 225.2°,4000,225.22,6.94,N/D,1280,adsb.lol,2026-10-05
2026-10-05 08:41:50,DLH2VC,3c66a5,N/D,Sorvolo,N/D,15175,211.7,9.3,N/D,-2432,adsb.lol,2026-10-05
2026-10-05 08:41:50,ICNTF,3007af,RWY 10,Avvicinamento,Ovest -> Est,2500,99.59,6.83,N/D,448,adsb.lol,2026-10-05
2026-10-05 08:43:51,ICNTF,3007af,RWY 10,Avvicinamento,Ovest -> Est,2700,70.46,7.97,N/D,-128,adsb.lol,2026-10-05
2026-10-05 08:43:51,VLG50NK,345204,N/D,Sorvolo,N/D,36000,319.06,7.47,N/D,-128,adsb.lol,2026-10-05
2026-10-05 08:43:51,RYR517,4ca809,N/D,Sorvolo,N/D,11225,120.76,5.11,N/D,-1920,adsb.lol,2026-10-05
2026-10-05 08:43:51,DLH2VC,3c66a5,N/D,Sorvolo,N/D,12550,208.57,14.25,N/D,-2496,adsb.lol,2026-10-05
2026-10-05 08:45:52,JFA90Q,4d02b3,N/D,Sorvolo,N/D,2125,285.29,11.3,N/D,-896,adsb.lol,2026-10-05
2026-10-05 08:45:52,RYR517,4ca809,N/D,Sorvolo,N/D,7925,156.98,14.02,N/D,-1856,adsb.lol,2026-10-05
2026-10-05 08:45:52,ICNTF,3007af,N/D,Sorvolo,N/D,3000,92.76,12.57,N/D,512,adsb.lol,2026-10-05
2026-10-05 08:47:53,JFA90Q,4d02b3,RWY 28,Avvicinamento,Est -> Ovest,1075,284.04,5.27,N/D,-704,adsb.lol,2026-10-05
2026-10-05 08:49:54,EJU5088,440ccc,N/D,Sorvolo,N/D,23975,84.02,9.02,N/D,1824,adsb.lol,2026-10-05
2026-10-05 08:51:55,RYR517,4ca809,RWY 28,Avvicinamento,Est -> Ovest,1475,285.1,7.59,N/D,-896,adsb.lol,2026-10-05
2026-10-05 08:51:55,MASBA,424c9d,N/D,Sorvolo,N/D,6100,225.0,7.73,N/D,3136,adsb.lol,2026-10-05
2026-10-05 08:53:56,RYR4UL,4caff7,N/D,Sorvolo,N/D,4925,225.19,10.64,N/D,3264,adsb.lol,2026-10-05
2026-10-05 08:53:56,MASBA,424c9d,N/D,Sorvolo,N/D,12125,77.74,8.72,N/D,3072,adsb.lol,2026-10-05
2026-10-05 08:53:56,THY2WM,4bb284,N/D,Sorvolo,N/D,34000,276.2,13.62,N/D,0,adsb.lol,2026-10-05
2026-10-05 08:55:57,ETD919,896357,N/D,Sorvolo,N/D,36000,282.6,4.2,N/D,0,adsb.lol,2026-10-05
2026-10-05 08:55:57,RYR340A,4cae6d,N/D,Decollo,Rotta 224.8°,2575,224.76,4.47,N/D,2624,adsb.lol,2026-10-05
2026-10-05 08:55:57,RYR4UL,4caff7,N/D,Sorvolo,N/D,9825,62.08,14.78,N/D,1088,adsb.lol,2026-10-05
2026-10-05 08:55:57,THY2WM,4bb284,N/D,Sorvolo,N/D,34025,275.88,11.88,N/D,0,adsb.lol,2026-10-05
2026-10-05 08:57:58,RYR4UL,4caff7,N/D,Sorvolo,N/D,14075,65.25,14.07,N/D,2240,adsb.lol,2026-10-05
2026-10-05 09:04:05,WMT3132,4d2428,N/D,Sorvolo,N/D,5375,223.75,11.39,N/D,2688,adsb.lol,2026-10-05
2026-10-05 09:06:06,EJU57RF,44064a,N/D,Sorvolo,N/D,36025,41.09,8.82,N/D,64,adsb.lol,2026-10-05
2026-10-05 09:10:10,LOT341,48af12,N/D,Sorvolo,N/D,35000,218.44,9.2,N/D,32,adsb.lol,2026-10-05
2026-10-05 09:10:10,RYR1KY,4cae48,N/D,Decollo,Rotta 224.1°,2325,224.05,4.14,N/D,2304,adsb.lol,2026-10-05
2026-10-05 09:10:10,NJE668W,493292,N/D,Sorvolo,N/D,36000,273.89,9.75,N/D,0,adsb.lol,2026-10-05
2026-10-05 09:12:11,RYR1KY,4cae48,N/D,Sorvolo,N/D,5650,154.12,14.59,N/D,896,adsb.lol,2026-10-05
2026-10-05 09:12:11,WMT4HK,4d2022,N/D,Sorvolo,N/D,16375,276.55,3.44,N/D,-2496,adsb.lol,2026-10-05
2026-10-05 09:12:11,NJE6WA,493295,N/D,Sorvolo,N/D,20400,84.98,11.51,N/D,960,adsb.lol,2026-10-05
2026-10-05 09:16:14,SWU1989,4d23ef,RWY 28,Decollo,Est -> Ovest,1800,259.85,1.64,N/D,1920,adsb.lol,2026-10-05
2026-10-05 09:18:15,SWU1989,4d23ef,N/D,Sorvolo,N/D,7700,225.86,12.79,N/D,2496,adsb.lol,2026-10-05
2026-10-05 09:20:16,RYR9017,48c2b2,N/D,Sorvolo,N/D,39000,237.45,8.32,N/D,-192,adsb.lol,2026-10-05
2026-10-05 09:20:16,RYR54TQ,4d225a,N/D,Sorvolo,N/D,11575,121.22,5.9,N/D,-1344,adsb.lol,2026-10-05
2026-10-05 09:20:16,MEA235,500205,N/D,Sorvolo,N/D,18500,270.28,7.06,N/D,-3072,adsb.lol,2026-10-05
2026-10-05 09:22:17,RYR90EJ,4d225b,RWY 28,Avvicinamento,Est -> Ovest,1125,285.69,5.56,N/D,-832,adsb.lol,2026-10-05
2026-10-05 09:22:17,RYR54TQ,4d225a,N/D,Sorvolo,N/D,9275,156.78,12.2,N/D,-1856,adsb.lol,2026-10-05
2026-10-05 09:24:20,RYR90EJ,4d225b,RWY 28,Atterraggio,Est -> Ovest,500,284.8,1.84,Malta,-639,opensky,2026-10-05
2026-10-05 09:26:21,SWR8MB,4b0295,N/D,Sorvolo,N/D,29000,149.26,8.59,N/D,-64,adsb.lol,2026-10-05
2026-10-05 09:28:22,RYR765L,4d21ec,RWY 28,Avvicinamento,Est -> Ovest,1275,284.73,6.47,N/D,-832,adsb.lol,2026-10-05
2026-10-05 09:30:23,RYR54TQ,4d225a,RWY 28,Avvicinamento,Est -> Ovest,1600,284.36,8.39,N/D,-896,adsb.lol,2026-10-05
2026-10-05 09:32:24,RYR87RR,4d21eb,N/D,Sorvolo,N/D,2025,285.72,10.93,N/D,-960,adsb.lol,2026-10-05
2026-10-05 09:32:24,RYR54TQ,4d225a,RWY 28,Atterraggio,Est -> Ovest,550,284.62,2.3,N/D,-640,adsb.lol,2026-10-05
2026-10-05 09:34:25,RYR87RR,4d21eb,RWY 28,Atterraggio,Est -> Ovest,575,284.7,2.47,N/D,-704,adsb.lol,2026-10-05
2026-10-05 09:36:26,RYR97KC,4d2260,RWY 28,Avvicinamento,Est -> Ovest,1200,284.51,5.96,N/D,-832,adsb.lol,2026-10-05
2026-10-05 09:38:27,RYR3BY,4cadfd,N/D,Sorvolo,N/D,2325,285.0,12.49,N/D,-960,adsb.lol,2026-10-05
2026-10-05 09:40:28,RYR2DL,48e9f2,N/D,Decollo,Rotta 224.0°,4525,223.97,7.07,N/D,1216,adsb.lol,2026-10-05
2026-10-05 09:40:28,RYR3BY,4cadfd,RWY 28,Atterraggio,Est -> Ovest,800,285.08,3.7,N/D,-768,adsb.lol,2026-10-05
2026-10-05 09:42:29,RYR2DL,48e9f2,N/D,Sorvolo,N/D,10125,78.88,8.82,N/D,3456,adsb.lol,2026-10-05
2026-10-05 09:42:29,RYR11CV,4cac7f,RWY 28,Avvicinamento,Est -> Ovest,1625,284.52,8.61,N/D,-896,adsb.lol,2026-10-05
2026-10-05 09:42:29,AHY035,4246b4,N/D,Sorvolo,N/D,18750,259.32,7.12,N/D,-1024,adsb.lol,2026-10-05
2026-10-05 09:42:29,WZZ6152,471f9f,N/D,Sorvolo,N/D,21975,112.94,5.14,N/D,1088,adsb.lol,2026-10-05
2026-10-05 09:44:30,RYR268Q,4ca809,RWY 28,Decollo,Est -> Ovest,3950,259.47,7.53,N/D,704,adsb.lol,2026-10-05
2026-10-05 09:44:30,NJE611L,490d08,N/D,Sorvolo,N/D,43000,326.97,14.29,N/D,64,adsb.lol,2026-10-05
2026-10-05 09:46:31,MATTI,43eaad,N/D,Sorvolo,N/D,12250,204.15,3.51,N/D,-1472,adsb.lol,2026-10-05
2026-10-05 09:46:31,RAM241S,0200ae,N/D,Sorvolo,N/D,37000,222.19,9.28,N/D,-160,adsb.lol,2026-10-05
2026-10-05 09:48:33,MATTI,43eaad,N/D,Sorvolo,N/D,9400,203.9,14.93,United Kingdom,-960,opensky,2026-10-05
2026-10-05 09:48:33,RYR11CV,4cac7f,RWY 28,Atterraggio,Est -> Ovest,475,284.7,1.85,Ireland,-511,opensky,2026-10-05
2026-10-05 09:56:42,MPC001,4c31e2,N/D,Sorvolo,N/D,21150,121.85,4.6,N/D,1984,adsb.lol,2026-10-05
2026-10-05 09:56:42,NSZ4378,4aca87,N/D,Sorvolo,N/D,25825,75.61,10.88,N/D,1664,adsb.lol,2026-10-05
2026-10-05 09:56:42,RYR70PH,4caeca,N/D,Sorvolo,N/D,11850,150.84,12.06,N/D,-832,adsb.lol,2026-10-05
2026-10-05 09:58:43,WZZ488R,4d252a,N/D,Sorvolo,N/D,5050,223.94,11.17,N/D,1728,adsb.lol,2026-10-05
2026-10-05 09:58:43,HAF356Z,abf486,N/D,Sorvolo,N/D,24000,305.26,13.69,N/D,32,adsb.lol,2026-10-05
2026-10-05 10:00:45,HAF356Z,abf486,N/D,Sorvolo,N/D,24000,305.28,2.72,N/D,0,adsb.lol,2026-10-05
2026-10-05 10:02:46,ASL16G,451d86,N/D,Sorvolo,N/D,16575,86.32,12.71,N/D,2432,adsb.lol,2026-10-05
2026-10-05 10:02:46,WZZ488R,4d252a,N/D,Sorvolo,N/D,14325,40.79,14.13,N/D,1984,adsb.lol,2026-10-05
2026-10-05 10:04:47,ASL16G,451d86,N/D,Sorvolo,N/D,21500,111.17,14.25,N/D,2176,adsb.lol,2026-10-05
2026-10-05 10:04:47,RYR46WQ,4d2303,RWY 28,Decollo,Est -> Ovest,1275,278.08,1.99,N/D,2368,adsb.lol,2026-10-05
2026-10-05 10:06:48,RYR46WQ,4d2303,N/D,Sorvolo,N/D,5275,267.15,13.62,N/D,2176,adsb.lol,2026-10-05
2026-10-05 10:06:48,RYR33FG,4d234c,RWY 28,Avvicinamento,Est -> Ovest,1375,284.65,6.45,N/D,-640,adsb.lol,2026-10-05
2026-10-05 10:08:48,RYR70PH,4caeca,N/D,Sorvolo,N/D,2000,284.04,10.32,N/D,-832,adsb.lol,2026-10-05
2026-10-05 10:10:49,RYR70PH,4caeca,RWY 28,Avvicinamento,Est -> Ovest,1050,284.51,5.3,N/D,-768,adsb.lol,2026-10-05
2026-10-05 10:10:49,RYR98ML,4ca61c,N/D,Sorvolo,N/D,11500,111.25,6.64,N/D,-1280,adsb.lol,2026-10-05
2026-10-05 10:12:50,DLH2YN,3c66a5,N/D,Sorvolo,N/D,11425,77.84,7.73,N/D,1664,adsb.lol,2026-10-05
2026-10-05 10:12:50,MAR5108,46b434,N/D,Sorvolo,N/D,2200,285.88,11.97,N/D,-832,adsb.lol,2026-10-05
2026-10-05 10:12:50,RYR98ML,4ca61c,N/D,Sorvolo,N/D,9400,156.63,13.25,N/D,-128,adsb.lol,2026-10-05
2026-10-05 10:14:51,MAR5108,46b434,RWY 28,Avvicinamento,Est -> Ovest,900,286.0,5.4,N/D,0,adsb.lol,2026-10-05
2026-10-05 10:14:51,RYR2WZ,4d225b,N/D,Decollo,Rotta 225.0°,4225,225.0,9.82,N/D,1280,adsb.lol,2026-10-05
2026-10-05 10:14:51,RYR7FX,4d23fb,N/D,Sorvolo,N/D,11025,146.41,3.31,N/D,-1984,adsb.lol,2026-10-05
2026-10-05 10:16:52,RYR26TC,4d23fc,RWY 28,Avvicinamento,Est -> Ovest,1600,285.26,7.92,N/D,-960,adsb.lol,2026-10-05
2026-10-05 10:16:52,ICNTM,3009fd,N/D,Sorvolo,N/D,1650,52.64,10.27,N/D,0,adsb.lol,2026-10-05
2026-10-05 10:18:53,ICNTM,3009fd,N/D,Sorvolo,N/D,925,154.11,10.36,N/D,-640,adsb.lol,2026-10-05
2026-10-05 10:18:53,RYR98ML,4ca61c,N/D,Sorvolo,N/D,2575,285.12,13.72,N/D,-1088,adsb.lol,2026-10-05
2026-10-05 10:18:53,MYJ760,4a1272,N/D,Sorvolo,N/D,19900,91.37,10.2,N/D,3008,adsb.lol,2026-10-05
2026-10-05 10:20:54,NJE975F,494104,N/D,Sorvolo,N/D,20075,63.28,8.35,N/D,2624,adsb.lol,2026-10-05
2026-10-05 10:20:54,RYR98ML,4ca61c,RWY 28,Avvicinamento,Est -> Ovest,1075,285.57,5.23,N/D,-832,adsb.lol,2026-10-05
2026-10-05 10:22:55,ICNTM,3009fd,N/D,Sorvolo,N/D,1300,115.41,10.48,N/D,-1536,adsb.lol,2026-10-05
2026-10-05 10:22:55,RYR7FX,4d23fb,N/D,Sorvolo,N/D,2025,285.28,10.58,N/D,-960,adsb.lol,2026-10-05
2026-10-05 10:24:56,RYR7FX,4d23fb,RWY 28,Avvicinamento,Est -> Ovest,1125,284.88,5.34,N/D,-832,adsb.lol,2026-10-05
2026-10-05 10:24:56,VJT449,4d2149,N/D,Sorvolo,N/D,22650,81.19,10.91,N/D,4096,adsb.lol,2026-10-05
2026-10-05 10:24:56,VOE58UJ,346043,N/D,Sorvolo,N/D,33050,75.65,11.93,N/D,-896,adsb.lol,2026-10-05
2026-10-05 10:26:57,ICNTM,3009fd,N/D,Sorvolo,N/D,1450,190.76,11.0,N/D,-128,adsb.lol,2026-10-05
2026-10-05 10:28:58,RYR52XB,4d23fa,N/D,Sorvolo,N/D,9075,185.16,9.84,N/D,-1024,adsb.lol,2026-10-05
2026-10-05 10:28:58,AEZ2911,4d207a,N/D,Sorvolo,N/D,11825,97.67,10.87,N/D,320,adsb.lol,2026-10-05
2026-10-05 10:28:58,RYR21FQ,4d2260,N/D,Decollo,Rotta 225.9°,4550,225.9,7.84,N/D,768,adsb.lol,2026-10-05
2026-10-05 10:28:58,ICNTM,3009fd,N/D,Avvicinamento,Rotta 14.0°,925,14.04,9.85,N/D,-448,adsb.lol,2026-10-05
2026-10-05 10:30:59,AEZ2911,4d207a,N/D,Sorvolo,N/D,13700,99.51,11.58,N/D,832,adsb.lol,2026-10-05
2026-10-05 10:30:59,RYR431F,4d21ec,N/D,Decollo,Rotta 224.1°,3150,224.06,5.71,N/D,2496,adsb.lol,2026-10-05
2026-10-05 10:30:59,UNKNOWN,3009fd,N/D,Sorvolo,N/D,1425,200.49,11.64,N/D,-128,adsb.lol,2026-10-05
2026-10-05 10:33:00,RYR59TN,4cac23,RWY 28,Avvicinamento,Est -> Ovest,1875,284.87,9.75,N/D,-960,adsb.lol,2026-10-05
2026-10-05 10:33:00,ICNTM,3009fd,N/D,Avvicinamento,Rotta 22.8°,925,22.75,9.92,N/D,-704,adsb.lol,2026-10-05
2026-10-05 10:33:00,RYR6MQ,4d21eb,N/D,Decollo,Rotta 220.5°,3775,220.5,6.6,N/D,2432,adsb.lol,2026-10-05
2026-10-05 10:35:01,ITY451,300a3a,N/D,Sorvolo,N/D,12000,212.5,6.1,N/D,64,adsb.lol,2026-10-05
2026-10-05 10:37:02,RYR29GX,4cac7f,RWY 28,Decollo,Est -> Ovest,1250,274.42,1.93,N/D,2560,adsb.lol,2026-10-05
2026-10-05 10:37:02,PGT82MC,4bc856,RWY 28,Avvicinamento,Est -> Ovest,1700,284.91,9.06,N/D,-768,adsb.lol,2026-10-05
2026-10-05 10:39:03,RYR29GX,4cac7f,N/D,Sorvolo,N/D,5950,204.09,13.94,N/D,2688,adsb.lol,2026-10-05
2026-10-05 10:41:04,RYR52XB,4d23fa,RWY 28,Avvicinamento,Est -> Ovest,1300,285.05,6.37,N/D,-896,adsb.lol,2026-10-05
2026-10-05 10:41:04,RYR29GX,4cac7f,N/D,Sorvolo,N/D,10625,359.58,8.25,N/D,1088,adsb.lol,2026-10-05
2026-10-05 10:43:05,RYR29GX,4cac7f,N/D,Sorvolo,N/D,14000,0.51,11.81,N/D,-32,adsb.lol,2026-10-05
2026-10-05 10:43:05,RYR41WY,4cadfd,N/D,Sorvolo,N/D,5750,225.37,12.53,N/D,1728,adsb.lol,2026-10-05
2026-10-05 10:45:06,RYR19VQ,4d225d,RWY 28,Decollo,Est -> Ovest,3700,265.65,5.36,N/D,2816,adsb.lol,2026-10-05
2026-10-05 10:45:06,RYR9JX,4ca7b3,RWY 28,Avvicinamento,Est -> Ovest,1150,284.6,5.45,N/D,-896,adsb.lol,2026-10-05
2026-10-05 10:47:07,IMLTY,3007b7,N/D,Sorvolo,N/D,3000,114.84,12.0,N/D,448,adsb.lol,2026-10-05
2026-10-05 10:49:08,RYR6YV,4d225a,N/D,Decollo,Rotta 223.6°,3125,223.58,5.43,N/D,2368,adsb.lol,2026-10-05
2026-10-05 10:49:08,IMLTY,3007b7,N/D,Sorvolo,N/D,2825,118.79,10.82,N/D,-128,adsb.lol,2026-10-05
2026-10-05 10:51:09,RYR6YV,4d225a,N/D,Sorvolo,N/D,7700,70.5,11.62,N/D,2816,adsb.lol,2026-10-05
2026-10-05 10:51:09,RYR96XP,4caf34,N/D,Sorvolo,N/D,10975,125.99,10.58,N/D,-128,adsb.lol,2026-10-05
2026-10-05 10:51:09,IMLTY,3007b7,N/D,Sorvolo,N/D,2975,0.0,11.38,N/D,0,adsb.lol,2026-10-05
2026-10-05 10:51:09,LOT437,48af0e,N/D,Sorvolo,N/D,39000,224.73,1.32,N/D,0,adsb.lol,2026-10-05
2026-10-05 10:53:10,RYR96XP,4caf34,N/D,Sorvolo,N/D,10325,163.5,10.16,N/D,-1280,adsb.lol,2026-10-05
2026-10-05 10:53:10,IMLTY,3007b7,N/D,Sorvolo,N/D,3400,292.08,10.71,N/D,832,adsb.lol,2026-10-05
2026-10-05 10:53:10,RYR6YV,4d225a,N/D,Sorvolo,N/D,11500,67.32,12.77,N/D,2560,adsb.lol,2026-10-05
2026-10-05 10:55:11,IMLTY,3007b7,N/D,Sorvolo,N/D,3150,291.64,14.01,N/D,-640,adsb.lol,2026-10-05
2026-10-05 10:57:21,RYR6833,4d21f7,N/D,Sorvolo,N/D,35000,140.74,9.09,N/D,-64,adsb.lol,2026-10-05
2026-10-05 10:59:22,EJU13BR,44061c,N/D,Sorvolo,N/D,37975,64.01,13.77,N/D,0,adsb.lol,2026-10-05
2026-10-05 10:59:22,AUA52HS,440667,N/D,Sorvolo,N/D,13500,81.96,7.5,N/D,2304,adsb.lol,2026-10-05
2026-10-05 10:59:22,EZS19BN,4b1a1d,N/D,Sorvolo,N/D,37950,276.69,11.55,N/D,-32,adsb.lol,2026-10-05
2026-10-05 11:01:23,RYR394R,4d234c,N/D,Decollo,Rotta 223.6°,3350,223.59,6.24,N/D,2496,adsb.lol,2026-10-05
2026-10-05 11:01:23,VM205,ae29fc,N/D,Sorvolo,N/D,27000,140.98,10.08,N/D,-64,adsb.lol,2026-10-05
2026-10-05 11:01:23,RYR96XP,4caf34,RWY 28,Avvicinamento,Est -> Ovest,1525,284.84,7.6,N/D,-896,adsb.lol,2026-10-05
2026-10-05 11:03:26,RYR96XP,4caf34,RWY 28,Atterraggio,Est -> Ovest,475,284.74,1.92,Ireland,-960,opensky,2026-10-05
2026-10-05 11:05:28,RYR96XP,4caf34,N/D,Atterraggio,Rotta 137.4°,475,137.41,1.92,Ireland,-1791,opensky,2026-10-05
2026-10-05 11:07:29,LOT1KJ,48ae86,N/D,Sorvolo,N/D,21750,88.45,13.24,N/D,1856,adsb.lol,2026-10-05
2026-10-05 11:07:29,RYR899T,4d23fc,RWY 28,Decollo,Est -> Ovest,1250,276.49,1.75,N/D,2560,adsb.lol,2026-10-05
2026-10-05 11:09:30,RYR899T,4d23fc,N/D,Sorvolo,N/D,5775,225.16,13.2,N/D,1024,adsb.lol,2026-10-05
2026-10-05 11:09:30,RYR1JK,4ca804,N/D,Sorvolo,N/D,11675,194.13,14.39,N/D,-1088,adsb.lol,2026-10-05
2026-10-05 11:11:51,RYR1JK,4ca804,N/D,Sorvolo,N/D,8300,191.27,14.47,N/D,-1536,adsb.lol,2026-10-05
2026-10-05 11:11:51,RBG542,010255,RWY 28,Avvicinamento,Est -> Ovest,1375,284.98,6.93,N/D,-768,adsb.lol,2026-10-05
2026-10-05 11:11:51,ICNTF,3007af,N/D,Avvicinamento,Rotta 239.6°,2400,239.57,9.51,N/D,-256,adsb.lol,2026-10-05
2026-10-05 11:13:52,ICNTF,3007af,RWY 28,Avvicinamento,Est -> Ovest,2000,258.08,6.09,N/D,-256,adsb.lol,2026-10-05
2026-10-05 11:13:52,THY3ES,4bb0f4,N/D,Sorvolo,N/D,25700,126.52,6.28,N/D,1472,adsb.lol,2026-10-05
2026-10-05 11:15:53,RYR45MK,4caeca,N/D,Decollo,Rotta 220.4°,2775,220.39,4.78,N/D,2624,adsb.lol,2026-10-05
2026-10-05 11:15:53,AUA67Q,44008f,N/D,Sorvolo,N/D,37000,227.26,12.72,N/D,0,adsb.lol,2026-10-05
2026-10-05 11:15:53,ICNTF,3007af,RWY 28,Avvicinamento,Est -> Ovest,1700,256.91,8.57,N/D,0,adsb.lol,2026-10-05
2026-10-05 11:15:53,RYR1EA,4ca893,N/D,Sorvolo,N/D,37000,144.09,13.03,N/D,0,adsb.lol,2026-10-05
2026-10-05 11:18:05,RYR1JK,4ca804,RWY 28,Avvicinamento,Est -> Ovest,1725,284.91,8.75,N/D,-704,adsb.lol,2026-10-05
2026-10-05 11:18:05,RYR207V,4ca61c,N/D,Decollo,Rotta 223.4°,3475,223.42,5.15,N/D,2368,adsb.lol,2026-10-05
2026-10-05 11:18:05,NJE856H,493291,N/D,Sorvolo,N/D,30950,88.91,13.59,N/D,2048,adsb.lol,2026-10-05
2026-10-05 11:18:05,ICNTF,3007af,N/D,Sorvolo,N/D,1200,161.27,10.81,N/D,-512,adsb.lol,2026-10-05
2026-10-05 11:20:26,RYR207V,4ca61c,N/D,Sorvolo,N/D,9600,77.05,9.2,N/D,2752,adsb.lol,2026-10-05
2026-10-05 11:22:26,MEA236,500205,N/D,Sorvolo,N/D,21575,117.8,10.5,N/D,1536,adsb.lol,2026-10-05
2026-10-05 11:22:26,RYR84CE,4d23fb,N/D,Decollo,Rotta 225.2°,2700,225.23,4.67,N/D,2112,adsb.lol,2026-10-05
2026-10-05 11:24:27,CFE603,40799c,N/D,Sorvolo,N/D,37000,163.27,12.08,N/D,-64,adsb.lol,2026-10-05
2026-10-05 11:24:27,RYR84CE,4d23fb,N/D,Sorvolo,N/D,6975,79.51,7.91,N/D,2688,adsb.lol,2026-10-05
2026-10-05 11:26:29,RYR84CE,4d23fb,N/D,Sorvolo,N/D,12250,35.66,12.29,N/D,2496,adsb.lol,2026-10-05
2026-10-05 11:26:29,IJALU,3004fc,N/D,Sorvolo,N/D,1750,277.29,13.43,N/D,0,adsb.lol,2026-10-05
2026-10-05 11:28:29,IJALU,3004fc,RWY 28,Avvicinamento,Est -> Ovest,1775,271.82,9.69,N/D,-64,adsb.lol,2026-10-05
2026-10-05 11:30:30,IJALU,3004fc,N/D,Sorvolo,N/D,1800,279.54,11.28,N/D,64,adsb.lol,2026-10-05
2026-10-05 11:32:31,RYR98WH,4d23fa,N/D,Sorvolo,N/D,4900,175.47,10.15,N/D,1152,adsb.lol,2026-10-05
2026-10-05 11:32:31,SAS63Z,4cad88,N/D,Sorvolo,N/D,21800,202.55,4.45,N/D,-1792,adsb.lol,2026-10-05
2026-10-05 11:34:32,WZZ573,471fad,N/D,Sorvolo,N/D,37000,217.02,10.8,N/D,0,adsb.lol,2026-10-05
2026-10-05 11:34:32,SKV111,440c58,N/D,Sorvolo,N/D,17300,94.26,8.48,N/D,3520,adsb.lol,2026-10-05
2026-10-05 11:36:33,SKV111,440c58,N/D,Sorvolo,N/D,23575,94.51,14.98,N/D,2560,adsb.lol,2026-10-05
2026-10-05 11:36:33,LHX48N,3c48e8,N/D,Sorvolo,N/D,39000,214.18,12.73,N/D,0,adsb.lol,2026-10-05
2026-10-05 11:38:34,MAR5109,46b434,N/D,Sorvolo,N/D,5900,225.0,11.32,N/D,3584,adsb.lol,2026-10-05
2026-10-05 11:38:34,TKJ3LB,4bb2a5,RWY 28,Avvicinamento,Est -> Ovest,1325,285.61,6.69,N/D,-832,adsb.lol,2026-10-05
2026-10-05 11:40:35,RYR2MP,4d2239,RWY 28,Avvicinamento,Est -> Ovest,1775,284.89,9.18,N/D,-896,adsb.lol,2026-10-05
2026-10-05 11:42:38,RYR2MP,4d2239,RWY 28,Atterraggio,Est -> Ovest,525,284.76,2.13,Malta,-767,opensky,2026-10-05
2026-10-05 11:42:38,TKJ3LB,4bb2a5,RWY 28,Atterraggio,Est -> Ovest,525,284.74,2.05,Turkey,-704,opensky,2026-10-05
2026-10-05 11:44:39,RYR7EK,4ca7b3,RWY 28,Decollo,Est -> Ovest,1700,252.2,2.72,N/D,2496,adsb.lol,2026-10-05
2026-10-05 11:44:39,ASL71G,4c01e7,N/D,Sorvolo,N/D,33125,103.57,11.31,N/D,1024,adsb.lol,2026-10-05
2026-10-05 11:44:39,RYR167M,4d22c8,N/D,Sorvolo,N/D,2175,285.11,11.55,N/D,-960,adsb.lol,2026-10-05
2026-10-05 11:46:40,RYR7EK,4ca7b3,N/D,Sorvolo,N/D,5750,225.17,14.11,N/D,2496,adsb.lol,2026-10-05
2026-10-05 11:46:40,RYR167M,4d22c8,RWY 28,Avvicinamento,Est -> Ovest,1125,283.54,5.65,N/D,-896,adsb.lol,2026-10-05
2026-10-05 11:46:40,FHETA,399260,N/D,Sorvolo,N/D,19325,113.53,12.94,N/D,-2432,adsb.lol,2026-10-05
2026-10-05 11:48:41,OEAAR,48b960,N/D,Sorvolo,N/D,1800,284.04,12.34,N/D,576,adsb.lol,2026-10-05
2026-10-05 11:50:44,RYR167M,4d22c8,RWY 28,Atterraggio,Est -> Ovest,525,285.11,2.07,Malta,-704,opensky,2026-10-05
2026-10-05 11:54:47,PGT774R,4bc856,N/D,Sorvolo,N/D,5075,183.26,9.46,N/D,2432,adsb.lol,2026-10-05
2026-10-05 11:56:48,RYR39HB,48c1a9,N/D,Sorvolo,N/D,11975,217.18,10.34,N/D,-64,adsb.lol,2026-10-05
2026-10-05 11:56:48,PGT774R,4bc856,N/D,Sorvolo,N/D,8425,78.88,9.94,N/D,2048,adsb.lol,2026-10-05
2026-10-05 11:56:48,MNGSN,43e7a7,N/D,Sorvolo,N/D,19175,211.89,5.66,N/D,-1152,adsb.lol,2026-10-05
2026-10-05 11:56:48,RYR8SQ,4ca761,N/D,Sorvolo,N/D,10525,132.95,6.98,N/D,-1984,adsb.lol,2026-10-05
2026-10-05 11:58:49,AHY036,4246b4,N/D,Sorvolo,N/D,20825,98.15,5.61,N/D,3968,adsb.lol,2026-10-05
2026-10-05 11:58:49,RYR39HB,48c1a9,N/D,Sorvolo,N/D,11000,156.58,8.04,N/D,64,adsb.lol,2026-10-05
2026-10-05 12:00:50,EVA096,899136,N/D,Sorvolo,N/D,20750,89.85,8.2,N/D,1760,adsb.lol,2026-10-05
2026-10-05 12:02:51,RYR7CB,4d222b,RWY 28,Avvicinamento,Est -> Ovest,1300,283.66,6.39,N/D,-704,adsb.lol,2026-10-05
2026-10-05 12:04:52,RYR8SQ,4ca761,RWY 28,Avvicinamento,Est -> Ovest,1750,285.26,8.94,N/D,-704,adsb.lol,2026-10-05
2026-10-05 12:04:52,OEAAR,48b960,N/D,Sorvolo,N/D,1675,105.49,14.54,N/D,0,adsb.lol,2026-10-05
2026-10-05 12:06:53,OEAAR,48b960,N/D,Avvicinamento,Rotta 55.2°,1675,55.18,9.46,N/D,-320,adsb.lol,2026-10-05
2026-10-05 12:08:54,OEAAR,48b960,N/D,Sorvolo,N/D,1300,146.77,10.7,N/D,-576,adsb.lol,2026-10-05
2026-10-05 12:08:54,RYR62DA,4cac23,N/D,Decollo,Rotta 220.3°,2425,220.29,4.45,N/D,2176,adsb.lol,2026-10-05
2026-10-05 12:08:54,RYR9WA,4ca4ee,RWY 28,Avvicinamento,Est -> Ovest,1825,285.06,9.23,N/D,-576,adsb.lol,2026-10-05
2026-10-05 12:08:54,EWG4284,4d240d,N/D,Sorvolo,N/D,38975,222.11,11.15,N/D,-32,adsb.lol,2026-10-05
2026-10-05 12:10:55,RYR39HB,48c1a9,N/D,Sorvolo,N/D,2650,285.72,14.23,N/D,-960,adsb.lol,2026-10-05
2026-10-05 12:12:56,RYR39HB,48c1a9,RWY 28,Avvicinamento,Est -> Ovest,1175,285.19,5.61,N/D,-960,adsb.lol,2026-10-05
2026-10-05 12:14:57,FDB64C,8964d2,N/D,Sorvolo,N/D,2650,284.81,14.24,N/D,-960,adsb.lol,2026-10-05
2026-10-05 12:16:58,FDB64C,8964d2,RWY 28,Avvicinamento,Est -> Ovest,1100,284.91,5.35,N/D,-832,adsb.lol,2026-10-05
2026-10-05 12:16:58,EJU45GF,4ca82e,N/D,Sorvolo,N/D,15400,213.84,8.32,N/D,-960,adsb.lol,2026-10-05
2026-10-05 12:18:59,EJU45GF,4ca82e,N/D,Sorvolo,N/D,12775,256.53,13.86,N/D,-832,adsb.lol,2026-10-05
2026-10-05 12:21:00,NJE519A,490d0a,N/D,Sorvolo,N/D,32000,274.2,6.32,N/D,0,adsb.lol,2026-10-05
2026-10-05 12:23:01,RYR85ZR,4ca804,N/D,Sorvolo,N/D,5175,145.03,9.59,N/D,2752,adsb.lol,2026-10-05
2026-10-05 12:25:02,RYR4XK,4cad2b,N/D,Sorvolo,N/D,10350,198.7,11.85,N/D,-1600,adsb.lol,2026-10-05
2026-10-05 12:25:02,RYR80VE,4ca7b9,N/D,Sorvolo,N/D,2650,285.01,14.23,N/D,-1024,adsb.lol,2026-10-05
2026-10-05 12:27:03,LGL41V,4d00da,N/D,Sorvolo,N/D,25000,136.97,14.99,N/D,-64,adsb.lol,2026-10-05
2026-10-05 12:27:03,RYR80VE,4ca7b9,RWY 28,Avvicinamento,Est -> Ovest,1150,283.94,5.47,N/D,-768,adsb.lol,2026-10-05
2026-10-05 12:29:04,LGL41V,4d00da,N/D,Sorvolo,N/D,25000,136.97,10.73,N/D,32,adsb.lol,2026-10-05
2026-10-05 12:31:05,RBG543,010255,N/D,Decollo,Rotta 224.5°,2900,224.5,5.32,N/D,1728,adsb.lol,2026-10-05
2026-10-05 12:33:06,PHJRC,485f59,N/D,Sorvolo,N/D,26200,270.16,13.71,N/D,-1920,adsb.lol,2026-10-05
2026-10-05 12:33:06,RYR4XK,4cad2b,RWY 28,Avvicinamento,Est -> Ovest,1425,284.76,7.23,N/D,-832,adsb.lol,2026-10-05
2026-10-05 12:33:06,RYR19NG,4ca97a,N/D,Sorvolo,N/D,14750,229.57,14.96,N/D,-1792,adsb.lol,2026-10-05
2026-10-05 12:33:06,RBG543,010255,N/D,Sorvolo,N/D,5750,114.76,14.84,N/D,3008,adsb.lol,2026-10-05
2026-10-05 12:35:07,PHJRC,485f59,N/D,Sorvolo,N/D,23500,270.32,9.26,N/D,-1536,adsb.lol,2026-10-05
2026-10-05 12:37:08,EZY52CE,400e13,N/D,Sorvolo,N/D,35975,324.68,12.69,N/D,32,adsb.lol,2026-10-05
2026-10-05 12:37:08,PGT43WU,4bc89a,N/D,Sorvolo,N/D,36000,277.43,7.59,N/D,64,adsb.lol,2026-10-05
2026-10-05 12:39:11,RYR4XK,4cad2b,RWY 28,Atterraggio,Est -> Ovest,500,285.22,1.83,Ireland,-511,opensky,2026-10-05
2026-10-05 12:41:12,RYR3487,4cade4,N/D,Sorvolo,N/D,37000,224.12,8.45,N/D,-64,adsb.lol,2026-10-05
2026-10-05 12:41:12,RYR8ZZ,4caecb,N/D,Sorvolo,N/D,2000,285.69,10.39,N/D,-768,adsb.lol,2026-10-05
2026-10-05 12:41:12,DLH1LU,300a7c,N/D,Sorvolo,N/D,13775,215.03,8.25,N/D,-2048,adsb.lol,2026-10-05
2026-10-05 12:43:13,RYR8ZZ,4caecb,RWY 28,Avvicinamento,Est -> Ovest,1125,284.0,5.2,N/D,0,adsb.lol,2026-10-05
2026-10-05 12:45:21,RYR8ZZ,4caecb,RWY 28,Atterraggio,Est -> Ovest,525,285.05,2.11,Ireland,-767,opensky,2026-10-05
2026-10-05 12:47:23,RYR4FD,4d2239,N/D,Sorvolo,N/D,5450,232.82,11.2,N/D,2624,adsb.lol,2026-10-05
2026-10-05 12:53:29,EZY34EN,406666,N/D,Sorvolo,N/D,36000,322.88,9.32,N/D,0,adsb.lol,2026-10-05
2026-10-05 12:55:30,RYR583Z,4ca761,N/D,Sorvolo,N/D,5550,268.06,11.79,N/D,2624,adsb.lol,2026-10-05
2026-10-05 12:57:31,RYR8193,4d22c8,N/D,Sorvolo,N/D,5150,118.37,8.72,N/D,2240,adsb.lol,2026-10-05
2026-10-05 12:57:31,PGQ01C,4d0257,N/D,Sorvolo,N/D,32000,276.27,11.8,N/D,-64,adsb.lol,2026-10-05
2026-10-05 12:59:32,HBFXE,4b0f8e,N/D,Sorvolo,N/D,25000,83.8,12.06,N/D,0,adsb.lol,2026-10-05
2026-10-05 12:59:32,ICNTM,3009fd,N/D,Sorvolo,N/D,0,278.91,12.09,N/D,512,adsb.lol,2026-10-05
2026-10-05 13:01:33,VLG9SD,348205,N/D,Sorvolo,N/D,37000,224.91,1.88,N/D,-64,adsb.lol,2026-10-05
2026-10-05 13:03:37,RYR59DZ,48c1a9,N/D,Sorvolo,N/D,4775,224.65,11.39,N/D,1280,adsb.lol,2026-10-05
2026-10-05 13:03:37,ABY793,896741,RWY 28,Avvicinamento,Est -> Ovest,1450,285.55,7.09,N/D,-640,adsb.lol,2026-10-05
2026-10-05 13:05:38,CCA968,781ce6,N/D,Sorvolo,N/D,18875,86.65,11.45,N/D,1856,adsb.lol,2026-10-05
2026-10-05 13:05:38,VJT480,4d20e9,N/D,Sorvolo,N/D,14125,84.42,12.17,N/D,3072,adsb.lol,2026-10-05
2026-10-05 13:07:39,RYR7KQ,4ca4ee,N/D,Decollo,Rotta 226.8°,2425,226.85,3.93,N/D,2304,adsb.lol,2026-10-05
2026-10-05 13:07:39,CSW781,501c39,N/D,Sorvolo,N/D,36350,304.02,10.99,N/D,-1216,adsb.lol,2026-10-05
2026-10-05 13:07:39,RYR8ZQ,4d22bd,N/D,Sorvolo,N/D,9575,161.12,3.13,N/D,-1024,adsb.lol,2026-10-05
2026-10-05 13:09:40,RYR6SM,4d222b,N/D,Decollo,Rotta 223.6°,3700,223.63,6.9,N/D,2560,adsb.lol,2026-10-05
2026-10-05 13:09:40,RYR16EA,4ca2ad,N/D,Sorvolo,N/D,29825,87.17,14.73,N/D,-960,adsb.lol,2026-10-05
2026-10-05 13:13:43,SWR248Z,502d5e,N/D,Sorvolo,N/D,29000,152.43,12.74,N/D,-32,adsb.lol,2026-10-05
2026-10-05 13:15:44,RYR8ZQ,4d22bd,N/D,Sorvolo,N/D,2000,285.19,10.45,N/D,-832,adsb.lol,2026-10-05
2026-10-05 13:17:45,RYR8ZQ,4d22bd,RWY 28,Avvicinamento,Est -> Ovest,1150,282.66,5.54,N/D,-832,adsb.lol,2026-10-05
2026-10-05 13:17:45,SAS58M,4cad88,N/D,Sorvolo,N/D,16700,76.77,11.35,N/D,2752,adsb.lol,2026-10-05
2026-10-05 13:17:45,TKJ20Q,4bb2a5,N/D,Decollo,Rotta 224.8°,4175,224.79,9.14,N/D,1216,adsb.lol,2026-10-05
2026-10-05 13:19:46,TKJ20Q,4bb2a5,N/D,Sorvolo,N/D,8050,75.34,12.72,N/D,2432,adsb.lol,2026-10-05
2026-10-05 13:21:47,MSR703,010243,N/D,Sorvolo,N/D,17500,254.41,6.14,N/D,-1600,adsb.lol,2026-10-05
2026-10-05 13:21:47,RYR15BQ,4cae48,RWY 28,Avvicinamento,Est -> Ovest,1775,284.56,8.76,N/D,-1024,adsb.lol,2026-10-05
2026-10-05 13:23:50,RYR15BQ,4cae48,RWY 28,Atterraggio,Est -> Ovest,525,284.84,2.04,Ireland,-704,opensky,2026-10-05
2026-10-05 13:25:51,RYR23BM,4cae65,N/D,Sorvolo,N/D,22400,119.68,10.25,N/D,1856,adsb.lol,2026-10-05
2026-10-05 13:25:51,VOE3QN,3481c4,RWY 28,Avvicinamento,Est -> Ovest,1750,284.04,8.95,N/D,-704,adsb.lol,2026-10-05
2026-10-05 13:27:54,VOE3QN,3481c4,RWY 28,Atterraggio,Est -> Ovest,525,285.04,2.07,Spain,-639,opensky,2026-10-05
2026-10-05 13:27:54,RYR15BQ,4cae48,RWY 28,Atterraggio,Est -> Ovest,525,284.84,2.04,Ireland,-704,opensky,2026-10-05
2026-10-05 13:29:55,KAC161,706077,N/D,Sorvolo,N/D,38000,276.33,12.32,N/D,0,adsb.lol,2026-10-05
2026-10-05 13:29:55,SXS68T,4bce03,N/D,Sorvolo,N/D,17650,258.42,7.2,N/D,-2304,adsb.lol,2026-10-05
2026-10-05 13:31:57,VOE3QN,3481c4,RWY 28,Atterraggio,Est -> Ovest,525,285.04,2.07,Spain,-639,opensky,2026-10-05
2026-10-05 13:33:58,DLA3MJ,3007ef,N/D,Sorvolo,N/D,19000,79.99,13.93,N/D,2240,adsb.lol,2026-10-05
2026-10-05 13:35:59,CFE72JF,40799c,N/D,Sorvolo,N/D,35825,310.6,6.37,N/D,256,adsb.lol,2026-10-05
2026-10-05 13:35:59,RYR465E,4caa57,N/D,Sorvolo,N/D,2075,285.37,10.79,N/D,-1024,adsb.lol,2026-10-05
2026-10-05 13:35:59,RYR873M,4cac7f,N/D,Sorvolo,N/D,10825,129.17,10.84,N/D,-3904,adsb.lol,2026-10-05
2026-10-05 13:35:59,DLA3MJ,3007ef,N/D,Sorvolo,N/D,23000,80.22,14.37,N/D,1920,adsb.lol,2026-10-05
2026-10-05 13:35:59,RYR6AQ,4caecb,N/D,Decollo,Rotta 225.9°,3925,225.87,7.7,N/D,640,adsb.lol,2026-10-05
2026-10-05 13:38:00,CPA234,780a89,N/D,Sorvolo,N/D,18850,88.69,12.17,N/D,1856,adsb.lol,2026-10-05
2026-10-05 13:38:00,EXS90YX,4070e9,N/D,Sorvolo,N/D,36000,335.73,12.4,N/D,-32,adsb.lol,2026-10-05
2026-10-05 13:38:00,RYR4312,4cae58,N/D,Sorvolo,N/D,13200,217.28,9.88,N/D,-1792,adsb.lol,2026-10-05
2026-10-05 13:38:00,SUI012,4b7f43,N/D,Sorvolo,N/D,38125,283.23,12.59,N/D,-1152,adsb.lol,2026-10-05
2026-10-05 13:38:00,RYR465E,4caa57,RWY 28,Avvicinamento,Est -> Ovest,1125,285.74,5.12,N/D,-1024,adsb.lol,2026-10-05
2026-10-05 13:38:00,RYR873M,4cac7f,N/D,Sorvolo,N/D,8375,129.42,14.21,N/D,-448,adsb.lol,2026-10-05
2026-10-05 13:40:01,WZZ1641,471f62,N/D,Sorvolo,N/D,36050,63.27,9.64,N/D,32,adsb.lol,2026-10-05
2026-10-05 13:40:01,ICNTM,3009fd,N/D,Sorvolo,N/D,1650,101.31,14.55,N/D,0,adsb.lol,2026-10-05
2026-10-05 13:40:01,GDK56R,44036a,N/D,Sorvolo,N/D,13275,81.14,14.35,N/D,1280,adsb.lol,2026-10-05
2026-10-05 13:40:01,RYR4312,4cae58,N/D,Sorvolo,N/D,9675,156.51,9.79,N/D,-896,adsb.lol,2026-10-05
2026-10-05 13:42:03,GDK56R,44036a,N/D,Sorvolo,N/D,15950,81.03,6.01,N/D,1152,adsb.lol,2026-10-05
2026-10-05 13:42:03,ICNTM,3009fd,N/D,Sorvolo,N/D,1375,230.75,10.52,N/D,-704,adsb.lol,2026-10-05
2026-10-05 13:44:06,GDK56R,44036a,N/D,Sorvolo,N/D,17725,81.31,13.4,N/D,512,adsb.lol,2026-10-05
2026-10-05 13:44:06,RYR873M,4cac7f,N/D,Sorvolo,N/D,2225,283.81,11.64,N/D,-1088,adsb.lol,2026-10-05
2026-10-05 13:44:06,WMT4646,4d20c0,N/D,Sorvolo,N/D,25025,278.11,13.55,N/D,-1728,adsb.lol,2026-10-05
2026-10-05 13:44:06,ICNTM,3009fd,N/D,Avvicinamento,Rotta 45.5°,1000,45.55,9.94,N/D,-384,adsb.lol,2026-10-05
2026-10-05 13:44:06,THY2HG,4bb261,N/D,Sorvolo,N/D,19975,261.09,6.48,N/D,-960,adsb.lol,2026-10-05
2026-10-05 13:46:07,AUA52UE,44081e,N/D,Sorvolo,N/D,20300,233.3,7.75,N/D,-1024,adsb.lol,2026-10-05
2026-10-05 13:46:07,CPA014,780a3f,N/D,Sorvolo,N/D,15850,96.68,7.12,N/D,1984,adsb.lol,2026-10-05
2026-10-05 13:46:07,WMT4646,4d20c0,N/D,Sorvolo,N/D,23000,271.25,7.36,N/D,0,adsb.lol,2026-10-05
2026-10-05 13:46:07,RYR873M,4cac7f,RWY 28,Avvicinamento,Est -> Ovest,1075,285.35,5.06,N/D,-1024,adsb.lol,2026-10-05
2026-10-05 13:48:08,RYR4312,4cae58,RWY 28,Avvicinamento,Est -> Ovest,1575,284.51,7.74,N/D,-960,adsb.lol,2026-10-05
2026-10-05 13:48:08,AUA52UE,44081e,N/D,Sorvolo,N/D,17625,194.5,14.44,N/D,-2240,adsb.lol,2026-10-05
2026-10-05 13:50:11,RYR873M,4cac7f,RWY 28,Atterraggio,Est -> Ovest,500,284.48,2.0,Ireland,-639,opensky,2026-10-05
2026-10-05 13:50:11,RYR4312,4cae58,RWY 28,Atterraggio,Est -> Ovest,550,284.6,2.15,Ireland,-639,opensky,2026-10-05
2026-10-05 13:52:12,SPSTAY,48fc17,N/D,Sorvolo,N/D,2800,60.84,14.09,N/D,-320,adsb.lol,2026-10-05
2026-10-05 13:52:12,EZY82ZY,406669,N/D,Sorvolo,N/D,38025,324.32,11.11,N/D,0,adsb.lol,2026-10-05
2026-10-05 13:54:13,UAE4PV,8963f3,N/D,Sorvolo,N/D,16400,279.28,3.29,N/D,-1024,adsb.lol,2026-10-05
2026-10-05 13:54:13,FDB1574,8964d2,N/D,Decollo,Rotta 225.4°,4200,225.43,9.09,N/D,2304,adsb.lol,2026-10-05
2026-10-05 13:54:13,SPSTAY,48fc17,N/D,Sorvolo,N/D,3925,88.13,13.93,N/D,448,adsb.lol,2026-10-05
2026-10-05 13:54:13,RYR97ED,4ca97b,RWY 28,Avvicinamento,Est -> Ovest,1250,285.58,5.9,N/D,-768,adsb.lol,2026-10-05
2026-10-05 13:56:15,RYR97ED,4ca97b,RWY 28,Atterraggio,Est -> Ovest,525,284.6,2.01,Ireland,-639,opensky,2026-10-05
2026-10-05 13:58:16,RYR97WV,4caf34,N/D,Decollo,Rotta 230.4°,2025,230.36,3.54,N/D,2560,adsb.lol,2026-10-05
2026-10-05 14:00:33,RYR97WV,4caf34,N/D,Sorvolo,N/D,7450,92.48,11.98,N/D,2688,adsb.lol,2026-10-05
2026-10-05 14:02:34,DGJ567,3e369f,N/D,Sorvolo,N/D,37000,222.91,10.28,N/D,0,adsb.lol,2026-10-05
2026-10-05 14:02:34,DAL289,a15397,N/D,Sorvolo,N/D,30000,276.54,9.25,N/D,-64,adsb.lol,2026-10-05
2026-10-05 14:02:34,RYR97WV,4caf34,N/D,Sorvolo,N/D,11600,78.07,14.66,N/D,2496,adsb.lol,2026-10-05
2026-10-05 14:02:34,DLH8FA,300a7c,N/D,Sorvolo,N/D,12775,84.62,12.22,N/D,2624,adsb.lol,2026-10-05
2026-10-05 14:04:35,RYR9MV,4d2260,RWY 28,Avvicinamento,Est -> Ovest,1550,285.45,7.82,N/D,-704,adsb.lol,2026-10-05
2026-10-05 14:06:36,ICNTF,3007af,N/D,Sorvolo,N/D,1300,263.42,10.18,N/D,512,adsb.lol,2026-10-05
2026-10-05 14:08:37,AIH798,71bc17,N/D,Sorvolo,N/D,17400,108.43,12.5,N/D,1984,adsb.lol,2026-10-05
2026-10-05 14:10:38,WMT3182,471e60,RWY 28,Avvicinamento,Est -> Ovest,1925,285.19,9.89,N/D,-832,adsb.lol,2026-10-05
2026-10-05 14:10:38,JFA91R,4d02b3,RWY 28,Decollo,Est -> Ovest,2125,267.31,1.96,N/D,3136,adsb.lol,2026-10-05
2026-10-05 14:10:38,RYR4BJ,4d22bd,N/D,Sorvolo,N/D,4850,156.77,10.67,N/D,2432,adsb.lol,2026-10-05
2026-10-05 14:12:39,WMT3182,471e60,RWY 28,Avvicinamento,Est -> Ovest,1100,285.0,5.2,N/D,0,adsb.lol,2026-10-05
2026-10-05 14:12:39,RYR4BJ,4d22bd,N/D,Sorvolo,N/D,10275,80.35,10.19,N/D,1984,adsb.lol,2026-10-05
2026-10-05 14:12:39,JFA91R,4d02b3,N/D,Sorvolo,N/D,8050,301.73,12.98,N/D,3008,adsb.lol,2026-10-05
2026-10-05 14:14:42,WMT3182,471e60,RWY 28,Atterraggio,Est -> Ovest,525,284.93,1.92,Hungary,-576,opensky,2026-10-05
2026-10-05 14:16:43,EZS48GE,4b027f,N/D,Sorvolo,N/D,36925,319.59,11.93,N/D,-960,adsb.lol,2026-10-05
2026-10-05 14:16:43,EJU72JD,440170,N/D,Sorvolo,N/D,15450,232.61,13.08,N/D,-2688,adsb.lol,2026-10-05
2026-10-05 14:16:43,FIAMM25,33fcbd,RWY 28,Avvicinamento,Est -> Ovest,850,276.8,9.41,N/D,64,adsb.lol,2026-10-05
2026-10-05 14:18:44,OEAAR,48b960,N/D,Sorvolo,N/D,1800,292.07,12.19,N/D,1024,adsb.lol,2026-10-05
2026-10-05 14:18:44,TVF39LV,39de4c,N/D,Sorvolo,N/D,27875,93.71,4.04,N/D,-1408,adsb.lol,2026-10-05
2026-10-05 14:18:44,RYR4MM,4cad2b,N/D,Sorvolo,N/D,5050,181.76,11.66,N/D,2624,adsb.lol,2026-10-05
2026-10-05 14:20:46,RYR4MM,4cad2b,N/D,Sorvolo,N/D,9075,78.42,10.29,N/D,3136,adsb.lol,2026-10-05
2026-10-05 14:24:50,WZZ847,4d242d,N/D,Sorvolo,N/D,36025,81.07,7.93,N/D,-32,adsb.lol,2026-10-05
2026-10-05 14:24:50,SUZ7,485ec6,RWY 28,Decollo,Est -> Ovest,3425,267.34,8.8,N/D,1472,adsb.lol,2026-10-05
2026-10-05 14:26:51,AEZ353,4d20db,RWY 28,Avvicinamento,Est -> Ovest,1875,285.03,9.1,N/D,-704,adsb.lol,2026-10-05
2026-10-05 14:26:51,ABY794,896741,N/D,Decollo,Rotta 225.0°,4050,225.0,7.59,N/D,1408,adsb.lol,2026-10-05
2026-10-05 14:28:51,VOE5UY,3481c4,N/D,Sorvolo,N/D,5375,225.72,10.49,N/D,2688,adsb.lol,2026-10-05
2026-10-05 14:28:51,ABY794,896741,N/D,Sorvolo,N/D,8400,102.53,11.71,N/D,2880,adsb.lol,2026-10-05
2026-10-05 14:28:51,BAW602,4081bf,N/D,Sorvolo,N/D,31150,93.66,9.11,N/D,-960,adsb.lol,2026-10-05
2026-10-05 14:30:52,RYR5RW,4cae48,N/D,Decollo,Rotta 218.6°,2275,218.61,3.93,N/D,2240,adsb.lol,2026-10-05
2026-10-05 14:32:55,AEZ353,4d20db,RWY 28,Atterraggio,Est -> Ovest,550,284.59,1.84,Malta,-704,opensky,2026-10-05
2026-10-05 14:32:55,CCA950,781d50,N/D,Sorvolo,N/D,18925,88.52,14.73,China,1407,opensky,2026-10-05
2026-10-05 14:36:59,RYR721U,4caa57,N/D,Decollo,Rotta 223.3°,2650,223.35,4.68,N/D,2176,adsb.lol,2026-10-05
2026-10-05 14:36:59,RYR18RQ,4ca61c,N/D,Sorvolo,N/D,2700,284.51,14.38,N/D,-960,adsb.lol,2026-10-05
2026-10-05 14:39:00,RYR18RQ,4ca61c,RWY 28,Avvicinamento,Est -> Ovest,1175,284.32,5.25,N/D,-768,adsb.lol,2026-10-05
2026-10-05 14:39:00,OEAAR,48b960,N/D,Sorvolo,N/D,1750,104.77,11.82,N/D,-448,adsb.lol,2026-10-05
2026-10-05 14:41:01,OEAAR,48b960,N/D,Sorvolo,N/D,1500,297.53,10.38,N/D,-320,adsb.lol,2026-10-05
2026-10-05 14:41:01,RYR3YU,4d225b,N/D,Sorvolo,N/D,2125,285.28,10.8,N/D,-832,adsb.lol,2026-10-05
2026-10-05 14:43:02,RYR3YU,4d225b,RWY 28,Avvicinamento,Est -> Ovest,1200,285.52,5.44,N/D,-896,adsb.lol,2026-10-05
2026-10-05 14:43:02,AZG292,4246a2,N/D,Sorvolo,N/D,22625,93.5,12.39,N/D,2496,adsb.lol,2026-10-05
2026-10-05 14:43:02,OEAAR,48b960,N/D,Avvicinamento,Rotta 12.5°,1075,12.53,9.85,N/D,-1280,adsb.lol,2026-10-05
2026-10-05 14:43:02,RYR96TQ,4d21ec,N/D,Sorvolo,N/D,2225,285.63,11.52,N/D,-832,adsb.lol,2026-10-05
2026-10-05 14:45:04,RYR96TQ,4d21ec,RWY 28,Avvicinamento,Est -> Ovest,1150,285.01,5.42,N/D,-896,adsb.lol,2026-10-05
2026-10-05 14:45:04,OEAAR,48b960,N/D,Sorvolo,N/D,1600,197.39,11.29,N/D,-384,adsb.lol,2026-10-05
2026-10-05 14:47:05,RYR4HB,4cae6d,RWY 28,Avvicinamento,Est -> Ovest,1425,284.89,6.94,N/D,-704,adsb.lol,2026-10-05
2026-10-05 14:47:05,CES244,78195f,N/D,Sorvolo,N/D,17250,83.02,8.0,N/D,1856,adsb.lol,2026-10-05
2026-10-05 14:47:05,OEAAR,48b960,N/D,Avvicinamento,Rotta 18.7°,1100,18.68,9.88,N/D,-960,adsb.lol,2026-10-05
2026-10-05 14:49:06,IAFOI,300363,N/D,Sorvolo,N/D,22275,124.26,13.36,N/D,-2688,adsb.lol,2026-10-05
2026-10-05 14:49:06,OEAAR,48b960,N/D,Sorvolo,N/D,1200,8.0,10.36,N/D,0,adsb.lol,2026-10-05
2026-10-05 14:49:06,RYR3L,4d23fa,N/D,Sorvolo,N/D,2475,284.68,12.85,N/D,-832,adsb.lol,2026-10-05
2026-10-05 14:51:07,OEAAR,48b960,N/D,Sorvolo,N/D,1375,118.61,10.84,N/D,-960,adsb.lol,2026-10-05
2026-10-05 14:51:07,RYR3L,4d23fa,RWY 28,Avvicinamento,Est -> Ovest,1200,284.98,5.41,N/D,-704,adsb.lol,2026-10-05
2026-10-05 14:51:07,IAFOI,300363,N/D,Sorvolo,N/D,16650,124.63,13.57,N/D,-2592,adsb.lol,2026-10-05
2026-10-05 14:53:08,SCR762,3cf027,N/D,Sorvolo,N/D,38275,326.48,13.0,N/D,1024,adsb.lol,2026-10-05
2026-10-05 14:53:08,RYR40NP,4d225a,N/D,Sorvolo,N/D,2275,285.42,11.76,N/D,-896,adsb.lol,2026-10-05
2026-10-05 14:55:09,RYR40NP,4d225a,RWY 28,Avvicinamento,Est -> Ovest,1150,285.01,5.32,N/D,-896,adsb.lol,2026-10-05
2026-10-05 14:57:10,WMT2GP,471efe,RWY 28,Avvicinamento,Est -> Ovest,1700,284.32,8.54,N/D,-768,adsb.lol,2026-10-05
2026-10-05 14:57:10,MASBA,424c9d,N/D,Sorvolo,N/D,10375,200.46,13.67,N/D,-2880,adsb.lol,2026-10-05
2026-10-05 14:59:11,RYR56HH,4d22c6,N/D,Sorvolo,N/D,22150,88.92,13.73,N/D,1984,adsb.lol,2026-10-05
2026-10-05 15:01:12,RYR4463,4d2275,N/D,Sorvolo,N/D,24350,89.07,14.2,N/D,2368,adsb.lol,2026-10-05
2026-10-05 15:03:13,RYR452W,4cac7f,N/D,Sorvolo,N/D,5425,225.17,12.87,N/D,2112,adsb.lol,2026-10-05
2026-10-05 15:05:14,MASBA,424c9d,RWY 28,Avvicinamento,Est -> Ovest,1350,284.85,6.59,N/D,-768,adsb.lol,2026-10-05
2026-10-05 15:05:14,FIAMM25,33fcbd,N/D,Sorvolo,N/D,950,86.22,12.56,N/D,-320,adsb.lol,2026-10-05
2026-10-05 15:05:14,IMLTY,3007b7,N/D,Sorvolo,N/D,2575,112.9,14.22,N/D,-128,adsb.lol,2026-10-05
2026-10-05 15:07:15,FIAMM25,33fcbd,RWY 10,Avvicinamento,Ovest -> Est,1150,81.18,5.75,N/D,128,adsb.lol,2026-10-05
2026-10-05 15:07:15,IMLTY,3007b7,N/D,Sorvolo,N/D,3375,116.76,10.75,N/D,-1216,adsb.lol,2026-10-05
2026-10-05 15:09:16,FIAMM25,33fcbd,N/D,Atterraggio,Rotta 342.4°,1025,342.43,3.09,N/D,0,adsb.lol,2026-10-05
2026-10-05 15:09:16,HBLZL,4b1fa1,N/D,Sorvolo,N/D,11000,98.7,4.75,N/D,0,adsb.lol,2026-10-05
2026-10-05 15:09:16,IMLTY,3007b7,N/D,Sorvolo,N/D,3125,51.34,11.36,N/D,0,adsb.lol,2026-10-05
2026-10-05 15:11:17,AUA524J,44081e,N/D,Sorvolo,N/D,14700,79.75,5.89,N/D,2496,adsb.lol,2026-10-05
2026-10-05 15:11:17,RYR57YY,4cae58,N/D,Sorvolo,N/D,5375,224.58,11.97,N/D,1984,adsb.lol,2026-10-05
2026-10-05 15:11:17,IMLTY,3007b7,N/D,Sorvolo,N/D,2750,292.66,10.38,N/D,128,adsb.lol,2026-10-05
2026-10-05 15:11:17,HBLZL,4b1fa1,N/D,Sorvolo,N/D,11000,134.07,6.17,N/D,0,adsb.lol,2026-10-05
2026-10-05 15:13:18,RYR80GB,4ca624,N/D,Sorvolo,N/D,10675,129.14,12.07,N/D,-1088,adsb.lol,2026-10-05
2026-10-05 15:13:18,RYR61TF,48c2b7,RWY 28,Avvicinamento,Est -> Ovest,1550,283.57,7.59,N/D,-896,adsb.lol,2026-10-05
2026-10-05 15:13:18,IMLTY,3007b7,N/D,Sorvolo,N/D,2950,296.96,11.71,N/D,-320,adsb.lol,2026-10-05
2026-10-05 15:15:19,RYR80GB,4ca624,N/D,Sorvolo,N/D,7950,129.09,12.64,N/D,-1664,adsb.lol,2026-10-05
2026-10-05 15:15:19,CSW5781,501c39,N/D,Sorvolo,N/D,11100,130.86,12.78,N/D,-1472,adsb.lol,2026-10-05
2026-10-05 15:17:20,RYR5XF,4ca7b9,N/D,Decollo,Rotta 227.7°,2725,227.68,4.25,N/D,2496,adsb.lol,2026-10-05
2026-10-05 15:17:20,CSW5781,501c39,N/D,Sorvolo,N/D,9000,156.15,6.13,N/D,32,adsb.lol,2026-10-05
2026-10-05 15:17:20,RYR5YX,4d23fc,RWY 28,Avvicinamento,Est -> Ovest,1475,284.74,6.75,N/D,-1152,adsb.lol,2026-10-05
2026-10-05 15:17:20,WMT8UN,4d201e,N/D,Sorvolo,N/D,20600,239.67,6.88,N/D,-1408,adsb.lol,2026-10-05
2026-10-05 15:19:22,RYR61TF,48c2b7,RWY 28,Atterraggio,Est -> Ovest,550,284.31,2.0,Poland,-832,opensky,2026-10-05
2026-10-05 15:19:22,RYR5YX,4d23fc,RWY 28,Atterraggio,Est -> Ovest,525,285.39,1.94,Malta,-704,opensky,2026-10-05
2026-10-05 15:19:22,WMT8UN,4d201e,N/D,Sorvolo,N/D,16000,240.26,14.55,Malta,-960,opensky,2026-10-05
2026-10-05 15:21:24,TVS4PN,49d423,N/D,Sorvolo,N/D,37000,226.33,14.65,N/D,0,adsb.lol,2026-10-05
2026-10-05 15:21:24,VOE2210,3455d7,RWY 28,Avvicinamento,Est -> Ovest,1575,285.04,7.78,N/D,-448,adsb.lol,2026-10-05
2026-10-05 15:23:25,RYR80GB,4ca624,N/D,Sorvolo,N/D,2250,285.08,11.65,N/D,-832,adsb.lol,2026-10-05
2026-10-05 15:25:26,RYR41LZ,4d2260,N/D,Decollo,Rotta 225.7°,2825,225.71,4.96,N/D,2496,adsb.lol,2026-10-05
2026-10-05 15:25:26,RJA103,744832,N/D,Sorvolo,N/D,20175,270.18,11.93,N/D,-1024,adsb.lol,2026-10-05
2026-10-05 15:25:26,ICNTM,3009fd,N/D,Avvicinamento,Rotta 30.0°,1425,29.96,9.1,N/D,-192,adsb.lol,2026-10-05
2026-10-05 15:25:26,RYR80GB,4ca624,RWY 28,Avvicinamento,Est -> Ovest,1125,284.6,5.1,N/D,-832,adsb.lol,2026-10-05
2026-10-05 15:27:27,SWR379Q,4b028a,N/D,Sorvolo,N/D,28000,310.16,1.35,N/D,128,adsb.lol,2026-10-05
2026-10-05 15:27:27,DLH87A,3c65d2,N/D,Sorvolo,N/D,36950,234.45,2.1,N/D,32,adsb.lol,2026-10-05
2026-10-05 15:27:27,CSW5781,501c39,N/D,Sorvolo,N/D,2300,284.98,12.16,N/D,-768,adsb.lol,2026-10-05
2026-10-05 15:27:27,RJA103,744832,N/D,Sorvolo,N/D,17825,270.18,8.46,N/D,-960,adsb.lol,2026-10-05
2026-10-05 15:29:28,OEAAR,48b960,N/D,Sorvolo,N/D,1850,268.74,12.8,N/D,-128,adsb.lol,2026-10-05
2026-10-05 15:29:28,CSW5781,501c39,RWY 28,Avvicinamento,Est -> Ovest,1125,285.02,5.29,N/D,-448,adsb.lol,2026-10-05
2026-10-05 15:29:28,ICNTM,3009fd,N/D,Avvicinamento,Rotta 29.2°,1525,29.23,8.6,N/D,64,adsb.lol,2026-10-05
2026-10-05 15:31:29,ICNTM,3009fd,N/D,Avvicinamento,Rotta 321.2°,1325,321.23,9.82,N/D,-384,adsb.lol,2026-10-05
2026-10-05 15:31:29,RYR75ZH,4ca7b3,RWY 28,Avvicinamento,Est -> Ovest,1725,284.59,8.34,N/D,-832,adsb.lol,2026-10-05
2026-10-05 15:33:30,RYR39BB,48c230,N/D,Sorvolo,N/D,2600,285.0,13.66,N/D,-960,adsb.lol,2026-10-05
2026-10-05 15:33:30,WMT154,471e60,N/D,Decollo,Rotta 221.2°,3600,221.15,5.78,N/D,2624,adsb.lol,2026-10-05
2026-10-05 15:33:30,ICNTM,3009fd,RWY 10,Avvicinamento,Ovest -> Est,1200,105.2,9.68,N/D,-128,adsb.lol,2026-10-05
2026-10-05 15:35:32,RYR39BB,48c230,RWY 28,Atterraggio,Est -> Ovest,1125,285.79,4.92,N/D,-832,adsb.lol,2026-10-05
2026-10-05 15:35:32,WMT154,471e60,N/D,Sorvolo,N/D,7425,104.04,14.48,N/D,1728,adsb.lol,2026-10-05
2026-10-05 15:35:32,ICNTM,3009fd,N/D,Avvicinamento,Rotta 9.7°,1375,9.74,9.35,N/D,-576,adsb.lol,2026-10-05
2026-10-05 15:37:33,ICNTF,3007af,N/D,Sorvolo,N/D,1700,82.95,12.07,N/D,-256,adsb.lol,2026-10-05
2026-10-05 15:39:34,ICNTF,3007af,N/D,Avvicinamento,Rotta 8.9°,1800,8.94,9.85,N/D,320,adsb.lol,2026-10-05
2026-10-05 15:39:34,RYR5HT,4caee7,N/D,Sorvolo,N/D,11550,120.77,14.27,N/D,-1280,adsb.lol,2026-10-05
2026-10-05 15:39:34,ICNTM,3009fd,N/D,Avvicinamento,Rotta 23.3°,1500,23.34,8.44,N/D,-576,adsb.lol,2026-10-05
2026-10-05 15:41:35,ICNTF,3007af,N/D,Avvicinamento,Rotta 28.8°,1400,28.84,9.26,N/D,64,adsb.lol,2026-10-05
2026-10-05 15:41:35,RYR5HT,4caee7,N/D,Sorvolo,N/D,8975,156.61,4.7,N/D,-64,adsb.lol,2026-10-05
2026-10-05 15:41:35,RYR1536,4d23fa,N/D,Decollo,Rotta 224.3°,4000,224.27,6.69,N/D,2240,adsb.lol,2026-10-05
2026-10-05 15:43:36,ICNTM,3009fd,RWY 10,Avvicinamento,Ovest -> Est,1225,104.19,9.13,N/D,320,adsb.lol,2026-10-05
2026-10-05 15:43:36,EZS81ZB,4b027c,N/D,Sorvolo,N/D,38000,276.17,11.82,N/D,64,adsb.lol,2026-10-05
2026-10-05 15:45:37,ICNTM,3009fd,N/D,Avvicinamento,Rotta 342.6°,1350,342.65,9.48,N/D,-192,adsb.lol,2026-10-05
2026-10-05 15:45:37,PGT1213,4bc885,RWY 28,Avvicinamento,Est -> Ovest,1350,284.93,6.36,N/D,-704,adsb.lol,2026-10-05
2026-10-05 15:45:37,PGT599L,4bb86c,N/D,Sorvolo,N/D,38025,274.81,8.44,N/D,128,adsb.lol,2026-10-05
2026-10-05 15:45:37,RYR38HN,4cae6d,N/D,Decollo,Rotta 226.9°,2825,226.88,5.14,N/D,1792,adsb.lol,2026-10-05
2026-10-05 15:45:37,THY1896,4bb261,N/D,Sorvolo,N/D,16950,93.79,13.57,N/D,1984,adsb.lol,2026-10-05
2026-10-05 15:47:38,RYR93HA,4ca6a9,N/D,Sorvolo,N/D,2700,285.0,14.09,N/D,-960,adsb.lol,2026-10-05
2026-10-05 15:49:41,RYR93HA,4ca6a9,RWY 28,Avvicinamento,Est -> Ovest,1400,285.03,6.42,N/D,-768,adsb.lol,2026-10-05
2026-10-05 15:49:41,ICNTM,3009fd,N/D,Avvicinamento,Rotta 344.4°,1050,344.44,9.14,N/D,-832,adsb.lol,2026-10-05
2026-10-05 15:51:42,RYR5HT,4caee7,RWY 28,Avvicinamento,Est -> Ovest,1750,285.95,8.41,N/D,-960,adsb.lol,2026-10-05
2026-10-05 15:51:42,HBLZL,4b1fa1,N/D,Sorvolo,N/D,9000,298.76,10.48,N/D,0,adsb.lol,2026-10-05
2026-10-05 15:51:42,ICNTM,3009fd,RWY 10,Decollo,Ovest -> Est,1175,115.06,9.68,N/D,640,adsb.lol,2026-10-05
2026-10-05 15:53:43,FDX5272,ac34a0,N/D,Sorvolo,N/D,16325,259.94,7.63,N/D,-3456,adsb.lol,2026-10-05
2026-10-05 15:53:43,SXS4ZJ,4bccb9,N/D,Sorvolo,N/D,38000,276.33,5.01,N/D,-64,adsb.lol,2026-10-05
2026-10-05 15:53:43,HBLZL,4b1fa1,N/D,Sorvolo,N/D,9000,244.08,4.94,N/D,0,adsb.lol,2026-10-05
2026-10-05 15:53:43,RYR23MG,4d21ec,N/D,Sorvolo,N/D,4500,225.9,10.16,N/D,1536,adsb.lol,2026-10-05
2026-10-05 15:53:43,ICNTM,3009fd,N/D,Avvicinamento,Rotta 25.6°,1550,25.56,9.13,N/D,128,adsb.lol,2026-10-05
2026-10-05 15:55:44,RYR451P,4d234c,RWY 28,Avvicinamento,Est -> Ovest,1175,284.51,5.33,N/D,-1024,adsb.lol,2026-10-05
2026-10-05 15:55:44,HBLZL,4b1fa1,N/D,Sorvolo,N/D,9000,274.79,10.64,N/D,0,adsb.lol,2026-10-05
2026-10-05 15:57:45,RYR5WN,4d21eb,N/D,Sorvolo,N/D,2300,284.19,11.9,N/D,-896,adsb.lol,2026-10-05
2026-10-05 15:59:46,RYR23VX,4cafb5,N/D,Sorvolo,N/D,8900,150.56,3.34,N/D,-1536,adsb.lol,2026-10-05
2026-10-05 15:59:46,ICNTM,3009fd,RWY 10,Decollo,Ovest -> Est,1425,92.49,8.96,N/D,640,adsb.lol,2026-10-05
2026-10-05 15:59:46,RYR5WN,4d21eb,RWY 28,Avvicinamento,Est -> Ovest,1275,285.08,5.86,N/D,-960,adsb.lol,2026-10-05
2026-10-05 16:01:48,ICNTM,3009fd,N/D,Avvicinamento,Rotta 314.6°,1475,314.55,9.11,N/D,-1216,adsb.lol,2026-10-05
2026-10-05 16:01:48,WZZ824,4d252b,N/D,Sorvolo,N/D,15125,247.56,7.56,N/D,-960,adsb.lol,2026-10-05
2026-10-05 16:04:08,RYR3GK,4d225b,RWY 28,Decollo,Est -> Ovest,1325,273.66,1.93,N/D,2560,adsb.fi,2026-10-05
2026-10-05 16:04:08,ICNTM,3009fd,N/D,Sorvolo,N/D,1100,159.89,10.03,N/D,1024,adsb.fi,2026-10-05
2026-10-05 16:06:13,RYR2JT,4ca61c,N/D,Decollo,Rotta 237.3°,1875,237.35,2.98,N/D,2496,adsb.lol,2026-10-05
2026-10-05 16:06:13,ICNTM,3009fd,N/D,Avvicinamento,Rotta 321.0°,1375,321.03,9.78,N/D,-960,adsb.lol,2026-10-05
2026-10-05 16:06:13,EJU71KT,440031,N/D,Sorvolo,N/D,14750,224.88,13.58,N/D,-768,adsb.lol,2026-10-05
2026-10-05 16:06:13,RYR3GK,4d225b,N/D,Sorvolo,N/D,5425,225.0,14.16,N/D,1024,adsb.lol,2026-10-05
2026-10-05 16:08:14,RYR2JT,4ca61c,N/D,Sorvolo,N/D,6325,224.65,14.35,N/D,2048,adsb.lol,2026-10-05
2026-10-05 16:08:14,RYR23VX,4cafb5,RWY 28,Avvicinamento,Est -> Ovest,1300,283.75,5.9,N/D,-1152,adsb.lol,2026-10-05
2026-10-05 16:10:16,RYR2JT,4ca61c,N/D,Sorvolo,N/D,10950,65.22,11.73,N/D,960,adsb.lol,2026-10-05
2026-10-05 16:10:16,EWG41W,4d2417,N/D,Sorvolo,N/D,38000,39.5,11.07,N/D,0,adsb.lol,2026-10-05
2026-10-05 16:12:19,RYR58MU,48c2b7,N/D,Decollo,Rotta 222.6°,2750,222.63,4.34,N/D,2880,adsb.lol,2026-10-05
2026-10-05 16:14:20,WMT1KW,471efe,N/D,Decollo,Rotta 225.5°,3050,225.51,5.04,N/D,2112,adsb.lol,2026-10-05
2026-10-05 16:14:20,RYR74UN,4d23fb,N/D,Sorvolo,N/D,11000,121.16,7.63,N/D,-1856,adsb.lol,2026-10-05
2026-10-05 16:16:21,SWR4CA,502d5e,N/D,Sorvolo,N/D,32000,336.36,10.2,N/D,0,adsb.lol,2026-10-05
2026-10-05 16:16:21,RYR74UN,4d23fb,N/D,Sorvolo,N/D,8125,156.24,11.08,N/D,-1408,adsb.lol,2026-10-05
2026-10-05 16:16:21,VOE2211,3455d7,N/D,Decollo,Rotta 224.8°,3300,224.75,5.58,N/D,1984,adsb.lol,2026-10-05
2026-10-05 16:16:21,EJU81RY,440073,N/D,Sorvolo,N/D,21825,83.38,11.84,N/D,2496,adsb.lol,2026-10-05
2026-10-05 16:18:23,RYR477H,4d23fc,N/D,Decollo,Rotta 225.4°,4175,225.41,6.89,N/D,1024,adsb.lol,2026-10-05
2026-10-05 16:18:23,WMT1KW,471efe,N/D,Sorvolo,N/D,10950,44.63,9.53,N/D,832,adsb.lol,2026-10-05
2026-10-05 16:20:26,OEAAR,48b960,N/D,Sorvolo,N/D,1650,90.64,13.71,N/D,-320,adsb.lol,2026-10-05
2026-10-05 16:20:26,MSR705,0101ba,N/D,Sorvolo,N/D,16500,271.97,3.77,N/D,-2048,adsb.lol,2026-10-05
2026-10-05 16:22:42,RYR74UN,4d23fb,RWY 28,Avvicinamento,Est -> Ovest,1525,284.98,7.64,N/D,-896,adsb.lol,2026-10-05
2026-10-05 16:22:42,OEAAR,48b960,N/D,Avvicinamento,Rotta 54.5°,1800,54.54,9.85,N/D,128,adsb.lol,2026-10-05
2026-10-05 16:24:43,SAS91Y,4caf82,N/D,Sorvolo,N/D,19175,75.28,13.7,N/D,2560,adsb.lol,2026-10-05
2026-10-05 16:24:43,RYR73ZK,4cad28,N/D,Sorvolo,N/D,10425,120.94,3.96,N/D,-2240,adsb.lol,2026-10-05
2026-10-05 16:24:43,OEAAR,48b960,N/D,Avvicinamento,Rotta 18.9°,1550,18.92,8.99,N/D,-192,adsb.lol,2026-10-05
2026-10-05 16:24:43,EJU18NT,440198,N/D,Sorvolo,N/D,19075,258.83,7.27,N/D,-768,adsb.lol,2026-10-05
2026-10-05 16:26:44,EZS79KV,4b1a24,N/D,Sorvolo,N/D,32000,273.88,6.33,N/D,-64,adsb.lol,2026-10-05
2026-10-05 16:26:44,RYR65ER,4ca624,N/D,Decollo,Rotta 227.1°,2475,227.07,3.73,N/D,3264,adsb.lol,2026-10-05
2026-10-05 16:28:45,IGMAS,3004b0,N/D,Sorvolo,N/D,1900,308.0,10.94,N/D,0,adsb.fi,2026-10-05
2026-10-05 16:30:47,RYR65ER,4ca624,N/D,Sorvolo,N/D,11450,352.56,6.93,N/D,2112,adsb.lol,2026-10-05
2026-10-05 16:30:47,TVF23QB,39de4c,N/D,Sorvolo,N/D,34000,273.71,14.73,N/D,32,adsb.lol,2026-10-05
2026-10-05 16:32:48,TVF23QB,39de4c,N/D,Sorvolo,N/D,33975,273.31,12.92,N/D,0,adsb.lol,2026-10-05
2026-10-05 16:32:48,ECC652,49d690,N/D,Sorvolo,N/D,25650,88.19,13.61,N/D,1824,adsb.lol,2026-10-05
2026-10-05 16:32:48,RYR73ZK,4cad28,RWY 28,Avvicinamento,Est -> Ovest,1375,284.48,6.76,N/D,-768,adsb.lol,2026-10-05
2026-10-05 16:34:51,RYR73ZK,4cad28,RWY 28,Atterraggio,Est -> Ovest,550,284.6,1.87,Ireland,-511,opensky,2026-10-05
2026-10-05 16:36:52,DLH77M,3c6481,N/D,Sorvolo,N/D,35000,222.85,11.32,N/D,32,adsb.lol,2026-10-05
2026-10-05 16:36:52,RYR2NR,4ca97b,N/D,Decollo,Rotta 225.0°,2850,225.0,4.68,N/D,2624,adsb.lol,2026-10-05
2026-10-05 16:36:52,RYR91EJ,4caecb,N/D,Sorvolo,N/D,2125,284.89,11.09,N/D,-960,adsb.lol,2026-10-05
2026-10-05 16:38:53,RYR91EJ,4caecb,RWY 28,Avvicinamento,Est -> Ovest,1200,284.78,5.58,N/D,-832,adsb.lol,2026-10-05
2026-10-05 16:38:53,EJU31LH,4ca82e,N/D,Sorvolo,N/D,18525,213.61,14.1,N/D,-2432,adsb.lol,2026-10-05
2026-10-05 16:40:54,RYR6548,4cadc4,N/D,Sorvolo,N/D,10500,120.65,3.06,N/D,-1088,adsb.lol,2026-10-05
2026-10-05 16:40:54,EJU31LH,4ca82e,N/D,Sorvolo,N/D,13450,213.39,11.63,N/D,-2688,adsb.lol,2026-10-05
2026-10-05 16:42:55,SWU1988,4d23ef,N/D,Sorvolo,N/D,2275,285.06,12.01,N/D,-1088,adsb.lol,2026-10-05
2026-10-05 16:44:56,SWU1988,4d23ef,RWY 28,Atterraggio,Est -> Ovest,1075,285.01,4.88,N/D,-832,adsb.lol,2026-10-05
2026-10-05 16:46:58,SWU1988,4d23ef,RWY 28,Atterraggio,Est -> Ovest,575,284.55,2.01,Malta,-639,opensky,2026-10-05
2026-10-05 16:48:59,RYR46XX,4caee7,N/D,Sorvolo,N/D,4700,225.36,10.84,N/D,2432,adsb.lol,2026-10-05
2026-10-05 16:51:00,RYR6548,4cadc4,RWY 28,Avvicinamento,Est -> Ovest,1175,285.08,5.48,N/D,-768,adsb.lol,2026-10-05
2026-10-05 16:51:00,RYR538B,4ca7b3,N/D,Sorvolo,N/D,5225,214.24,11.53,N/D,2880,adsb.lol,2026-10-05
2026-10-05 16:51:00,RYR46XX,4caee7,N/D,Sorvolo,N/D,8850,46.33,14.85,N/D,2560,adsb.lol,2026-10-05
2026-10-05 16:53:02,LHX63U,3c48e8,N/D,Sorvolo,N/D,37750,38.47,8.41,N/D,-1152,adsb.lol,2026-10-05
2026-10-05 16:53:02,RYR46XX,4caee7,N/D,Sorvolo,N/D,12200,354.84,5.44,N/D,2240,adsb.lol,2026-10-05
2026-10-05 16:55:03,RYR55WG,48c230,N/D,Decollo,Rotta 224.3°,3375,224.29,5.21,N/D,2816,adsb.lol,2026-10-05
2026-10-05 16:55:03,EJU97LZ,44015a,N/D,Sorvolo,N/D,37625,323.92,9.82,N/D,-512,adsb.lol,2026-10-05
2026-10-05 16:55:03,SUZ7,485ec6,N/D,Sorvolo,N/D,2100,284.8,10.62,N/D,-768,adsb.lol,2026-10-05
2026-10-05 16:57:04,RYR3586,48c133,N/D,Sorvolo,N/D,10975,217.12,5.72,N/D,0,adsb.lol,2026-10-05
2026-10-05 16:57:04,RYR55WG,48c230,N/D,Sorvolo,N/D,7000,77.74,7.76,N/D,3648,adsb.lol,2026-10-05
2026-10-05 16:57:04,SUZ7,485ec6,RWY 28,Avvicinamento,Est -> Ovest,1275,286.2,5.63,N/D,-640,adsb.lol,2026-10-05
2026-10-05 16:59:05,WMT5CS,4d201e,N/D,Sorvolo,N/D,21025,91.06,3.8,N/D,2304,adsb.lol,2026-10-05
2026-10-05 16:59:05,BBG154,4521bf,N/D,Sorvolo,N/D,2825,285.81,14.77,N/D,-960,adsb.lol,2026-10-05
2026-10-05 16:59:05,RYR3586,48c133,N/D,Sorvolo,N/D,8300,156.41,11.99,N/D,-1664,adsb.lol,2026-10-05
2026-10-05 17:01:14,RYR5939,48c227,N/D,Sorvolo,N/D,38000,294.17,10.92,N/D,0,adsb.lol,2026-10-05
2026-10-05 17:01:14,BBG154,4521bf,RWY 28,Avvicinamento,Est -> Ovest,1225,284.57,5.39,N/D,-704,adsb.lol,2026-10-05
2026-10-05 17:01:14,RYR8479,4d234c,N/D,Decollo,Rotta 224.8°,4100,224.79,8.73,N/D,576,adsb.lol,2026-10-05
2026-10-05 17:01:14,OEAAR,48b960,N/D,Avvicinamento,Rotta 48.3°,1375,48.26,9.03,N/D,-192,adsb.lol,2026-10-05
2026-10-05 17:03:17,OEAAR,48b960,N/D,Avvicinamento,Rotta 48.3°,1950,48.31,8.29,N/D,64,adsb.lol,2026-10-05
2026-10-05 17:05:18,RYR4BN,4cafb5,N/D,Decollo,Rotta 225.2°,3925,225.22,6.37,N/D,1920,adsb.lol,2026-10-05
2026-10-05 17:05:18,RYR3586,48c133,N/D,Sorvolo,N/D,2375,285.2,12.36,N/D,-960,adsb.lol,2026-10-05
2026-10-05 17:05:18,RYR119G,4d2216,N/D,Sorvolo,N/D,15425,89.86,12.67,N/D,2624,adsb.lol,2026-10-05
2026-10-05 17:05:18,OEAAR,48b960,RWY 10,Avvicinamento,Ovest -> Est,1775,111.67,5.92,N/D,128,adsb.lol,2026-10-05
2026-10-05 17:07:21,RYR119G,4d2216,N/D,Sorvolo,N/D,20275,90.0,13.7,N/D,2048,adsb.lol,2026-10-05
2026-10-05 17:07:21,RYR59RR,4ca6a9,N/D,Decollo,Rotta 225.0°,4875,225.0,9.92,N/D,3072,adsb.lol,2026-10-05
2026-10-05 17:07:21,RYR3586,48c133,RWY 28,Avvicinamento,Est -> Ovest,1200,284.84,5.58,N/D,-832,adsb.lol,2026-10-05
2026-10-05 17:07:21,OEAAR,48b960,N/D,Decollo,Rotta 121.2°,1675,121.18,1.39,N/D,-64,adsb.lol,2026-10-05
2026-10-05 17:07:21,RYR4BN,4cafb5,N/D,Sorvolo,N/D,8775,68.69,10.31,N/D,1152,adsb.lol,2026-10-05
2026-10-05 17:09:22,RYR4BN,4cafb5,N/D,Sorvolo,N/D,13275,63.08,13.91,N/D,896,adsb.lol,2026-10-05
2026-10-05 17:09:22,CNV6981,ae5719,N/D,Sorvolo,N/D,39000,152.47,5.54,N/D,0,adsb.lol,2026-10-05
2026-10-05 17:09:22,OEAAR,48b960,N/D,Atterraggio,Rotta 181.4°,1600,181.38,4.25,N/D,-256,adsb.lol,2026-10-05
2026-10-05 17:09:22,RYR33VK,4caeca,N/D,Sorvolo,N/D,2575,285.03,13.6,N/D,-960,adsb.lol,2026-10-05
2026-10-05 17:11:23,TJD402,30048f,N/D,Sorvolo,N/D,18875,215.22,9.72,N/D,-1824,adsb.lol,2026-10-05
2026-10-05 17:11:23,OEAAR,48b960,RWY 10,Avvicinamento,Ovest -> Est,1650,108.85,8.77,N/D,-128,adsb.lol,2026-10-05
2026-10-05 17:11:23,RYR33VK,4caeca,RWY 28,Avvicinamento,Est -> Ovest,1250,284.98,5.84,N/D,-832,adsb.lol,2026-10-05
2026-10-05 17:11:23,RYR34EK,4d225a,N/D,Decollo,Rotta 223.4°,4575,223.41,9.57,N/D,1472,adsb.lol,2026-10-05
2026-10-05 17:13:24,RYR20SE,4d21eb,N/D,Sorvolo,N/D,5275,112.23,10.26,N/D,1152,adsb.lol,2026-10-05
2026-10-05 17:13:24,OEAAR,48b960,N/D,Sorvolo,N/D,1725,112.67,13.9,N/D,-64,adsb.lol,2026-10-05
2026-10-05 17:13:24,RYR58NF,4ca622,RWY 28,Avvicinamento,Est -> Ovest,1825,285.01,9.28,N/D,-896,adsb.lol,2026-10-05
2026-10-05 17:13:24,THY9YH,4bb1e6,N/D,Sorvolo,N/D,19300,274.29,11.61,N/D,-1408,adsb.lol,2026-10-05
2026-10-05 17:13:24,RRR1270,407d8f,N/D,Sorvolo,N/D,29200,90.99,5.73,N/D,-1664,adsb.lol,2026-10-05
2026-10-05 17:15:25,RYR20SE,4d21eb,N/D,Sorvolo,N/D,10400,80.57,13.06,N/D,1984,adsb.lol,2026-10-05
2026-10-05 17:15:25,THY9YH,4bb1e6,N/D,Sorvolo,N/D,16250,252.94,10.33,N/D,-1536,adsb.lol,2026-10-05
2026-10-05 17:15:25,ICNTM,3009fd,N/D,Sorvolo,N/D,1425,277.48,12.6,N/D,512,adsb.lol,2026-10-05
2026-10-05 17:17:27,RYR58NF,4ca622,RWY 28,Atterraggio,Est -> Ovest,600,284.41,1.93,Ireland,-639,opensky,2026-10-05
2026-10-05 17:19:28,PGT40XK,4bc885,N/D,Decollo,Rotta 231.3°,2575,231.34,4.13,N/D,2688,adsb.lol,2026-10-05
2026-10-05 17:21:29,PGT40XK,4bc885,N/D,Sorvolo,N/D,6125,114.13,13.31,N/D,2752,adsb.lol,2026-10-05
2026-10-05 17:23:30,PGT40XK,4bc885,N/D,Sorvolo,N/D,10975,76.26,13.37,N/D,1792,adsb.lol,2026-10-05
2026-10-05 17:27:34,WZZ908,4d252b,N/D,Sorvolo,N/D,20675,84.41,9.32,N/D,1984,adsb.lol,2026-10-05
2026-10-05 17:29:35,FIN8KT,45ab27,N/D,Sorvolo,N/D,35000,218.74,10.88,N/D,0,adsb.lol,2026-10-05
2026-10-05 17:31:36,LSM888,5003b9,RWY 28,Decollo,Est -> Ovest,2000,284.12,1.47,N/D,3776,adsb.lol,2026-10-05
2026-10-05 17:33:37,RYR7PV,4cae48,N/D,Sorvolo,N/D,2475,285.47,12.97,N/D,-896,adsb.lol,2026-10-05
2026-10-05 17:33:37,RYR4AF,48c2a6,N/D,Sorvolo,N/D,37000,226.3,7.82,N/D,-64,adsb.lol,2026-10-05
2026-10-05 17:33:37,LSM888,5003b9,N/D,Sorvolo,N/D,9375,152.6,12.12,N/D,2752,adsb.lol,2026-10-05
2026-10-05 17:35:40,OEAAR,48b960,N/D,Sorvolo,N/D,1800,285.42,14.78,N/D,-192,adsb.lol,2026-10-05
2026-10-05 17:35:40,RYR7PV,4cae48,RWY 28,Avvicinamento,Est -> Ovest,1150,284.6,5.36,N/D,-704,adsb.lol,2026-10-05
2026-10-05 17:37:42,OEAAR,48b960,RWY 28,Avvicinamento,Est -> Ovest,1725,284.68,9.33,N/D,0,adsb.lol,2026-10-05
2026-10-05 17:39:43,OEAAR,48b960,RWY 28,Atterraggio,Est -> Ovest,1725,283.55,4.74,N/D,-64,adsb.lol,2026-10-05
2026-10-05 17:39:43,EJU59FK,440031,N/D,Sorvolo,N/D,14250,81.39,8.11,N/D,2880,adsb.lol,2026-10-05
2026-10-05 17:39:43,RYR733U,4d23fb,N/D,Sorvolo,N/D,4825,213.62,10.33,N/D,2688,adsb.lol,2026-10-05
2026-10-05 17:41:44,OEAAR,48b960,RWY 28,Atterraggio,Est -> Ovest,1800,281.85,1.2,N/D,64,adsb.lol,2026-10-05
2026-10-05 17:43:45,OEAAR,48b960,RWY 28,Avvicinamento,Est -> Ovest,1875,274.82,6.32,N/D,192,adsb.lol,2026-10-05
2026-10-05 17:43:45,RYR96EU,4caf34,N/D,Sorvolo,N/D,11300,191.16,13.58,N/D,-2176,adsb.lol,2026-10-05
2026-10-05 17:45:46,RYR96EU,4caf34,N/D,Sorvolo,N/D,7525,191.04,13.74,N/D,-1664,adsb.lol,2026-10-05
2026-10-05 17:45:46,OEAAR,48b960,N/D,Avvicinamento,Rotta 11.3°,1725,11.31,9.94,N/D,-64,adsb.lol,2026-10-05
2026-10-05 17:47:47,OEAAR,48b960,N/D,Sorvolo,N/D,1550,217.37,11.07,N/D,-64,adsb.lol,2026-10-05
2026-10-05 17:49:49,OEAAR,48b960,N/D,Avvicinamento,Rotta 14.6°,975,14.62,9.9,N/D,-640,adsb.lol,2026-10-05
2026-10-05 17:49:49,RYR3N,4cad28,RWY 28,Decollo,Est -> Ovest,3850,254.98,6.82,N/D,2368,adsb.lol,2026-10-05
2026-10-05 17:51:50,RYR4YZ,4caecb,N/D,Avvicinamento,Rotta 214.6°,4125,214.58,8.59,N/D,448,adsb.lol,2026-10-05
2026-10-05 17:51:50,RYR96EU,4caf34,RWY 28,Avvicinamento,Est -> Ovest,1550,285.13,7.74,N/D,-832,adsb.lol,2026-10-05
2026-10-05 17:51:50,DLH6TU,3c66aa,N/D,Sorvolo,N/D,21300,42.71,8.01,N/D,1024,adsb.lol,2026-10-05
2026-10-05 17:53:52,OEAAR,48b960,N/D,Avvicinamento,Rotta 23.2°,850,23.2,9.88,Poland,-639,opensky,2026-10-05
2026-10-05 17:53:52,RYR96EU,4caf34,RWY 28,Atterraggio,Est -> Ovest,575,284.78,2.02,Ireland,-767,opensky,2026-10-05
2026-10-05 17:55:53,RYR84SX,48c1a6,N/D,Sorvolo,N/D,20625,80.59,11.5,N/D,3072,adsb.lol,2026-10-05
2026-10-05 17:55:53,RYR81LE,48c233,RWY 28,Avvicinamento,Est -> Ovest,1875,284.68,9.66,N/D,-960,adsb.lol,2026-10-05
2026-10-05 17:57:55,OEAAD,44069d,N/D,Sorvolo,N/D,1800,62.0,13.72,N/D,34,adsb.fi,2026-10-05
2026-10-05 17:59:56,EJU91FL,440cff,N/D,Sorvolo,N/D,38050,44.43,9.4,N/D,32,adsb.lol,2026-10-05
2026-10-05 18:01:57,RYR3585,48c133,N/D,Sorvolo,N/D,5100,180.53,11.71,N/D,1216,adsb.lol,2026-10-05
2026-10-05 18:01:57,WZZ6674,4d242d,N/D,Sorvolo,N/D,37000,223.94,6.48,N/D,-32,adsb.lol,2026-10-05
2026-10-05 18:03:58,RYR3585,48c133,N/D,Sorvolo,N/D,9550,84.49,10.64,N/D,2752,adsb.lol,2026-10-05
2026-10-05 18:05:59,RYR34XQ,48c222,N/D,Sorvolo,N/D,10375,194.93,11.32,N/D,-1472,adsb.lol,2026-10-05
2026-10-05 18:05:59,RYR916R,4ca804,N/D,Sorvolo,N/D,13300,217.51,13.8,N/D,-1856,adsb.lol,2026-10-05
2026-10-05 18:08:00,RYR5LG,4caeca,N/D,Decollo,Rotta 223.3°,2900,223.34,4.87,N/D,2176,adsb.lol,2026-10-05
2026-10-05 18:08:00,RYR916R,4ca804,N/D,Sorvolo,N/D,10350,156.44,5.96,N/D,-1344,adsb.lol,2026-10-05
2026-10-05 18:10:04,RYR5LG,4caeca,N/D,Sorvolo,N/D,7150,105.91,14.14,N/D,2624,adsb.lol,2026-10-05
2026-10-05 18:12:05,RYR34XQ,48c222,N/D,Sorvolo,N/D,2700,285.17,14.47,N/D,-896,adsb.lol,2026-10-05
2026-10-05 18:12:05,RYR5LG,4caeca,N/D,Sorvolo,N/D,11100,68.2,9.71,N/D,1536,adsb.lol,2026-10-05
2026-10-05 18:12:05,ICNTM,3009fd,RWY 10,Avvicinamento,Ovest -> Est,1500,108.8,9.47,N/D,-1024,adsb.lol,2026-10-05
2026-10-05 18:14:06,RYR34XQ,48c222,RWY 28,Avvicinamento,Est -> Ovest,1175,284.89,5.42,N/D,-832,adsb.lol,2026-10-05
2026-10-05 18:14:06,ICNTM,3009fd,N/D,Sorvolo,N/D,1450,307.44,10.2,N/D,-768,adsb.lol,2026-10-05
2026-10-05 18:14:06,EJU61RU,440469,N/D,Sorvolo,N/D,35000,220.8,10.11,N/D,-64,adsb.lol,2026-10-05
2026-10-05 18:16:07,RYR916R,4ca804,RWY 28,Avvicinamento,Est -> Ovest,1750,284.69,8.86,N/D,-832,adsb.lol,2026-10-05
2026-10-05 18:18:10,ICNTM,3009fd,N/D,Sorvolo,N/D,875,204.12,10.27,Italy,-960,opensky,2026-10-05
2026-10-05 18:18:10,RYR34XQ,48c222,RWY 28,Atterraggio,Est -> Ovest,575,284.91,1.94,Poland,-576,opensky,2026-10-05
2026-10-05 18:18:10,RYR916R,4ca804,RWY 28,Atterraggio,Est -> Ovest,550,284.98,1.97,Ireland,-576,opensky,2026-10-05
2026-10-05 18:20:12,IOASM,3006a7,N/D,Sorvolo,N/D,1800,0.0,12.86,N/D,2244,adsb.fi,2026-10-05
2026-10-05 18:22:13,RYR62MD,4ca622,N/D,Sorvolo,N/D,5750,218.2,11.51,N/D,2368,adsb.lol,2026-10-05
2026-10-05 18:26:18,IOASM,3006a7,N/D,Sorvolo,N/D,1700,51.0,14.37,N/D,165,adsb.fi,2026-10-05
2026-10-05 18:28:19,DLH3RT,3c6652,N/D,Sorvolo,N/D,13525,211.66,10.76,N/D,-2048,adsb.lol,2026-10-05
2026-10-05 18:28:19,NOS1930,4cac36,N/D,Sorvolo,N/D,17075,270.15,3.47,N/D,-2176,adsb.lol,2026-10-05
2026-10-05 18:30:20,RYR7ZN,4d222b,N/D,Sorvolo,N/D,2725,285.23,14.65,N/D,-1152,adsb.lol,2026-10-05
2026-10-05 18:30:20,DLH3RT,3c6652,N/D,Sorvolo,N/D,9325,215.22,14.98,N/D,-1600,adsb.lol,2026-10-05
2026-10-05 18:32:21,RYR6QU,4cae48,N/D,Decollo,Rotta 222.6°,2925,222.63,5.18,N/D,1984,adsb.lol,2026-10-05
2026-10-05 18:32:21,RYR7ZN,4d222b,RWY 28,Avvicinamento,Est -> Ovest,1125,284.78,5.26,N/D,-896,adsb.lol,2026-10-05
2026-10-05 18:34:23,RYR7ZN,4d222b,RWY 28,Atterraggio,Est -> Ovest,575,284.8,2.02,Malta,-576,opensky,2026-10-05
2026-10-05 18:36:24,BBG155,4521bf,RWY 28,Decollo,Est -> Ovest,1600,263.09,2.35,N/D,2816,adsb.lol,2026-10-05
2026-10-05 18:36:24,AUA405,4402a3,N/D,Sorvolo,N/D,37025,234.05,14.62,N/D,0,adsb.lol,2026-10-05
2026-10-05 18:38:26,RYR10AQ,4cae58,RWY 28,Avvicinamento,Est -> Ovest,1375,284.41,6.13,N/D,-704,adsb.lol,2026-10-05
2026-10-05 18:38:26,BBG155,4521bf,N/D,Sorvolo,N/D,4875,224.8,12.94,N/D,2176,adsb.lol,2026-10-05
2026-10-05 18:40:27,BBG155,4521bf,N/D,Sorvolo,N/D,8675,77.93,11.62,N/D,2304,adsb.lol,2026-10-05
2026-10-05 18:42:28,RYR69LP,48c22d,N/D,Sorvolo,N/D,25000,226.54,7.12,N/D,-32,adsb.lol,2026-10-05
2026-10-05 18:42:28,RYR12LU,4caf34,N/D,Decollo,Rotta 222.4°,2800,222.41,4.92,N/D,2432,adsb.lol,2026-10-05
2026-10-05 18:42:28,WZZ9ZK,471daf,N/D,Sorvolo,N/D,32375,82.62,12.16,N/D,1408,adsb.lol,2026-10-05
2026-10-05 18:42:28,AUA52TV,44082a,N/D,Sorvolo,N/D,19325,200.24,9.22,N/D,-1984,adsb.lol,2026-10-05
2026-10-05 18:44:31,RYR12LU,4caf34,N/D,Sorvolo,N/D,6025,143.5,13.87,N/D,2624,adsb.lol,2026-10-05
2026-10-05 18:44:31,AUA52TV,44082a,N/D,Sorvolo,N/D,15675,214.93,11.89,N/D,-1984,adsb.lol,2026-10-05
2026-10-05 18:48:34,RYR91SU,4cad2b,N/D,Sorvolo,N/D,11075,195.39,14.82,N/D,-2432,adsb.lol,2026-10-05
2026-10-05 18:50:35,RYR91SU,4cad2b,N/D,Sorvolo,N/D,7650,192.38,14.14,N/D,-1728,adsb.lol,2026-10-05
2026-10-05 18:52:36,EJU5407,440065,N/D,Sorvolo,N/D,15225,71.9,3.99,N/D,2880,adsb.lol,2026-10-05
2026-10-05 18:54:37,BTI630,502d5d,N/D,Sorvolo,N/D,20725,64.14,4.34,N/D,1472,adsb.lol,2026-10-05
2026-10-05 18:54:37,DLH88E,3c6585,N/D,Sorvolo,N/D,34050,40.64,4.12,N/D,0,adsb.lol,2026-10-05
2026-10-05 18:54:37,RYR40KU,4cacdf,N/D,Sorvolo,N/D,38000,65.26,7.77,N/D,0,adsb.lol,2026-10-05
2026-10-05 18:56:38,RYR866B,4d225d,N/D,Sorvolo,N/D,9775,133.67,10.06,N/D,-1088,adsb.lol,2026-10-05
2026-10-05 18:56:38,RYR91SU,4cad2b,RWY 28,Avvicinamento,Est -> Ovest,1425,284.87,7.12,N/D,-896,adsb.lol,2026-10-05
2026-10-05 18:58:42,RYR866B,4d225d,N/D,Sorvolo,N/D,7475,133.57,13.21,N/D,-704,adsb.lol,2026-10-05
2026-10-05 19:00:57,RYR91SU,4cad2b,RWY 28,Atterraggio,Est -> Ovest,575,284.32,2.01,Ireland,-704,opensky,2026-10-05
2026-10-05 19:03:00,RYR91SU,4cad2b,RWY 28,Atterraggio,Est -> Ovest,575,284.32,2.01,Ireland,-704,opensky,2026-10-05
2026-10-05 19:05:02,RYR866B,4d225d,RWY 28,Avvicinamento,Est -> Ovest,1350,284.95,6.74,N/D,-960,adsb.lol,2026-10-05
2026-10-05 19:05:02,GAC705H,4405da,N/D,Sorvolo,N/D,33000,218.88,9.27,N/D,0,adsb.lol,2026-10-05
2026-10-05 19:05:02,RYR8AQ,48c222,N/D,Decollo,Rotta 224.8°,3250,224.77,4.88,N/D,2624,adsb.lol,2026-10-05
2026-10-05 19:07:11,FJO97,4d2017,N/D,Sorvolo,N/D,23350,215.76,10.1,N/D,-2048,adsb.lol,2026-10-05
2026-10-05 19:07:11,RYR8AQ,48c222,N/D,Sorvolo,N/D,8175,87.18,7.92,N/D,832,adsb.lol,2026-10-05
2026-10-05 19:09:13,RYR866B,4d225d,RWY 28,Atterraggio,Est -> Ovest,550,284.7,1.91,Malta,-704,opensky,2026-10-05
2026-10-05 19:11:14,UZB255,507c5f,N/D,Sorvolo,N/D,16100,274.97,5.96,N/D,-1728,adsb.lol,2026-10-05
2026-10-05 19:13:18,RYR7HH,48c233,N/D,Sorvolo,N/D,5400,155.3,11.17,N/D,1024,adsb.lol,2026-10-05
2026-10-05 19:13:18,ELY281,738068,N/D,Sorvolo,N/D,18300,270.35,4.24,N/D,-1536,adsb.lol,2026-10-05
2026-10-05 19:13:18,UZB255,507c5f,N/D,Sorvolo,N/D,13025,285.24,13.18,N/D,-192,adsb.lol,2026-10-05
2026-10-05 19:13:18,RYR62FP,4cae6d,RWY 28,Avvicinamento,Est -> Ovest,1750,284.79,9.0,N/D,-1024,adsb.lol,2026-10-05
2026-10-05 19:15:21,RYR7HH,48c233,N/D,Sorvolo,N/D,10400,68.38,8.75,N/D,2688,adsb.lol,2026-10-05
2026-10-05 19:15:21,RYR1YC,4ca804,N/D,Decollo,Rotta 186.2°,4775,186.2,9.91,N/D,2560,adsb.lol,2026-10-05
2026-10-05 19:17:26,RYR62FP,4cae6d,RWY 28,Atterraggio,Est -> Ovest,550,285.15,1.95,Ireland,-704,opensky,2026-10-05
2026-10-05 19:19:28,RYR62FP,4cae6d,RWY 28,Atterraggio,Est -> Ovest,550,285.15,1.95,Ireland,-704,opensky,2026-10-05
2026-10-05 19:21:31,RYR91CV,4d222b,N/D,Decollo,Rotta 221.5°,2625,221.52,4.55,N/D,2048,adsb.lol,2026-10-05
2026-10-05 19:23:33,RYR91CV,4d222b,N/D,Sorvolo,N/D,6775,92.2,10.25,N/D,1216,adsb.lol,2026-10-05
2026-10-05 19:25:34,EJU54KZ,440c83,N/D,Sorvolo,N/D,38025,315.28,11.67,N/D,32,adsb.lol,2026-10-05
2026-10-05 19:27:35,FIE247,504e65,RWY 28,Avvicinamento,Est -> Ovest,1400,285.08,6.87,N/D,-704,adsb.lol,2026-10-05
2026-10-05 19:29:36,NJE898A,4932a3,N/D,Sorvolo,N/D,22275,103.96,13.82,N/D,1536,adsb.lol,2026-10-05
2026-10-05 19:31:37,WMT7HK,471e60,N/D,Sorvolo,N/D,8675,194.46,12.06,N/D,-2176,adsb.lol,2026-10-05
2026-10-05 19:33:38,WZZ182J,471f64,N/D,Sorvolo,N/D,37025,225.78,6.59,N/D,-64,adsb.lol,2026-10-05
2026-10-05 19:35:39,KAL927,71c576,N/D,Sorvolo,N/D,15050,269.66,6.89,N/D,-1536,adsb.lol,2026-10-05
2026-10-05 19:37:40,WMT7HK,471e60,N/D,Sorvolo,N/D,1975,284.91,10.17,N/D,-576,adsb.lol,2026-10-05
2026-10-05 19:37:40,ASL14G,4c0263,N/D,Sorvolo,N/D,18925,270.0,5.49,N/D,-1920,adsb.lol,2026-10-05
2026-10-05 19:39:41,WMT7HK,471e60,RWY 28,Atterraggio,Est -> Ovest,1075,284.62,4.82,N/D,-704,adsb.lol,2026-10-05
2026-10-05 19:39:41,EJU49PY,44023f,N/D,Sorvolo,N/D,30050,99.32,10.35,N/D,-896,adsb.lol,2026-10-05
2026-10-05 19:39:41,RYR77UX,4d22b6,N/D,Sorvolo,N/D,12350,217.31,5.52,N/D,-1344,adsb.lol,2026-10-05
2026-10-05 19:41:42,EJU49PY,44023f,N/D,Sorvolo,N/D,28125,99.41,14.66,N/D,-1024,adsb.lol,2026-10-05
2026-10-05 19:41:42,RYR77UX,4d22b6,N/D,Sorvolo,N/D,9700,156.69,13.05,N/D,-1408,adsb.lol,2026-10-05
2026-10-05 19:43:43,RYR9GR,4ca97b,RWY 28,Avvicinamento,Est -> Ovest,1725,285.39,9.25,N/D,-1216,adsb.lol,2026-10-05
2026-10-05 19:43:43,RYR3GD,4cad2b,N/D,Sorvolo,N/D,4450,225.39,10.03,N/D,832,adsb.lol,2026-10-05
2026-10-05 19:45:45,FIN50J,461f9b,N/D,Sorvolo,N/D,13850,94.92,14.38,N/D,1792,adsb.lol,2026-10-05
2026-10-05 19:47:46,NJE889N,491d8a,N/D,Sorvolo,N/D,34275,93.09,9.65,N/D,-1600,adsb.lol,2026-10-05
2026-10-05 19:47:46,RYR3JR,4ca4ee,RWY 28,Avvicinamento,Est -> Ovest,1125,284.67,5.29,N/D,-832,adsb.lol,2026-10-05
2026-10-05 19:47:46,FIN50J,461f9b,N/D,Sorvolo,N/D,18075,72.61,11.6,N/D,1856,adsb.lol,2026-10-05
2026-10-05 19:49:47,RYR2NJ,4ca704,N/D,Sorvolo,N/D,2325,285.01,12.28,N/D,-1024,adsb.lol,2026-10-05
2026-10-05 19:51:48,RYR2NJ,4ca704,RWY 28,Avvicinamento,Est -> Ovest,1175,284.64,5.72,N/D,-896,adsb.lol,2026-10-05
2026-10-05 19:51:48,RYR5WH,4cae58,N/D,Decollo,Rotta 223.9°,3200,223.88,6.44,N/D,2048,adsb.lol,2026-10-05
2026-10-05 19:53:49,RYR77UX,4d22b6,RWY 28,Avvicinamento,Est -> Ovest,1450,284.93,7.33,N/D,-1024,adsb.lol,2026-10-05
2026-10-05 19:53:49,BAW608,4081a3,N/D,Sorvolo,N/D,30850,99.09,8.0,N/D,-896,adsb.lol,2026-10-05
2026-10-05 19:53:49,EJU12ZD,440170,N/D,Sorvolo,N/D,19625,81.43,14.1,N/D,2624,adsb.lol,2026-10-05
2026-10-05 19:56:04,EJU12ZD,440170,N/D,Sorvolo,N/D,24575,81.75,14.99,N/D,1536,adsb.lol,2026-10-05
2026-10-05 19:56:04,AUA379,502d0f,N/D,Sorvolo,N/D,33000,219.81,9.28,N/D,0,adsb.lol,2026-10-05
2026-10-05 19:56:04,RYR76WE,4d225b,RWY 28,Avvicinamento,Est -> Ovest,1875,285.17,9.67,N/D,-960,adsb.lol,2026-10-05
2026-10-05 19:56:04,WZZ3384,4d20fd,N/D,Sorvolo,N/D,35000,219.37,6.32,N/D,0,adsb.lol,2026-10-05
2026-10-05 19:56:04,DLH3PL,3c6652,N/D,Sorvolo,N/D,18600,85.68,11.04,N/D,2112,adsb.lol,2026-10-05
2026-10-05 19:58:05,RYR74PT,4ca61c,N/D,Sorvolo,N/D,2650,284.73,14.13,N/D,-896,adsb.lol,2026-10-05
2026-10-05 19:58:05,RYR76WE,4d225b,RWY 28,Atterraggio,Est -> Ovest,875,285.0,3.82,N/D,0,adsb.lol,2026-10-05
2026-10-05 20:00:07,RYR74PT,4ca61c,RWY 28,Avvicinamento,Est -> Ovest,1125,285.0,5.34,N/D,-832,adsb.lol,2026-10-05
2026-10-05 20:00:07,RYR30CK,4d22ff,N/D,Sorvolo,N/D,36000,78.08,8.16,N/D,32,adsb.lol,2026-10-05
2026-10-05 20:02:08,AFR89KL,398577,N/D,Sorvolo,N/D,30850,94.61,10.42,N/D,-1024,adsb.lol,2026-10-05
2026-10-05 20:02:08,RYR4LN,4d21ec,RWY 28,Avvicinamento,Est -> Ovest,1350,285.11,6.71,N/D,-896,adsb.lol,2026-10-05
2026-10-05 20:04:20,RYR52BG,4ca27c,N/D,Sorvolo,N/D,10275,134.7,8.91,N/D,-1472,adsb.lol,2026-10-05
2026-10-05 20:06:19,RYR46YM,4ca259,N/D,Sorvolo,N/D,12050,119.0,8.56,N/D,-896,adsb.lol,2026-10-05
2026-10-05 20:08:20,RYR46YM,4ca259,N/D,Sorvolo,N/D,10100,156.94,8.81,N/D,-1664,adsb.lol,2026-10-05
2026-10-05 20:08:20,N3CP,a31ae0,N/D,Sorvolo,N/D,12625,132.42,0.44,N/D,-1024,adsb.lol,2026-10-05
2026-10-05 20:10:21,THY90Q,4bb1e6,N/D,Sorvolo,N/D,19475,95.84,4.14,N/D,1216,adsb.lol,2026-10-05
2026-10-05 20:10:21,RYR52BG,4ca27c,N/D,Sorvolo,N/D,2625,284.65,14.02,N/D,-960,adsb.lol,2026-10-05
2026-10-05 20:10:21,VLG22UK,34768f,N/D,Sorvolo,N/D,36975,233.03,10.48,N/D,-64,adsb.lol,2026-10-05
2026-10-05 20:12:23,IVLTN,300750,RWY 10,Avvicinamento,Ovest -> Est,950,106.11,7.75,N/D,-192,adsb.lol,2026-10-05
2026-10-05 20:12:23,RYR52BG,4ca27c,RWY 28,Avvicinamento,Est -> Ovest,1175,285.05,5.54,N/D,-896,adsb.lol,2026-10-05
2026-10-05 20:14:24,RYR92XY,4d2248,N/D,Sorvolo,N/D,2000,284.95,10.45,N/D,-896,adsb.lol,2026-10-05
2026-10-05 20:14:24,AUA528L,44082a,N/D,Sorvolo,N/D,17675,78.9,4.45,N/D,3584,adsb.lol,2026-10-05
2026-10-05 20:16:26,RYR52BG,4ca27c,RWY 28,Atterraggio,Est -> Ovest,550,285.19,1.89,Ireland,-576,opensky,2026-10-05
2026-10-05 20:16:26,IVLTN,300750,RWY 10,Avvicinamento,Ovest -> Est,700,107.42,5.96,Italy,-255,opensky,2026-10-05
2026-10-05 20:16:26,RYR92XY,4d2248,RWY 28,Atterraggio,Est -> Ovest,550,285.0,1.96,Malta,-832,opensky,2026-10-05
2026-10-05 20:18:27,RYR79WD,4cae6d,RWY 28,Decollo,Est -> Ovest,1425,276.96,2.25,N/D,2560,adsb.lol,2026-10-05
2026-10-05 20:18:27,RYR46YM,4ca259,RWY 28,Avvicinamento,Est -> Ovest,1125,284.91,5.27,N/D,-832,adsb.lol,2026-10-05
2026-10-05 20:18:27,LOT2FE,48e95d,N/D,Sorvolo,N/D,16925,84.45,9.63,N/D,2304,adsb.lol,2026-10-05
2026-10-05 20:20:29,N3CP,a31ae0,N/D,Sorvolo,N/D,2200,284.93,11.43,N/D,-1152,adsb.lol,2026-10-05
2026-10-05 20:20:29,RYR79WD,4cae6d,N/D,Sorvolo,N/D,5575,225.0,13.12,N/D,1408,adsb.lol,2026-10-05
2026-10-05 20:22:30,N3CP,a31ae0,RWY 28,Atterraggio,Est -> Ovest,1000,284.85,4.5,N/D,-704,adsb.lol,2026-10-05
2026-10-05 20:24:31,RYR88YJ,4caecb,RWY 28,Avvicinamento,Est -> Ovest,1150,285.12,5.52,N/D,-896,adsb.lol,2026-10-05
2026-10-05 20:24:31,CCA750,78103a,N/D,Sorvolo,N/D,17925,83.93,14.09,N/D,1728,adsb.lol,2026-10-05
2026-10-05 20:26:32,WMT7N,4d2067,N/D,Sorvolo,N/D,36000,317.31,8.9,N/D,64,adsb.lol,2026-10-05
2026-10-05 20:26:32,AMQ168,452172,N/D,Sorvolo,N/D,37025,235.17,14.44,N/D,0,adsb.lol,2026-10-05
2026-10-05 20:28:33,LDX12C,440b49,N/D,Sorvolo,N/D,33000,221.32,11.08,N/D,64,adsb.lol,2026-10-05
2026-10-05 20:28:33,RYR25LY,4ca4ed,N/D,Sorvolo,N/D,37000,149.33,2.96,N/D,-32,adsb.lol,2026-10-05
2026-10-05 20:30:34,NSZ3750,4aca07,N/D,Sorvolo,N/D,14250,217.47,10.55,N/D,-576,adsb.lol,2026-10-05
2026-10-05 20:30:34,RYR3XZ,4cadc2,N/D,Sorvolo,N/D,31100,274.47,6.72,N/D,1728,adsb.lol,2026-10-05
2026-10-05 20:30:34,RYR1QN,4cadc4,N/D,Decollo,Rotta 212.6°,4250,212.55,9.08,N/D,1408,adsb.lol,2026-10-05
2026-10-05 20:32:35,RYR57TF,4d23fc,RWY 28,Avvicinamento,Est -> Ovest,1375,284.96,6.87,N/D,-832,adsb.lol,2026-10-05
2026-10-05 20:32:35,NSZ3750,4aca07,N/D,Sorvolo,N/D,11400,153.96,9.58,N/D,-1344,adsb.lol,2026-10-05
2026-10-05 20:32:35,RYR8366,48c1a8,N/D,Sorvolo,N/D,31550,64.62,12.46,N/D,1024,adsb.lol,2026-10-05
2026-10-05 20:34:36,WZZ4778,471e5e,N/D,Sorvolo,N/D,10425,164.22,3.07,N/D,-896,adsb.lol,2026-10-05
2026-10-05 20:34:36,WZZ5UH,471efa,N/D,Sorvolo,N/D,2225,285.0,11.63,N/D,-1088,adsb.lol,2026-10-05
2026-10-05 20:36:37,WZZ5UH,471efa,RWY 28,Atterraggio,Est -> Ovest,1000,285.05,4.73,N/D,-832,adsb.lol,2026-10-05
2026-10-05 20:36:37,RYR17TD,4ca97b,N/D,Decollo,Rotta 221.9°,2900,221.87,5.03,N/D,2816,adsb.lol,2026-10-05
2026-10-05 20:36:37,SAS688,4ca536,N/D,Sorvolo,N/D,24725,86.16,12.4,N/D,2496,adsb.lol,2026-10-05
2026-10-05 20:38:38,NSZ3750,4aca07,RWY 28,Avvicinamento,Est -> Ovest,1725,284.53,8.86,N/D,-832,adsb.lol,2026-10-05
2026-10-05 20:40:41,NSZ3750,4aca07,RWY 28,Atterraggio,Est -> Ovest,525,284.96,1.83,Sweden,-704,opensky,2026-10-05
2026-10-05 20:40:41,WZZ5UH,471efa,RWY 28,Atterraggio,Est -> Ovest,550,284.8,2.04,Hungary,-704,opensky,2026-10-05
2026-10-05 20:42:41,N4CP,a4a82f,N/D,Sorvolo,N/D,13050,121.18,5.84,N/D,-1408,adsb.lol,2026-10-05
2026-10-05 20:42:41,RYR87KH,48c2b8,N/D,Sorvolo,N/D,39000,226.65,9.95,N/D,32,adsb.lol,2026-10-05
2026-10-05 20:42:41,WZZ4778,471e5e,RWY 28,Avvicinamento,Est -> Ovest,1325,285.11,6.38,N/D,-704,adsb.lol,2026-10-05
2026-10-05 20:44:43,RYR2TV,4d234c,N/D,Sorvolo,N/D,2700,284.91,14.66,N/D,-1024,adsb.lol,2026-10-05
2026-10-05 20:44:43,N4CP,a4a82f,N/D,Sorvolo,N/D,10775,156.31,12.88,N/D,-1600,adsb.lol,2026-10-05
2026-10-05 20:44:43,ITY453,4cad5c,N/D,Sorvolo,N/D,15500,211.61,8.82,N/D,-960,adsb.lol,2026-10-05
2026-10-05 20:46:44,RYR2TV,4d234c,RWY 28,Avvicinamento,Est -> Ovest,1125,284.59,5.36,N/D,-768,adsb.lol,2026-10-05
2026-10-05 20:48:45,BAW543Q,406a3d,N/D,Sorvolo,N/D,34000,326.68,13.58,N/D,0,adsb.lol,2026-10-05
2026-10-05 20:50:46,RYR5AV,4d22b6,N/D,Decollo,Rotta 233.1°,2775,233.06,4.22,N/D,2048,adsb.lol,2026-10-05
2026-10-05 20:50:46,RYR9432,4cae65,N/D,Sorvolo,N/D,22925,270.44,9.03,N/D,-896,adsb.lol,2026-10-05
2026-10-05 20:50:46,N4CP,a4a82f,RWY 28,Avvicinamento,Est -> Ovest,1800,284.69,9.22,N/D,-960,adsb.lol,2026-10-05
2026-10-05 20:50:46,WMT9TD,471f01,N/D,Sorvolo,N/D,18125,273.16,5.2,N/D,-896,adsb.lol,2026-10-05
2026-10-05 20:52:47,RYR81SD,4d21ec,N/D,Decollo,Rotta 225.9°,3950,225.87,7.64,N/D,1792,adsb.lol,2026-10-05
2026-10-05 20:52:47,RYR5AV,4d22b6,N/D,Sorvolo,N/D,6825,157.27,13.42,N/D,2240,adsb.lol,2026-10-05
2026-10-05 20:52:47,RYR9432,4cae65,N/D,Sorvolo,N/D,20100,269.17,14.14,N/D,-1536,adsb.lol,2026-10-05
2026-10-05 20:54:48,BCS87W,4520c4,N/D,Sorvolo,N/D,19225,270.17,3.0,N/D,-1024,adsb.lol,2026-10-05
2026-10-05 20:54:48,RYR7CE,4ca7b3,RWY 28,Avvicinamento,Est -> Ovest,1850,284.5,9.56,N/D,-1024,adsb.lol,2026-10-05
2026-10-05 20:56:49,RYR14SC,4ca4ee,N/D,Sorvolo,N/D,5275,225.21,11.91,N/D,960,adsb.lol,2026-10-05
2026-10-05 20:56:49,WMT3135,471f6d,N/D,Sorvolo,N/D,10475,224.01,9.16,N/D,-960,adsb.lol,2026-10-05
2026-10-05 20:58:50,RYR18JC,4caeca,N/D,Sorvolo,N/D,13350,205.42,2.32,N/D,-1216,adsb.lol,2026-10-05
2026-10-05 20:58:50,RYR58BW,4d225b,N/D,Decollo,Rotta 240.6°,1900,240.59,3.1,N/D,2944,adsb.lol,2026-10-05
2026-10-05 20:58:50,RYR14AU,4cadfd,N/D,Sorvolo,N/D,2700,284.89,14.52,N/D,-896,adsb.lol,2026-10-05
2026-10-05 21:00:51,RYR26AB,4ca61c,N/D,Decollo,Rotta 225.0°,2775,225.0,5.05,N/D,1920,adsb.lol,2026-10-05
2026-10-05 21:00:51,RYR14AU,4cadfd,RWY 28,Avvicinamento,Est -> Ovest,1125,284.49,5.35,N/D,-896,adsb.lol,2026-10-05
2026-10-05 21:02:53,RYR61ED,4cae48,N/D,Sorvolo,N/D,11800,106.96,5.42,N/D,-960,adsb.lol,2026-10-05
2026-10-05 21:02:53,RBG544,0101fa,RWY 28,Avvicinamento,Est -> Ovest,1825,284.91,9.51,N/D,-640,adsb.lol,2026-10-05
2026-10-05 21:02:53,BCS9117,4caed4,N/D,Sorvolo,N/D,22025,270.99,5.07,N/D,-2496,adsb.lol,2026-10-05
2026-10-05 21:04:54,RYR61ED,4cae48,N/D,Sorvolo,N/D,9575,156.34,10.64,N/D,-1088,adsb.lol,2026-10-05
2026-10-05 21:04:54,RBG544,0101fa,RWY 28,Atterraggio,Est -> Ovest,875,284.98,3.85,N/D,-768,adsb.lol,2026-10-05
2026-10-05 21:06:55,IVLTN,300750,RWY 28,Avvicinamento,Est -> Ovest,1275,278.62,9.19,N/D,384,adsb.lol,2026-10-05
2026-10-05 21:06:55,WMT3135,471f6d,RWY 28,Avvicinamento,Est -> Ovest,1725,284.88,8.95,N/D,-768,adsb.lol,2026-10-05
2026-10-05 21:08:56,RYR18JC,4caeca,N/D,Sorvolo,N/D,2500,285.13,13.41,N/D,-832,adsb.lol,2026-10-05
2026-10-05 21:08:56,RYR52KD,4ca704,N/D,Decollo,Rotta 225.2°,4075,225.21,8.0,N/D,1024,adsb.lol,2026-10-05
2026-10-05 21:10:57,RYR18JC,4caeca,RWY 28,Atterraggio,Est -> Ovest,1000,285.12,4.66,N/D,-896,adsb.lol,2026-10-05
2026-10-05 21:10:57,IRJAH,3007e2,RWY 28,Avvicinamento,Est -> Ovest,1725,287.26,9.98,N/D,-64,adsb.lol,2026-10-05
2026-10-05 21:12:58,SAS2690,4ac9ef,N/D,Sorvolo,N/D,24275,43.34,14.73,N/D,2304,adsb.lol,2026-10-05
2026-10-05 21:12:58,RYR52MH,4ca8db,RWY 28,Avvicinamento,Est -> Ovest,1700,284.3,8.74,N/D,-704,adsb.lol,2026-10-05
2026-10-05 21:12:58,IRJAH,3007e2,N/D,Atterraggio,Rotta 350.8°,1150,350.78,3.17,N/D,128,adsb.lol,2026-10-05
2026-10-05 21:15:00,RYR61ED,4cae48,N/D,Sorvolo,N/D,2500,285.08,13.43,N/D,-832,adsb.lol,2026-10-05
2026-10-05 21:15:00,RYR52MH,4ca8db,RWY 28,Decollo,Est -> Ovest,3000,285.04,1.8,N/D,2368,adsb.lol,2026-10-05
2026-10-05 21:15:00,IRJAH,3007e2,RWY 28,Avvicinamento,Est -> Ovest,825,260.27,5.29,N/D,-832,adsb.lol,2026-10-05
2026-10-05 21:16:01,RYR52MH,4ca8db,N/D,Avvicinamento,Rotta 216.1°,3725,216.06,8.24,N/D,0,adsb.lol,2026-10-05
2026-10-05 21:16:01,RYR61ED,4cae48,RWY 28,Avvicinamento,Est -> Ovest,1575,285.0,8.04,N/D,-896,adsb.lol,2026-10-05
2026-10-05 21:18:03,RYR8AD,4d23fa,N/D,Sorvolo,N/D,2450,285.26,13.12,N/D,-832,adsb.lol,2026-10-05
2026-10-05 21:18:03,FIE248,504e65,N/D,Decollo,Rotta 224.2°,3225,224.18,6.98,N/D,960,adsb.lol,2026-10-05
2026-10-05 21:18:03,RYR52MH,4ca8db,N/D,Sorvolo,N/D,4650,162.01,12.69,N/D,1088,adsb.lol,2026-10-05
2026-10-05 21:20:05,WMT1FE,471e60,N/D,Decollo,Rotta 229.5°,2600,229.47,4.22,N/D,2816,adsb.lol,2026-10-05
2026-10-05 21:20:05,RYR8AD,4d23fa,RWY 28,Avvicinamento,Est -> Ovest,1175,284.84,5.68,N/D,-832,adsb.lol,2026-10-05
2026-10-05 21:20:05,EJU89ZW,440c83,N/D,Sorvolo,N/D,35000,139.43,13.75,N/D,-32,adsb.lol,2026-10-05
2026-10-05 21:22:06,FIE248,504e65,N/D,Sorvolo,N/D,10650,76.28,11.51,N/D,960,adsb.lol,2026-10-05
2026-10-05 21:22:06,SRR6401,45cf24,RWY 28,Avvicinamento,Est -> Ovest,1900,284.88,9.8,N/D,-704,adsb.lol,2026-10-05
2026-10-05 21:24:08,RYR65SB,4d225d,N/D,Sorvolo,N/D,5025,225.41,10.15,N/D,1024,adsb.lol,2026-10-05
2026-10-05 21:24:08,SRR6401,45cf24,RWY 28,Atterraggio,Est -> Ovest,1050,284.79,4.86,N/D,-640,adsb.lol,2026-10-05
2026-10-05 21:26:10,AUA5UF,440826,N/D,Sorvolo,N/D,12300,214.77,5.91,N/D,-1408,adsb.lol,2026-10-05
2026-10-05 21:26:10,RYR87AA,4cadb7,N/D,Sorvolo,N/D,10525,120.7,7.71,N/D,-1024,adsb.lol,2026-10-05
2026-10-05 21:26:10,WMT625,4d245b,RWY 28,Avvicinamento,Est -> Ovest,1400,284.72,6.98,N/D,-768,adsb.lol,2026-10-05
2026-10-05 21:28:14,RYR87AA,4cadb7,N/D,Sorvolo,N/D,9000,156.2,11.02,N/D,32,adsb.lol,2026-10-05
2026-10-05 21:28:14,UZB256,507c5f,N/D,Sorvolo,N/D,19550,104.11,14.44,N/D,2240,adsb.lol,2026-10-05
2026-10-05 21:28:14,RYR3399,4cac7f,N/D,Sorvolo,N/D,2075,284.6,10.89,N/D,-768,adsb.lol,2026-10-05
2026-10-05 21:28:14,RYR8RH,4ca259,N/D,Sorvolo,N/D,5825,267.13,13.05,N/D,1920,adsb.lol,2026-10-05
2026-10-05 21:30:32,WZZ664,4d2049,N/D,Sorvolo,N/D,21650,84.75,10.17,N/D,1856,adsb.lol,2026-10-05
2026-10-05 21:30:32,RYR41CA,48c2a1,N/D,Sorvolo,N/D,10425,175.75,6.1,N/D,-896,adsb.lol,2026-10-05
2026-10-05 21:32:34,ASL43N,4c0263,N/D,Sorvolo,N/D,18525,92.92,4.2,N/D,1600,adsb.lol,2026-10-05
2026-10-05 21:32:34,ABR425,4cac63,N/D,Sorvolo,N/D,25125,316.3,2.75,N/D,2304,adsb.lol,2026-10-05
2026-10-05 21:32:34,RYR52MH,4ca8db,RWY 28,Avvicinamento,Est -> Ovest,1375,285.52,6.76,N/D,-768,adsb.lol,2026-10-05
2026-10-05 21:34:35,RYR9CH,4d225a,N/D,Sorvolo,N/D,2475,285.26,12.86,N/D,-896,adsb.lol,2026-10-05
2026-10-05 21:34:35,RYR3SG,4d2248,N/D,Sorvolo,N/D,5525,267.53,13.87,N/D,1024,adsb.lol,2026-10-05
2026-10-05 21:36:37,RYR18AE,4d23fc,N/D,Decollo,Rotta 223.7°,3950,223.73,6.64,N/D,1600,adsb.lol,2026-10-05
2026-10-05 21:36:37,RYR9CH,4d225a,RWY 28,Atterraggio,Est -> Ovest,925,285.19,4.09,N/D,-1216,adsb.lol,2026-10-05
2026-10-05 21:38:38,RYR87AA,4cadb7,RWY 28,Avvicinamento,Est -> Ovest,1725,285.0,9.04,N/D,-1024,adsb.lol,2026-10-05
2026-10-05 21:38:38,AFR1527,398577,N/D,Sorvolo,N/D,34600,275.56,9.44,N/D,320,adsb.lol,2026-10-05
2026-10-05 21:40:40,RYR41CA,48c2a1,N/D,Sorvolo,N/D,2750,284.95,14.94,N/D,-896,adsb.lol,2026-10-05
2026-10-05 21:42:41,N20CP,a18fea,N/D,Sorvolo,N/D,9050,139.53,6.22,N/D,-960,adsb.lol,2026-10-05
2026-10-05 21:42:41,RYR41CA,48c2a1,RWY 28,Avvicinamento,Est -> Ovest,1125,284.56,5.44,N/D,-832,adsb.lol,2026-10-05
2026-10-05 21:42:41,RYR2CL,4ca27c,RWY 28,Decollo,Est -> Ovest,2200,285.08,3.07,N/D,3200,adsb.lol,2026-10-05
2026-10-05 21:42:41,WMT2117,471f5c,N/D,Sorvolo,N/D,21275,77.03,5.8,N/D,1920,adsb.lol,2026-10-05
2026-10-05 21:44:43,N6CP,a7c2cd,N/D,Sorvolo,N/D,10875,138.6,7.95,N/D,-1664,adsb.lol,2026-10-05
2026-10-05 21:46:44,IRJAH,3007e2,N/D,Decollo,Rotta 134.1°,1225,134.09,4.54,N/D,64,adsb.lol,2026-10-05
2026-10-05 21:46:44,N6CP,a7c2cd,N/D,Sorvolo,N/D,7925,156.41,9.79,N/D,-1536,adsb.lol,2026-10-05
2026-10-05 21:46:44,EZS23HQ,4b1a23,N/D,Sorvolo,N/D,37525,326.31,14.39,N/D,-896,adsb.lol,2026-10-05
2026-10-05 21:46:44,ELY387,738051,N/D,Sorvolo,N/D,18350,275.99,11.97,N/D,-2176,adsb.lol,2026-10-05
2026-10-05 21:46:44,RYR97SY,4caecb,RWY 28,Decollo,Est -> Ovest,1425,261.15,2.3,N/D,2560,adsb.lol,2026-10-05
2026-10-05 21:46:44,BAW87PC,40688a,N/D,Sorvolo,N/D,32425,96.14,8.96,N/D,-1664,adsb.lol,2026-10-05
2026-10-05 21:48:45,ABR176,4caca2,N/D,Sorvolo,N/D,14875,129.03,4.87,N/D,-1088,adsb.lol,2026-10-05
2026-10-05 21:48:45,WZZ941,471efa,N/D,Decollo,Rotta 232.6°,2650,232.56,4.17,N/D,2240,adsb.lol,2026-10-05
2026-10-05 21:48:45,RYR97SY,4caecb,N/D,Sorvolo,N/D,5775,224.83,13.78,N/D,1088,adsb.lol,2026-10-05
2026-10-05 21:48:45,IRJAH,3007e2,N/D,Sorvolo,N/D,1225,100.03,10.18,N/D,0,adsb.lol,2026-10-05
2026-10-05 21:48:45,N20CP,a18fea,N/D,Sorvolo,N/D,2500,284.89,13.14,N/D,-896,adsb.lol,2026-10-05
2026-10-05 21:48:45,ELY387,738051,N/D,Sorvolo,N/D,16800,266.33,13.25,N/D,-1920,adsb.lol,2026-10-05
2026-10-05 21:50:46,WZZ941,471efa,N/D,Sorvolo,N/D,6550,161.49,13.45,N/D,2752,adsb.lol,2026-10-05
2026-10-05 21:50:46,RYR4AY,4d234c,N/D,Decollo,Rotta 225.2°,3400,225.23,6.7,N/D,2112,adsb.lol,2026-10-05
2026-10-05 21:50:46,N20CP,a18fea,RWY 28,Avvicinamento,Est -> Ovest,1150,284.93,5.54,N/D,-640,adsb.lol,2026-10-05
2026-10-05 21:52:47,RYR4AY,4d234c,N/D,Sorvolo,N/D,7050,68.67,10.74,N/D,2752,adsb.lol,2026-10-05
2026-10-05 21:54:49,N6CP,a7c2cd,RWY 28,Avvicinamento,Est -> Ovest,1550,284.76,7.75,N/D,-1152,adsb.lol,2026-10-05
2026-10-05 21:54:49,RYR4AY,4d234c,N/D,Sorvolo,N/D,10875,67.73,12.49,N/D,960,adsb.lol,2026-10-05
2026-10-05 21:54:49,WZZ5LW,471e5e,N/D,Decollo,Rotta 220.1°,3900,220.1,6.64,N/D,1728,adsb.lol,2026-10-05
2026-10-05 21:56:50,WZZ5LW,471e5e,N/D,Sorvolo,N/D,8425,65.44,10.91,N/D,1728,adsb.lol,2026-10-05
2026-10-05 21:58:51,WZZ5LW,471e5e,N/D,Sorvolo,N/D,12100,68.31,11.06,N/D,2560,adsb.lol,2026-10-05
2026-10-05 22:00:53,RYR65HL,4ca7b3,N/D,Sorvolo,N/D,4925,225.0,11.81,N/D,1920,adsb.lol,2026-10-05
2026-10-05 22:00:53,RYR1KW,4cadfd,N/D,Decollo,Rotta 226.9°,2225,226.86,3.66,N/D,2560,adsb.lol,2026-10-05
2026-10-05 22:02:54,NSZ3751,4aca07,N/D,Decollo,Rotta 225.4°,2950,225.43,6.44,N/D,2368,adsb.lol,2026-10-05
2026-10-05 22:04:55,NSZ3751,4aca07,N/D,Sorvolo,N/D,7200,86.09,13.03,N/D,3456,adsb.lol,2026-10-05
2026-10-05 22:06:56,RYR4786,4d23fa,N/D,Decollo,Rotta 246.9°,1850,246.94,2.95,N/D,2176,adsb.lol,2026-10-05
2026-10-05 22:06:56,AEG431,5110c7,N/D,Sorvolo,N/D,18975,149.0,8.68,N/D,-60,adsb.lol,2026-10-05
2026-10-05 22:06:56,RYR13LL,4caf34,RWY 28,Avvicinamento,Est -> Ovest,1225,284.69,6.0,N/D,-832,adsb.lol,2026-10-05
2026-10-05 22:06:56,NSZ3751,4aca07,N/D,Sorvolo,N/D,12075,62.2,14.75,N/D,1216,adsb.lol,2026-10-05
2026-10-05 22:08:58,RYR4786,4d23fa,N/D,Sorvolo,N/D,5975,177.78,14.1,N/D,1536,adsb.lol,2026-10-05
2026-10-05 22:08:58,NSZ24N,4aca94,N/D,Sorvolo,N/D,36000,38.82,10.63,N/D,-64,adsb.lol,2026-10-05
2026-10-05 22:11:06,RYR13LL,4caf34,RWY 28,Atterraggio,Est -> Ovest,525,284.98,1.91,Ireland,-767,opensky,2026-10-05
2026-10-05 22:12:07,WZZ8987,4d24ad,N/D,Sorvolo,N/D,19850,84.59,9.56,N/D,1600,adsb.lol,2026-10-05
2026-10-05 22:14:10,RYR15HE,48c233,N/D,Sorvolo,N/D,11900,186.85,10.82,N/D,-1600,adsb.lol,2026-10-05
2026-10-05 22:14:10,WMT3136,471f6d,N/D,Decollo,Rotta 220.1°,3925,220.05,7.67,N/D,1280,adsb.lol,2026-10-05
2026-10-05 22:16:18,RYR439J,4cae48,N/D,Decollo,Rotta 225.2°,3975,225.21,8.64,N/D,640,adsb.lol,2026-10-05
2026-10-05 22:18:19,RYR540G,4caeca,N/D,Sorvolo,N/D,4975,225.59,11.45,N/D,1152,adsb.lol,2026-10-05
2026-10-05 22:22:25,RYR15HE,48c233,RWY 28,Avvicinamento,Est -> Ovest,1350,284.8,6.76,N/D,-832,adsb.lol,2026-10-05
2026-10-05 22:22:25,EJU84TJ,4ca82e,N/D,Sorvolo,N/D,15075,214.82,11.05,N/D,-1344,adsb.lol,2026-10-05
2026-10-05 22:24:26,RYR15HE,48c233,RWY 28,Atterraggio,Est -> Ovest,600,286.0,2.22,N/D,0,adsb.lol,2026-10-05
2026-10-05 22:26:36,RBG545,0101fa,N/D,Decollo,Rotta 230.3°,2200,230.33,3.71,N/D,1728,adsb.lol,2026-10-05
2026-10-05 22:28:37,RYR57ME,4cac7f,N/D,Decollo,Rotta 223.8°,3025,223.85,5.88,N/D,2240,adsb.lol,2026-10-05
2026-10-05 22:28:37,RBG545,0101fa,N/D,Sorvolo,N/D,5325,138.74,11.88,N/D,1856,adsb.lol,2026-10-05
2026-10-05 22:30:48,WMT1YY,4d245b,N/D,Decollo,Rotta 221.4°,3975,221.41,7.38,N/D,1280,adsb.lol,2026-10-05
2026-10-05 22:32:49,WMT4XC,471dad,N/D,Sorvolo,N/D,2600,284.85,13.99,N/D,-960,adsb.lol,2026-10-05
2026-10-05 22:34:51,WMT4XC,471dad,RWY 28,Atterraggio,Est -> Ovest,1050,284.83,4.89,N/D,-768,adsb.lol,2026-10-05
2026-10-05 22:36:53,DKH1668,781942,N/D,Sorvolo,N/D,17875,86.31,9.31,N/D,1504,adsb.lol,2026-10-05
2026-10-05 22:38:54,RYR1JG,4cadb7,RWY 28,Decollo,Est -> Ovest,1375,285.0,1.91,N/D,2496,adsb.lol,2026-10-05
2026-10-05 22:40:56,RYR1JG,4cadb7,N/D,Sorvolo,N/D,5875,267.33,13.66,N/D,896,adsb.lol,2026-10-05
2026-10-05 22:40:56,RYR6YM,48c2a1,N/D,Decollo,Rotta 221.2°,2700,221.25,4.85,N/D,1920,adsb.lol,2026-10-05
2026-10-05 22:42:57,TUI1HV,3c0c99,N/D,Sorvolo,N/D,37175,35.74,14.28,N/D,-704,adsb.lol,2026-10-05
2026-10-05 22:42:57,DLH33P,3c66a3,N/D,Sorvolo,N/D,35025,220.91,4.43,N/D,-64,adsb.lol,2026-10-05
2026-10-05 22:44:58,RYR8SL,4cad2b,N/D,Sorvolo,N/D,2700,285.12,14.52,N/D,-960,adsb.lol,2026-10-05
2026-10-05 22:46:59,RYR8SL,4cad2b,RWY 28,Atterraggio,Est -> Ovest,900,284.67,3.99,N/D,-832,adsb.lol,2026-10-05
2026-10-05 22:49:02,RYR8SL,4cad2b,RWY 28,Atterraggio,Est -> Ovest,550,285.12,1.96,Ireland,-767,opensky,2026-10-05
2026-10-05 22:50:03,WZZ6255,471d72,N/D,Sorvolo,N/D,2150,285.22,11.23,N/D,-768,adsb.lol,2026-10-05
2026-10-05 22:50:03,KAL928,71c576,N/D,Sorvolo,N/D,17575,89.71,7.94,N/D,800,adsb.lol,2026-10-05
2026-10-05 22:52:05,WZZ6255,471d72,RWY 28,Atterraggio,Est -> Ovest,675,284.72,2.57,N/D,-704,adsb.lol,2026-10-05
2026-10-05 22:52:05,BCS80A,4520c4,N/D,Sorvolo,N/D,21000,71.7,5.26,N/D,2624,adsb.lol,2026-10-05
2026-10-05 22:54:07,WZZ6255,471d72,RWY 28,Atterraggio,Est -> Ovest,550,284.93,1.83,Hungary,-767,opensky,2026-10-05
2026-10-05 22:56:13,MASBA,424c9d,N/D,Sorvolo,N/D,6475,225.0,8.66,N/D,3008,adsb.lol,2026-10-05
2026-10-05 22:58:14,SRR6401,45cf24,RWY 10,Decollo,Ovest -> Est,2150,105.47,4.83,N/D,1280,adsb.lol,2026-10-05
2026-10-05 22:58:14,MASBA,424c9d,N/D,Sorvolo,N/D,12550,85.28,9.22,N/D,2944,adsb.lol,2026-10-05
2026-10-05 23:00:34,MASBA,424c9d,N/D,Sorvolo,N/D,19900,345.15,6.26,N/D,2464,adsb.lol,2026-10-05
2026-10-05 23:00:34,SRR6401,45cf24,N/D,Sorvolo,N/D,7600,288.51,9.97,N/D,2560,adsb.lol,2026-10-05
2026-10-05 23:00:34,RUK25MG,407f0e,N/D,Sorvolo,N/D,13000,139.84,5.25,N/D,32,adsb.lol,2026-10-05
2026-10-05 23:01:36,MASBA,424c9d,N/D,Sorvolo,N/D,22550,345.46,11.52,N/D,2560,adsb.lol,2026-10-05
2026-10-05 23:01:36,SRR6401,45cf24,N/D,Sorvolo,N/D,10425,286.82,13.47,N/D,2880,adsb.lol,2026-10-05
2026-10-05 23:01:36,RUK25MG,407f0e,N/D,Sorvolo,N/D,12375,139.68,8.73,N/D,-1088,adsb.lol,2026-10-05
2026-10-05 23:06:54,THY6AM,4bb262,N/D,Sorvolo,N/D,20875,270.44,14.03,N/D,-960,adsb.lol,2026-10-05
2026-10-05 23:07:55,THY6AM,4bb262,N/D,Sorvolo,N/D,19475,270.15,2.72,N/D,-1984,adsb.lol,2026-10-05
2026-10-05 23:08:56,THY6AM,4bb262,N/D,Sorvolo,N/D,17975,270.0,10.4,N/D,-960,adsb.lol,2026-10-05
2026-10-05 23:09:57,RUK25MG,407f0e,N/D,Sorvolo,N/D,2400,285.0,12.76,N/D,-832,adsb.lol,2026-10-05
2026-10-05 23:10:58,RUK25MG,407f0e,RWY 28,Avvicinamento,Est -> Ovest,1525,284.98,7.7,N/D,-768,adsb.lol,2026-10-05
2026-10-05 23:12:00,RUK25MG,407f0e,RWY 28,Atterraggio,Est -> Ovest,800,284.93,3.47,N/D,-704,adsb.lol,2026-10-05
2026-10-05 23:13:01,VOE1593,346043,N/D,Sorvolo,N/D,29775,98.04,8.68,N/D,-1472,adsb.lol,2026-10-05
2026-10-05 23:13:01,RUK25MG,407f0e,RWY 28,Atterraggio,Est -> Ovest,600,285.33,2.12,N/D,-576,adsb.lol,2026-10-05
2026-10-05 23:14:02,VOE1593,346043,N/D,Sorvolo,N/D,28400,100.14,11.01,N/D,-1024,adsb.lol,2026-10-05
2026-10-05 23:15:05,RUK25MG,407f0e,RWY 28,Atterraggio,Est -> Ovest,550,284.93,1.82,United Kingdom,-576,opensky,2026-10-05
2026-10-05 23:16:06,UNKNOWN,48c233,RWY 10,Decollo,Ovest -> Est,1500,105.02,3.25,N/D,2752,adsb.lol,2026-10-05
2026-10-05 23:17:08,RYR9ZN,48c233,N/D,Decollo,Rotta 204.0°,3000,203.99,8.09,N/D,768,adsb.lol,2026-10-05
2026-10-05 23:18:10,RYR9ZN,48c233,N/D,Sorvolo,N/D,5475,232.98,10.07,N/D,2496,adsb.lol,2026-10-05
2026-10-05 23:21:18,RYR69NV,4d21eb,N/D,Sorvolo,N/D,12225,217.62,8.33,N/D,-1728,adsb.lol,2026-10-05
2026-10-05 23:22:20,RYR69NV,4d21eb,N/D,Sorvolo,N/D,10750,166.11,3.3,N/D,-1536,adsb.lol,2026-10-05
2026-10-05 23:23:21,RYR69NV,4d21eb,N/D,Sorvolo,N/D,9300,156.97,10.15,N/D,-896,adsb.lol,2026-10-05
2026-10-05 23:29:39,RYR69NV,4d21eb,RWY 28,Avvicinamento,Est -> Ovest,1675,284.24,9.04,N/D,-896,adsb.fi,2026-10-05
2026-10-05 23:30:41,RYR69NV,4d21eb,RWY 28,Avvicinamento,Est -> Ovest,875,283.89,6.97,N/D,-704,adsb.fi,2026-10-05
2026-10-05 23:31:42,DHX752,8940a5,N/D,Sorvolo,N/D,25125,87.15,12.15,N/D,2496,adsb.lol,2026-10-05
2026-10-05 23:31:42,EWG28C,4d240d,N/D,Sorvolo,N/D,37975,40.98,8.35,N/D,-32,adsb.lol,2026-10-05
2026-10-05 23:32:44,EWG28C,4d240d,N/D,Sorvolo,N/D,37975,40.89,11.88,N/D,32,adsb.lol,2026-10-05
2026-10-05 23:34:48,RYR1WF,4d222b,RWY 28,Avvicinamento,Est -> Ovest,1900,285.45,9.92,N/D,-896,adsb.lol,2026-10-05
2026-10-05 23:35:49,RYR1WF,4d222b,RWY 28,Atterraggio,Est -> Ovest,1050,284.72,4.96,N/D,-768,adsb.lol,2026-10-05
2026-10-05 23:36:50,RYR1WF,4d222b,RWY 28,Atterraggio,Est -> Ovest,550,284.72,2.06,N/D,-512,adsb.lol,2026-10-05
2026-10-05 23:37:53,RYR1WF,4d222b,RWY 28,Atterraggio,Est -> Ovest,525,284.83,1.91,Malta,-511,opensky,2026-10-05
2026-10-05 23:38:55,RYR1WF,4d222b,RWY 28,Atterraggio,Est -> Ovest,525,284.83,1.91,Malta,-511,opensky,2026-10-05
2026-10-05 23:39:57,WMT994,471dad,RWY 10,Decollo,Ovest -> Est,1175,104.98,2.07,N/D,2560,adsb.lol,2026-10-05
2026-10-05 23:40:58,WMT994,471dad,N/D,Decollo,Rotta 177.8°,3875,177.75,7.05,N/D,1600,adsb.lol,2026-10-05
2026-10-05 23:41:59,WMT994,471dad,N/D,Sorvolo,N/D,6050,232.64,8.4,N/D,3328,adsb.lol,2026-10-05
2026-10-05 23:43:00,WMT994,471dad,N/D,Sorvolo,N/D,8600,190.03,14.37,N/D,2752,adsb.lol,2026-10-05
2026-10-05 23:51:22,RYR7RD,4cae58,N/D,Sorvolo,N/D,2400,284.71,12.99,N/D,-960,adsb.lol,2026-10-05
2026-10-05 23:52:23,RYR7RD,4cae58,RWY 28,Avvicinamento,Est -> Ovest,1450,285.38,7.5,N/D,-1024,adsb.lol,2026-10-05
2026-10-05 23:53:24,RYR7RD,4cae58,RWY 28,Atterraggio,Est -> Ovest,700,284.96,2.86,N/D,-768,adsb.lol,2026-10-05
2026-10-05 23:54:25,RYR7RD,4cae58,RWY 28,Atterraggio,Est -> Ovest,550,285.12,2.04,N/D,-832,adsb.lol,2026-10-05
2026-10-05 23:54:25,RYR8LX,4ca97b,N/D,Sorvolo,N/D,2325,285.09,12.34,N/D,-1024,adsb.lol,2026-10-05
2026-10-05 23:55:26,RYR8LX,4ca97b,RWY 28,Avvicinamento,Est -> Ovest,1400,285.19,7.03,N/D,-768,adsb.lol,2026-10-05
2026-10-05 23:56:27,RYR8LX,4ca97b,RWY 28,Atterraggio,Est -> Ovest,625,285.08,2.43,N/D,-704,adsb.lol,2026-10-05
2026-10-05 23:57:29,RYR8LX,4ca97b,RWY 28,Atterraggio,Est -> Ovest,575,285.08,2.11,N/D,-704,adsb.lol,2026-10-05
2026-10-05 23:58:32,RYR7RD,4cae58,RWY 28,Atterraggio,Est -> Ovest,525,285.22,1.87,Ireland,-832,opensky,2026-10-05
2026-10-05 23:58:32,RYR8LX,4ca97b,RWY 28,Atterraggio,Est -> Ovest,525,285.19,1.94,Ireland,-639,opensky,2026-10-05
2026-10-05 23:59:33,BCS943,452051,N/D,Sorvolo,N/D,22225,270.67,10.63,N/D,-1472,adsb.lol,2026-10-05
