timestamp,callsign,icao24,pista,fase_volo,direzione,quota_ft,rotta_deg,distanza_km,paese,baro_rate,fonte,sessione_notturna
2026-10-07 00:00:26,WZZ6255,471d72,RWY 28,Atterraggio,Est -> Ovest,925,284.64,3.4,N/D,-704,adsb.lol,2026-10-07
2026-10-07 00:00:26,RYR30DK,4d23fb,N/D,Sorvolo,N/D,2525,285.34,12.92,N/D,-1024,adsb.lol,2026-10-07
2026-10-07 00:01:33,RYR30DK,4d23fb,RWY 28,Avvicinamento,Est -> Ovest,1600,284.38,7.47,N/D,-1024,adsb.lol,2026-10-07
2026-10-07 00:02:34,RYR30DK,4d23fb,RWY 28,Atterraggio,Est -> Ovest,875,285.42,3.32,N/D,-768,adsb.lol,2026-10-07
2026-10-07 00:03:37,WZZ6255,471d72,RWY 28,Atterraggio,Est -> Ovest,725,284.74,2.3,Hungary,-767,opensky,2026-10-07
2026-10-07 00:03:37,RYR30DK,4d23fb,RWY 28,Atterraggio,Est -> Ovest,675,285.05,2.05,Malta,-704,opensky,2026-10-07
2026-10-07 00:04:39,WZZ6255,471d72,RWY 28,Atterraggio,Est -> Ovest,725,284.74,2.3,Hungary,-767,opensky,2026-10-07
2026-10-07 00:04:39,RYR30DK,4d23fb,RWY 28,Atterraggio,Est -> Ovest,675,285.05,2.05,Malta,-704,opensky,2026-10-07
2026-10-07 00:05:42,RYR30DK,4d23fb,RWY 28,Atterraggio,Est -> Ovest,675,285.05,2.05,Malta,-704,opensky,2026-10-07
2026-10-07 00:06:44,RYR30DK,4d23fb,RWY 28,Atterraggio,Est -> Ovest,675,285.05,2.05,Malta,-704,opensky,2026-10-07
2026-10-07 00:07:46,RYR81PR,4cadc4,N/D,Sorvolo,N/D,2075,284.55,10.45,N/D,-960,adsb.lol,2026-10-07
2026-10-07 00:08:47,RYR81PR,4cadc4,RWY 28,Atterraggio,Est -> Ovest,1150,284.64,4.88,N/D,-960,adsb.lol,2026-10-07
2026-10-07 00:09:48,RYR81PR,4cadc4,RWY 28,Atterraggio,Est -> Ovest,800,285.1,2.93,N/D,-832,adsb.lol,2026-10-07
2026-10-07 00:10:48,RYR7PV,4d21ed,N/D,Sorvolo,N/D,2475,284.74,12.61,N/D,-1024,adsb.lol,2026-10-07
2026-10-07 00:11:49,RYR7PV,4d21ed,RWY 28,Avvicinamento,Est -> Ovest,1450,284.85,6.75,N/D,-896,adsb.lol,2026-10-07
2026-10-07 00:12:50,RYR38KW,4d2248,N/D,Sorvolo,N/D,2650,285.05,13.75,N/D,-960,adsb.lol,2026-10-07
2026-10-07 00:12:50,RYR7PV,4d21ed,RWY 28,Atterraggio,Est -> Ovest,875,285.03,3.25,N/D,-640,adsb.lol,2026-10-07
2026-10-07 00:13:51,RYR38KW,4d2248,RWY 28,Avvicinamento,Est -> Ovest,1625,285.47,7.78,N/D,-960,adsb.lol,2026-10-07
2026-10-07 00:14:52,RYR38KW,4d2248,RWY 28,Atterraggio,Est -> Ovest,825,284.57,3.05,N/D,-704,adsb.lol,2026-10-07
2026-10-07 00:15:53,RYR328T,4ca737,RWY 28,Avvicinamento,Est -> Ovest,2025,285.17,9.93,N/D,-896,adsb.lol,2026-10-07
2026-10-07 00:15:53,RYR38KW,4d2248,RWY 28,Atterraggio,Est -> Ovest,725,284.0,2.5,N/D,0,adsb.lol,2026-10-07
2026-10-07 00:16:54,RYR328T,4ca737,RWY 28,Atterraggio,Est -> Ovest,1100,285.12,4.64,N/D,-832,adsb.lol,2026-10-07
2026-10-07 00:17:55,RYR328T,4ca737,RWY 28,Atterraggio,Est -> Ovest,725,284.88,2.48,N/D,-768,adsb.lol,2026-10-07
2026-10-07 00:18:57,RYR328T,4ca737,RWY 28,Atterraggio,Est -> Ovest,650,285.19,1.94,Ireland,-576,opensky,2026-10-07
2026-10-07 00:18:57,RYR38KW,4d2248,RWY 28,Atterraggio,Est -> Ovest,625,285.32,1.87,Malta,-576,opensky,2026-10-07
2026-10-07 00:20:00,RYR38KW,4d2248,RWY 28,Atterraggio,Est -> Ovest,625,285.32,1.87,Malta,-576,opensky,2026-10-07
2026-10-07 00:20:00,RYR328T,4ca737,RWY 28,Atterraggio,Est -> Ovest,650,285.19,1.94,Ireland,-576,opensky,2026-10-07
2026-10-07 00:21:01,RYR65ER,4cad2b,RWY 10,Decollo,Ovest -> Est,1175,103.78,2.2,N/D,2816,adsb.lol,2026-10-07
2026-10-07 00:22:02,RYR65ER,4cad2b,N/D,Decollo,Rotta 177.3°,2925,177.29,7.31,N/D,1664,adsb.lol,2026-10-07
2026-10-07 00:23:03,RYR65ER,4cad2b,N/D,Sorvolo,N/D,5275,234.24,8.62,N/D,1792,adsb.lol,2026-10-07
2026-10-07 00:24:04,RYR65ER,4cad2b,N/D,Sorvolo,N/D,7825,301.04,11.46,N/D,2560,adsb.lol,2026-10-07
2026-10-07 00:25:05,RYR65ER,4cad2b,N/D,Sorvolo,N/D,10275,292.66,14.13,N/D,2176,adsb.lol,2026-10-07
2026-10-07 00:25:05,AIZ339,4cab8a,N/D,Sorvolo,N/D,21125,271.39,13.79,N/D,-2272,adsb.lol,2026-10-07
2026-10-07 00:26:06,AIZ339,4cab8a,N/D,Sorvolo,N/D,19225,249.83,8.52,N/D,-2560,adsb.lol,2026-10-07
2026-10-07 00:27:09,AIZ339,4cab8a,N/D,Sorvolo,N/D,17800,249.44,12.94,Ireland,-895,opensky,2026-10-07
2026-10-07 00:32:20,RYR9MV,4caecb,N/D,Sorvolo,N/D,2500,285.18,12.7,N/D,-1024,adsb.lol,2026-10-07
2026-10-07 00:32:20,THY6425,4ba9f9,N/D,Sorvolo,N/D,18875,101.31,12.71,N/D,1408,adsb.lol,2026-10-07
2026-10-07 00:33:21,RYR9MV,4caecb,RWY 28,Avvicinamento,Est -> Ovest,1500,285.22,6.99,N/D,-896,adsb.lol,2026-10-07
2026-10-07 00:34:22,RYR9MV,4caecb,RWY 28,Atterraggio,Est -> Ovest,725,284.88,2.47,N/D,-768,adsb.lol,2026-10-07
2026-10-07 00:35:22,RYR13PK,4d222b,N/D,Sorvolo,N/D,2550,284.95,12.96,N/D,-896,adsb.lol,2026-10-07
2026-10-07 00:36:23,RYR13PK,4d222b,RWY 28,Avvicinamento,Est -> Ovest,1575,284.85,7.39,N/D,-896,adsb.lol,2026-10-07
2026-10-07 00:37:24,RYR13PK,4d222b,RWY 28,Atterraggio,Est -> Ovest,725,284.32,2.51,N/D,-704,adsb.lol,2026-10-07
2026-10-07 00:38:27,RYR9MV,4caecb,RWY 28,Atterraggio,Est -> Ovest,625,285.08,1.91,Ireland,-639,opensky,2026-10-07
2026-10-07 00:38:27,RYR13PK,4d222b,RWY 28,Atterraggio,Est -> Ovest,600,285.11,1.84,Malta,-767,opensky,2026-10-07
2026-10-07 00:39:28,RYR44CH,4d234c,N/D,Sorvolo,N/D,2475,285.23,12.66,N/D,-960,adsb.lol,2026-10-07
2026-10-07 00:40:29,RYR44CH,4d234c,RWY 28,Avvicinamento,Est -> Ovest,1525,284.64,7.1,N/D,-896,adsb.lol,2026-10-07
2026-10-07 00:41:30,RYR44CH,4d234c,RWY 28,Atterraggio,Est -> Ovest,850,284.96,3.25,N/D,-896,adsb.lol,2026-10-07
2026-10-07 00:42:32,RYR44CH,4d234c,RWY 28,Atterraggio,Est -> Ovest,600,284.51,1.84,Malta,-767,opensky,2026-10-07
2026-10-07 00:42:32,RYR13PK,4d222b,RWY 28,Atterraggio,Est -> Ovest,600,285.11,1.84,Malta,-767,opensky,2026-10-07
2026-10-07 00:43:33,ABR177,4caca2,N/D,Sorvolo,N/D,17075,312.08,12.87,N/D,640,adsb.lol,2026-10-07
2026-10-07 00:44:34,ABR177,4caca2,N/D,Sorvolo,N/D,17775,311.9,8.2,N/D,448,adsb.lol,2026-10-07
2026-10-07 00:45:35,ABR177,4caca2,N/D,Sorvolo,N/D,18375,311.73,6.36,N/D,768,adsb.lol,2026-10-07
2026-10-07 00:46:36,RYR81LE,4caf34,N/D,Sorvolo,N/D,2550,285.05,13.09,N/D,-960,adsb.lol,2026-10-07
2026-10-07 00:46:36,ABR177,4caca2,N/D,Sorvolo,N/D,18575,311.46,9.75,N/D,448,adsb.lol,2026-10-07
2026-10-07 00:47:37,RYR81LE,4caf34,RWY 28,Avvicinamento,Est -> Ovest,1550,285.26,7.34,N/D,-960,adsb.lol,2026-10-07
2026-10-07 00:48:38,RYR81LE,4caf34,RWY 28,Atterraggio,Est -> Ovest,925,285.0,3.65,N/D,-832,adsb.lol,2026-10-07
2026-10-07 00:49:39,RYR90EJ,4ca8db,N/D,Sorvolo,N/D,2800,284.79,14.51,N/D,-896,adsb.lol,2026-10-07
2026-10-07 00:50:40,RYR90EJ,4ca8db,RWY 28,Avvicinamento,Est -> Ovest,1775,284.81,8.66,N/D,-1088,adsb.lol,2026-10-07
2026-10-07 00:51:41,RYR90EJ,4ca8db,RWY 28,Atterraggio,Est -> Ovest,950,284.57,3.82,N/D,-576,adsb.lol,2026-10-07
2026-10-07 00:51:41,RYR52TC,4d2217,N/D,Sorvolo,N/D,11625,156.27,8.02,N/D,-1024,adsb.lol,2026-10-07
2026-10-07 00:51:41,RYR19NG,4ca9c3,N/D,Sorvolo,N/D,16975,229.29,14.81,N/D,-2048,adsb.lol,2026-10-07
2026-10-07 00:52:42,RYR52TC,4d2217,N/D,Sorvolo,N/D,10300,156.49,1.57,N/D,-1984,adsb.lol,2026-10-07
2026-10-07 00:53:43,RYR52TC,4d2217,N/D,Sorvolo,N/D,8300,155.79,10.56,N/D,-1664,adsb.lol,2026-10-07
2026-10-07 00:54:45,RYR90EJ,4ca8db,RWY 28,Atterraggio,Est -> Ovest,625,285.08,1.85,Ireland,-576,opensky,2026-10-07
2026-10-07 00:55:48,RYR90EJ,4ca8db,RWY 28,Atterraggio,Est -> Ovest,625,285.08,1.85,Ireland,-576,opensky,2026-10-07
2026-10-07 00:56:50,RYR90EJ,4ca8db,RWY 28,Atterraggio,Est -> Ovest,625,285.08,1.85,Ireland,-576,opensky,2026-10-07
2026-10-07 00:58:54,RYR52TC,4d2217,N/D,Sorvolo,N/D,2625,284.95,13.48,N/D,-1024,adsb.lol,2026-10-07
2026-10-07 00:59:54,RYR52TC,4d2217,RWY 28,Avvicinamento,Est -> Ovest,1575,284.87,7.43,N/D,-960,adsb.lol,2026-10-07
2026-10-07 01:00:55,RYR52TC,4d2217,RWY 28,Atterraggio,Est -> Ovest,875,285.26,3.31,N/D,-768,adsb.lol,2026-10-07
2026-10-07 01:01:58,RYR52TC,4d2217,RWY 28,Atterraggio,Est -> Ovest,625,285.33,1.91,Malta,-704,opensky,2026-10-07
2026-10-07 01:02:59,WMT952,4d20c0,N/D,Sorvolo,N/D,21650,276.62,5.58,N/D,-1856,adsb.lol,2026-10-07
2026-10-07 01:04:00,WMT952,4d20c0,N/D,Sorvolo,N/D,19825,275.31,5.98,N/D,-1792,adsb.lol,2026-10-07
2026-10-07 01:04:00,WZZ6579,471d72,RWY 10,Decollo,Ovest -> Est,1250,105.85,2.12,N/D,2880,adsb.lol,2026-10-07
2026-10-07 01:05:01,WZZ6579,471d72,N/D,Decollo,Rotta 165.8°,3350,165.78,7.83,N/D,3008,adsb.lol,2026-10-07
2026-10-07 01:06:02,WZZ6579,471d72,N/D,Sorvolo,N/D,6400,232.31,9.91,N/D,3008,adsb.lol,2026-10-07
2026-10-07 01:07:03,WZZ6579,471d72,N/D,Sorvolo,N/D,9350,203.44,14.75,N/D,2432,adsb.lol,2026-10-07
2026-10-07 01:11:12,ABP972,49d558,N/D,Sorvolo,N/D,45000,41.42,9.01,N/D,64,adsb.lol,2026-10-07
2026-10-07 01:11:12,RYR8HM,4cae58,N/D,Sorvolo,N/D,2200,284.82,11.0,N/D,-1088,adsb.lol,2026-10-07
2026-10-07 01:12:13,RYR8HM,4cae58,RWY 28,Avvicinamento,Est -> Ovest,1225,284.39,5.42,N/D,-832,adsb.lol,2026-10-07
2026-10-07 01:12:13,ABP972,49d558,N/D,Sorvolo,N/D,45000,41.58,8.45,N/D,-64,adsb.lol,2026-10-07
2026-10-07 01:13:13,RYR8HM,4cae58,RWY 28,Atterraggio,Est -> Ovest,925,284.96,3.65,N/D,-768,adsb.lol,2026-10-07
2026-10-07 01:14:14,IGT1201,5140c6,N/D,Sorvolo,N/D,2725,285.47,13.8,N/D,-896,adsb.lol,2026-10-07
2026-10-07 01:15:16,IGT1201,5140c6,RWY 28,Avvicinamento,Est -> Ovest,1825,284.87,8.55,N/D,-896,adsb.lol,2026-10-07
2026-10-07 01:16:17,IGT1201,5140c6,RWY 28,Atterraggio,Est -> Ovest,950,284.76,3.63,N/D,-704,adsb.lol,2026-10-07
2026-10-07 01:17:18,RYR709,4ca4f2,N/D,Sorvolo,N/D,12350,156.19,12.16,N/D,-1984,adsb.lol,2026-10-07
2026-10-07 01:17:18,IGT1201,5140c6,RWY 28,Atterraggio,Est -> Ovest,900,284.76,3.41,N/D,-640,adsb.lol,2026-10-07
2026-10-07 01:18:19,RYR709,4ca4f2,N/D,Sorvolo,N/D,11175,155.91,2.99,N/D,-2112,adsb.lol,2026-10-07
2026-10-07 01:19:20,RYR709,4ca4f2,N/D,Sorvolo,N/D,9525,156.26,5.53,N/D,-1600,adsb.lol,2026-10-07
2026-10-07 01:20:20,RYR709,4ca4f2,N/D,Sorvolo,N/D,7875,156.04,13.64,N/D,-1600,adsb.lol,2026-10-07
2026-10-07 01:21:23,IGT1201,5140c6,RWY 28,Atterraggio,Est -> Ovest,650,285.42,1.86,Georgia,-704,opensky,2026-10-07
2026-10-07 01:25:32,RYR709,4ca4f2,N/D,Sorvolo,N/D,2700,284.83,13.89,N/D,-960,adsb.lol,2026-10-07
2026-10-07 01:26:32,RYR709,4ca4f2,RWY 28,Avvicinamento,Est -> Ovest,1750,285.04,8.43,N/D,-832,adsb.lol,2026-10-07
2026-10-07 01:27:33,CMS635,5140bc,N/D,Sorvolo,N/D,38025,76.91,7.36,N/D,-32,adsb.lol,2026-10-07
2026-10-07 01:27:33,RYR709,4ca4f2,RWY 28,Atterraggio,Est -> Ovest,950,284.83,3.87,N/D,-704,adsb.lol,2026-10-07
2026-10-07 01:28:34,CMS635,5140bc,N/D,Sorvolo,N/D,38025,76.98,7.22,N/D,0,adsb.lol,2026-10-07
2026-10-07 01:28:34,RYR709,4ca4f2,RWY 28,Atterraggio,Est -> Ovest,875,284.93,3.4,N/D,-576,adsb.lol,2026-10-07
2026-10-07 01:29:37,RYR709,4ca4f2,RWY 28,Atterraggio,Est -> Ovest,625,284.55,1.87,Ireland,-704,opensky,2026-10-07
2026-10-07 01:30:38,RYR265,4cae4b,N/D,Sorvolo,N/D,2850,285.41,14.81,N/D,-960,adsb.lol,2026-10-07
2026-10-07 01:31:39,RYR265,4cae4b,RWY 28,Avvicinamento,Est -> Ovest,1825,284.26,8.8,N/D,-1024,adsb.lol,2026-10-07
2026-10-07 01:32:39,RYR265,4cae4b,RWY 28,Atterraggio,Est -> Ovest,950,284.51,3.81,N/D,-832,adsb.lol,2026-10-07
2026-10-07 01:33:40,RYR265,4cae4b,RWY 28,Atterraggio,Est -> Ovest,825,284.98,3.03,N/D,-704,adsb.lol,2026-10-07
2026-10-07 01:34:43,RYR265,4cae4b,RWY 28,Atterraggio,Est -> Ovest,625,284.62,1.87,Ireland,-639,opensky,2026-10-07
2026-10-07 01:35:45,RYR265,4cae4b,RWY 28,Atterraggio,Est -> Ovest,625,284.62,1.87,Ireland,-639,opensky,2026-10-07
2026-10-07 01:36:48,RYR265,4cae4b,RWY 28,Atterraggio,Est -> Ovest,625,284.62,1.87,Ireland,-639,opensky,2026-10-07
2026-10-07 01:37:51,RYR265,4cae4b,RWY 28,Atterraggio,Est -> Ovest,625,284.62,1.87,Ireland,-639,opensky,2026-10-07
2026-10-07 01:54:37,RYR4LN,4cae48,RWY 28,Avvicinamento,Est -> Ovest,2000,284.48,9.74,N/D,-896,adsb.lol,2026-10-07
2026-10-07 01:55:38,RYR4LN,4cae48,RWY 28,Atterraggio,Est -> Ovest,1100,284.8,4.68,N/D,-768,adsb.lol,2026-10-07
2026-10-07 01:56:38,RYR4LN,4cae48,RWY 28,Atterraggio,Est -> Ovest,750,284.7,2.56,N/D,-768,adsb.lol,2026-10-07
2026-10-07 01:57:41,RYR4LN,4cae48,RWY 28,Atterraggio,Est -> Ovest,625,284.91,1.83,Ireland,-639,opensky,2026-10-07
2026-10-07 01:58:44,RYR4LN,4cae48,RWY 28,Atterraggio,Est -> Ovest,625,284.91,1.83,Ireland,-639,opensky,2026-10-07
2026-10-07 01:59:47,RYR4LN,4cae48,RWY 28,Atterraggio,Est -> Ovest,625,284.91,1.83,Ireland,-639,opensky,2026-10-07
2026-10-07 02:01:07,RYR4LN,4cae48,RWY 28,Atterraggio,Est -> Ovest,625,284.91,1.83,Ireland,-639,opensky,2026-10-07
2026-10-07 02:32:22,WZZ2CG,4d241c,N/D,Sorvolo,N/D,34000,61.15,3.23,N/D,0,adsb.lol,2026-10-07
2026-10-07 02:33:25,WZZ2CG,4d241c,N/D,Sorvolo,N/D,33975,61.18,14.23,Malta,0,opensky,2026-10-07
2026-10-07 02:59:26,IGT1202,5140c6,RWY 10,Decollo,Ovest -> Est,1675,101.38,2.28,N/D,4352,adsb.lol,2026-10-07
2026-10-07 03:00:27,IGT1202,5140c6,N/D,Decollo,Rotta 167.3°,3875,167.34,7.28,N/D,2944,adsb.lol,2026-10-07
2026-10-07 03:01:28,EJU15ZP,440389,N/D,Sorvolo,N/D,16350,253.3,13.91,N/D,-1472,adsb.lol,2026-10-07
2026-10-07 03:01:28,IGT1202,5140c6,N/D,Sorvolo,N/D,7050,233.23,8.48,N/D,4224,adsb.lol,2026-10-07
2026-10-07 03:02:29,IGT1202,5140c6,N/D,Sorvolo,N/D,10025,151.85,14.81,N/D,1280,adsb.lol,2026-10-07
2026-10-07 03:02:29,EJU15ZP,440389,N/D,Sorvolo,N/D,13625,253.88,14.25,N/D,-1280,adsb.lol,2026-10-07
2026-10-07 03:33:44,MASBA,424c9d,N/D,Decollo,Rotta 150.3°,3275,150.29,6.58,N/D,960,adsb.lol,2026-10-07
2026-10-07 03:34:45,MASBA,424c9d,N/D,Sorvolo,N/D,5850,225.31,8.94,N/D,3296,adsb.lol,2026-10-07
2026-10-07 03:35:46,MASBA,424c9d,N/D,Sorvolo,N/D,8850,226.47,14.75,N/D,3040,adsb.lol,2026-10-07
2026-10-07 03:49:16,SRR6402,45cf24,N/D,Sorvolo,N/D,12075,160.24,4.68,N/D,-1664,adsb.lol,2026-10-07
2026-10-07 03:50:17,SRR6402,45cf24,N/D,Sorvolo,N/D,10625,156.65,5.24,N/D,-2112,adsb.lol,2026-10-07
2026-10-07 03:51:18,SRR6402,45cf24,N/D,Sorvolo,N/D,9175,156.72,14.02,N/D,-1472,adsb.lol,2026-10-07
2026-10-07 03:55:27,NOS2421,4cae05,N/D,Sorvolo,N/D,2625,285.07,13.34,N/D,-960,adsb.lol,2026-10-07
2026-10-07 03:56:28,NOS2421,4cae05,RWY 28,Avvicinamento,Est -> Ovest,1725,284.84,8.08,N/D,-832,adsb.lol,2026-10-07
2026-10-07 03:57:28,NOS2421,4cae05,RWY 28,Atterraggio,Est -> Ovest,975,284.86,3.79,N/D,-896,adsb.lol,2026-10-07
2026-10-07 03:58:31,NOS2421,4cae05,RWY 28,Atterraggio,Est -> Ovest,650,284.86,1.87,Ireland,-704,opensky,2026-10-07
2026-10-07 03:59:32,SRR6402,45cf24,N/D,Sorvolo,N/D,2125,284.84,10.25,N/D,-832,adsb.lol,2026-10-07
2026-10-07 04:00:33,SRR6402,45cf24,RWY 28,Avvicinamento,Est -> Ovest,1350,285.04,5.8,N/D,-768,adsb.lol,2026-10-07
2026-10-07 04:01:34,SRR6402,45cf24,RWY 28,Atterraggio,Est -> Ovest,1000,284.62,3.66,N/D,-832,adsb.lol,2026-10-07
2026-10-07 04:02:36,SRR6402,45cf24,RWY 28,Atterraggio,Est -> Ovest,675,284.81,1.85,Denmark,-64,opensky,2026-10-07
2026-10-07 04:02:36,NOS2421,4cae05,RWY 28,Atterraggio,Est -> Ovest,650,284.86,1.87,Ireland,-704,opensky,2026-10-07
2026-10-07 04:03:39,SRR6402,45cf24,RWY 28,Atterraggio,Est -> Ovest,675,284.81,1.85,Denmark,-64,opensky,2026-10-07
2026-10-07 04:04:41,SRR6402,45cf24,RWY 28,Atterraggio,Est -> Ovest,675,284.81,1.85,Denmark,-64,opensky,2026-10-07
2026-10-07 04:05:44,SRR6402,45cf24,RWY 28,Atterraggio,Est -> Ovest,675,284.81,1.85,Denmark,-64,opensky,2026-10-07
2026-10-07 04:06:47,SRR6402,45cf24,RWY 28,Atterraggio,Est -> Ovest,675,284.81,1.85,Denmark,-64,opensky,2026-10-07
2026-10-07 04:10:55,DLH1327,3c65c7,N/D,Sorvolo,N/D,38025,357.25,12.31,N/D,0,adsb.lol,2026-10-07
2026-10-07 04:11:56,DLH1327,3c65c7,N/D,Sorvolo,N/D,38050,357.26,9.5,N/D,32,adsb.lol,2026-10-07
2026-10-07 04:32:45,RAM223B,020072,N/D,Sorvolo,N/D,37000,221.93,14.62,N/D,-64,adsb.lol,2026-10-07
2026-10-07 04:33:46,RAM223B,020072,N/D,Sorvolo,N/D,37000,221.87,12.87,N/D,0,adsb.lol,2026-10-07
2026-10-07 04:53:32,SRR6498,45cf23,N/D,Sorvolo,N/D,12025,165.45,8.77,N/D,-704,adsb.lol,2026-10-07
2026-10-07 04:54:33,SRR6498,45cf23,N/D,Sorvolo,N/D,10525,150.43,0.91,N/D,-2240,adsb.lol,2026-10-07
2026-10-07 04:55:34,SRR6498,45cf23,N/D,Sorvolo,N/D,8750,136.7,9.63,N/D,-1088,adsb.lol,2026-10-07
2026-10-07 04:57:37,AEG432,5110c3,N/D,Sorvolo,N/D,20000,316.0,14.82,N/D,0,adsb.lol,2026-10-07
2026-10-07 04:58:38,AEG432,5110c3,N/D,Sorvolo,N/D,20000,323.0,11.31,N/D,0,adsb.lol,2026-10-07
2026-10-07 04:59:39,AEG432,5110c3,N/D,Sorvolo,N/D,19975,317.0,12.0,N/D,-22,adsb.lol,2026-10-07
2026-10-07 05:01:44,SRR6498,45cf23,N/D,Sorvolo,N/D,2200,285.05,10.74,N/D,-768,adsb.lol,2026-10-07
2026-10-07 05:02:44,SRR6498,45cf23,RWY 28,Avvicinamento,Est -> Ovest,1425,285.15,6.27,N/D,-768,adsb.lol,2026-10-07
2026-10-07 05:03:45,SRR6498,45cf23,RWY 28,Atterraggio,Est -> Ovest,975,284.52,3.54,N/D,-704,adsb.lol,2026-10-07
2026-10-07 05:04:48,SRR6498,45cf23,RWY 28,Atterraggio,Est -> Ovest,675,285.18,1.8,Denmark,-767,opensky,2026-10-07
2026-10-07 05:05:51,SRR6498,45cf23,RWY 28,Atterraggio,Est -> Ovest,675,285.18,1.8,Denmark,-767,opensky,2026-10-07
2026-10-07 05:06:53,SRR6498,45cf23,RWY 28,Atterraggio,Est -> Ovest,675,285.18,1.8,Denmark,-767,opensky,2026-10-07
2026-10-07 05:07:56,SRR6498,45cf23,RWY 28,Atterraggio,Est -> Ovest,675,285.18,1.8,Denmark,-767,opensky,2026-10-07
2026-10-07 05:08:58,SRR6498,45cf23,RWY 28,Atterraggio,Est -> Ovest,675,285.18,1.8,Denmark,-767,opensky,2026-10-07
2026-10-07 05:36:02,LSI113,300a44,N/D,Sorvolo,N/D,19325,79.87,7.79,N/D,2624,adsb.lol,2026-10-07
2026-10-07 05:37:03,LSI113,300a44,N/D,Sorvolo,N/D,21800,80.06,7.6,N/D,2432,adsb.lol,2026-10-07
2026-10-07 05:46:24,RYR8TT,4d23fb,RWY 10,Decollo,Ovest -> Est,1875,105.9,2.93,N/D,3904,adsb.lol,2026-10-07
2026-10-07 05:47:25,RYR8TT,4d23fb,N/D,Decollo,Rotta 200.6°,4200,200.62,8.1,N/D,2048,adsb.lol,2026-10-07
2026-10-07 05:48:26,RYR8TT,4d23fb,N/D,Sorvolo,N/D,6050,279.11,8.64,N/D,3520,adsb.lol,2026-10-07
2026-10-07 05:49:26,RYR8TT,4d23fb,N/D,Sorvolo,N/D,9625,276.04,11.27,N/D,3264,adsb.lol,2026-10-07
2026-10-07 05:51:31,RYR34DV,4ca4ee,RWY 10,Decollo,Ovest -> Est,750,105.63,1.43,Ireland,1856,opensky,2026-10-07
2026-10-07 05:52:32,RYR34DV,4ca4ee,N/D,Decollo,Rotta 176.2°,3325,176.24,7.95,N/D,2752,adsb.lol,2026-10-07
2026-10-07 05:53:33,RYR34DV,4ca4ee,N/D,Sorvolo,N/D,5500,226.96,10.22,N/D,1024,adsb.lol,2026-10-07
2026-10-07 05:53:33,RYR62DA,4caeca,RWY 10,Decollo,Ovest -> Est,2400,109.32,5.5,N/D,896,adsb.lol,2026-10-07
2026-10-07 05:54:34,RYR6178,4caecb,RWY 10,Decollo,Ovest -> Est,1500,104.04,2.64,N/D,3392,adsb.lol,2026-10-07
2026-10-07 05:54:34,RYR62DA,4caeca,N/D,Decollo,Rotta 227.6°,4475,227.62,8.86,N/D,832,adsb.lol,2026-10-07
2026-10-07 05:55:35,RYR6178,4caecb,N/D,Decollo,Rotta 183.2°,3400,183.25,8.32,N/D,2496,adsb.lol,2026-10-07
2026-10-07 05:55:35,RYR62DA,4caeca,N/D,Sorvolo,N/D,6775,226.58,13.32,N/D,704,adsb.lol,2026-10-07
2026-10-07 05:56:36,RYR6178,4caecb,N/D,Sorvolo,N/D,5000,233.29,10.11,N/D,1024,adsb.lol,2026-10-07
2026-10-07 05:57:37,SIA378,76cda3,N/D,Sorvolo,N/D,16850,237.28,10.0,N/D,-1664,adsb.lol,2026-10-07
2026-10-07 05:57:37,RYR46YA,4caa58,RWY 10,Decollo,Ovest -> Est,1475,103.34,2.32,N/D,2752,adsb.lol,2026-10-07
2026-10-07 05:58:38,SIA378,76cda3,N/D,Sorvolo,N/D,15025,237.44,6.2,N/D,-1600,adsb.lol,2026-10-07
2026-10-07 05:58:38,RYR46YA,4caa58,N/D,Decollo,Rotta 186.1°,3600,186.13,7.73,N/D,2560,adsb.lol,2026-10-07
2026-10-07 05:59:39,RYR97WV,4d234c,RWY 10,Decollo,Ovest -> Est,1975,105.11,3.75,N/D,1664,adsb.lol,2026-10-07
2026-10-07 05:59:39,RYR46YA,4caa58,N/D,Sorvolo,N/D,6400,173.82,11.11,N/D,2880,adsb.lol,2026-10-07
2026-10-07 05:59:39,SIA378,76cda3,N/D,Sorvolo,N/D,13150,237.31,14.1,N/D,-1280,adsb.lol,2026-10-07
2026-10-07 06:00:40,RYR97WV,4d234c,N/D,Decollo,Rotta 219.9°,3850,219.94,8.45,N/D,2560,adsb.lol,2026-10-07
2026-10-07 06:06:46,RYR5LG,4cae48,N/D,Decollo,Rotta 236.1°,4025,236.1,8.48,N/D,1920,adsb.lol,2026-10-07
2026-10-07 06:08:47,RYR3273,4cadc4,N/D,Decollo,Rotta 227.6°,4700,227.63,9.01,N/D,960,adsb.lol,2026-10-07
2026-10-07 06:10:48,RYR23MG,4d2248,N/D,Sorvolo,N/D,5100,227.33,8.42,N/D,2048,adsb.lol,2026-10-07
2026-10-07 06:12:49,RYR8334,4cae6d,RWY 10,Decollo,Ovest -> Est,1450,104.53,2.62,N/D,2560,adsb.lol,2026-10-07
2026-10-07 06:12:49,RYR9858,4d251a,N/D,Sorvolo,N/D,25825,96.28,3.73,N/D,2240,adsb.lol,2026-10-07
2026-10-07 06:14:50,RYR8334,4cae6d,N/D,Sorvolo,N/D,5225,226.49,10.16,N/D,2944,adsb.lol,2026-10-07
2026-10-07 06:14:50,RYR63TC,4ca704,RWY 10,Decollo,Ovest -> Est,1425,104.44,2.6,N/D,2944,adsb.lol,2026-10-07
2026-10-07 06:16:51,RYR63TC,4ca704,N/D,Sorvolo,N/D,5650,228.0,10.56,N/D,3456,adsb.lol,2026-10-07
2026-10-07 06:16:51,RYR76PX,4ca8db,RWY 10,Decollo,Ovest -> Est,2150,104.2,3.9,N/D,2816,adsb.lol,2026-10-07
2026-10-07 06:18:52,SRR6498,45cf23,RWY 10,Decollo,Ovest -> Est,3200,109.7,5.33,N/D,1472,adsb.lol,2026-10-07
2026-10-07 06:18:52,RYR76PX,4ca8db,N/D,Sorvolo,N/D,6400,230.41,10.02,N/D,2752,adsb.lol,2026-10-07
2026-10-07 06:20:53,SRR6498,45cf23,N/D,Sorvolo,N/D,7900,232.61,12.33,N/D,1536,adsb.lol,2026-10-07
2026-10-07 06:22:54,WMT743,4d2186,N/D,Sorvolo,N/D,21850,86.77,13.1,N/D,1472,adsb.lol,2026-10-07
2026-10-07 06:29:00,SRR6402,45cf24,N/D,Sorvolo,N/D,6900,136.0,10.78,N/D,3776,adsb.lol,2026-10-07
2026-10-07 06:38:55,RYR5FZ,4d220c,N/D,Sorvolo,N/D,10200,130.2,8.56,N/D,-1344,adsb.lol,2026-10-07
2026-10-07 06:38:55,WMT5GC,4d2420,N/D,Sorvolo,N/D,24000,83.81,10.75,N/D,1728,adsb.lol,2026-10-07
2026-10-07 06:38:55,RYR8ZQ,4d22c6,N/D,Sorvolo,N/D,8725,203.83,14.25,N/D,-1920,adsb.lol,2026-10-07
2026-10-07 06:40:56,WZZ7WM,471dc0,N/D,Sorvolo,N/D,36950,227.79,12.13,N/D,32,adsb.lol,2026-10-07
2026-10-07 06:40:56,RYR5FZ,4d220c,N/D,Sorvolo,N/D,7700,131.79,14.73,N/D,-1472,adsb.lol,2026-10-07
2026-10-07 06:40:56,AFR11QX,39e681,N/D,Sorvolo,N/D,33950,283.97,13.96,N/D,864,adsb.lol,2026-10-07
2026-10-07 06:42:57,WMT725,471f7a,N/D,Sorvolo,N/D,22475,270.33,14.37,N/D,-2048,adsb.lol,2026-10-07
2026-10-07 06:44:58,SVA143,710121,N/D,Sorvolo,N/D,38000,292.62,11.29,N/D,0,adsb.lol,2026-10-07
2026-10-07 06:44:58,RYR8ZQ,4d22c6,RWY 28,Avvicinamento,Est -> Ovest,1475,285.11,6.53,N/D,-704,adsb.lol,2026-10-07
2026-10-07 06:44:58,WMT725,471f7a,N/D,Sorvolo,N/D,17825,244.54,9.88,N/D,-2560,adsb.lol,2026-10-07
2026-10-07 06:46:59,RYR5FZ,4d220c,RWY 28,Avvicinamento,Est -> Ovest,1625,284.97,7.39,N/D,-1024,adsb.lol,2026-10-07
2026-10-07 06:49:00,EVA095,89907c,N/D,Sorvolo,N/D,17350,249.05,8.04,N/D,-2592,adsb.lol,2026-10-07
2026-10-07 06:50:01,EVA095,89907c,N/D,Sorvolo,N/D,14975,248.87,13.09,N/D,-2208,adsb.lol,2026-10-07
2026-10-07 06:52:02,RYR3GD,4d2217,N/D,Decollo,Rotta 222.7°,3500,222.67,5.79,N/D,2176,adsb.lol,2026-10-07
2026-10-07 06:52:02,WMT6NA,4d250b,N/D,Sorvolo,N/D,2775,284.78,14.17,N/D,-704,adsb.lol,2026-10-07
2026-10-07 06:54:03,WMT6NA,4d250b,RWY 28,Avvicinamento,Est -> Ovest,1275,285.07,5.32,N/D,-704,adsb.lol,2026-10-07
2026-10-07 06:54:03,RYR3GD,4d2217,N/D,Sorvolo,N/D,6725,140.38,14.31,N/D,1024,adsb.lol,2026-10-07
2026-10-07 06:56:04,WZZ182J,4d242e,N/D,Sorvolo,N/D,37025,226.0,8.05,N/D,-64,adsb.lol,2026-10-07
2026-10-07 06:56:04,RYR7306,4d222a,N/D,Sorvolo,N/D,27175,80.4,12.81,N/D,1152,adsb.lol,2026-10-07
2026-10-07 06:58:05,RYR52YR,4caf34,N/D,Decollo,Rotta 220.4°,2800,220.43,4.79,N/D,1792,adsb.lol,2026-10-07
2026-10-07 07:00:08,WMT6NA,4d250b,RWY 28,Atterraggio,Est -> Ovest,675,284.66,1.89,Malta,-448,opensky,2026-10-07
2026-10-07 07:02:09,RYR34XQ,48c12e,N/D,Sorvolo,N/D,10275,213.05,2.15,N/D,-1600,adsb.lol,2026-10-07
2026-10-07 07:02:09,VCJ50M,4d21b5,N/D,Sorvolo,N/D,41000,226.01,7.66,N/D,128,adsb.lol,2026-10-07
2026-10-07 07:02:09,AUA50E,440822,N/D,Sorvolo,N/D,19300,85.67,11.23,N/D,2688,adsb.lol,2026-10-07
2026-10-07 07:02:09,RYR9GR,4ca225,RWY 28,Avvicinamento,Est -> Ovest,1500,284.68,6.77,N/D,-832,adsb.lol,2026-10-07
2026-10-07 07:04:10,RYR50UT,4d21ec,N/D,Decollo,Rotta 225.0°,4425,225.0,9.47,N/D,1280,adsb.lol,2026-10-07
2026-10-07 07:06:13,RYR9GR,4ca225,RWY 28,Atterraggio,Est -> Ovest,675,284.96,1.82,Ireland,-639,opensky,2026-10-07
2026-10-07 07:08:14,WMT3131,4d242b,RWY 28,Avvicinamento,Est -> Ovest,1325,284.34,5.71,N/D,-768,adsb.lol,2026-10-07
2026-10-07 07:10:15,VOE1784,346614,N/D,Sorvolo,N/D,24425,285.73,12.89,N/D,1792,adsb.lol,2026-10-07
2026-10-07 07:10:15,RYR34XQ,48c12e,N/D,Sorvolo,N/D,2200,285.09,10.76,N/D,-960,adsb.lol,2026-10-07
2026-10-07 07:12:16,RYR982M,4ca4f2,N/D,Decollo,Rotta 223.9°,3375,223.86,5.95,N/D,1984,adsb.lol,2026-10-07
2026-10-07 07:12:16,DLA3TN,300554,N/D,Sorvolo,N/D,23950,57.56,14.55,N/D,1728,adsb.lol,2026-10-07
2026-10-07 07:12:16,RYR34XQ,48c12e,RWY 28,Atterraggio,Est -> Ovest,975,284.98,3.73,N/D,-768,adsb.lol,2026-10-07
2026-10-07 07:14:17,RYR43PX,4d221f,RWY 28,Avvicinamento,Est -> Ovest,1825,285.07,8.62,N/D,-704,adsb.lol,2026-10-07
2026-10-07 07:16:18,RYR27QC,4ca643,N/D,Sorvolo,N/D,2775,284.49,14.02,N/D,-1024,adsb.lol,2026-10-07
2026-10-07 07:16:18,RYR43PX,4d221f,RWY 28,Atterraggio,Est -> Ovest,950,284.72,3.59,N/D,-704,adsb.lol,2026-10-07
2026-10-07 07:18:19,THY7YP,4baa4e,N/D,Sorvolo,N/D,17825,95.5,10.87,N/D,1472,adsb.lol,2026-10-07
2026-10-07 07:18:19,RYR27QC,4ca643,RWY 28,Atterraggio,Est -> Ovest,1000,285.58,3.85,N/D,-768,adsb.lol,2026-10-07
2026-10-07 07:20:21,RYR27QC,4ca643,RWY 28,Atterraggio,Est -> Ovest,675,284.93,1.87,Ireland,-639,opensky,2026-10-07
2026-10-07 07:20:21,RYR43PX,4d221f,RWY 28,Atterraggio,Est -> Ovest,650,284.93,1.86,Malta,-704,opensky,2026-10-07
2026-10-07 07:22:24,RYR27QC,4ca643,RWY 28,Atterraggio,Est -> Ovest,675,284.93,1.87,Ireland,-639,opensky,2026-10-07
2026-10-07 07:24:25,RYR41CA,48c238,N/D,Sorvolo,N/D,11950,216.99,14.04,N/D,-1024,adsb.lol,2026-10-07
2026-10-07 07:26:26,RYR41CA,48c238,N/D,Sorvolo,N/D,8750,154.82,3.95,N/D,-1088,adsb.lol,2026-10-07
2026-10-07 07:26:26,WMT917,4d2422,N/D,Sorvolo,N/D,2800,284.91,14.23,N/D,-832,adsb.lol,2026-10-07
2026-10-07 07:28:27,WZZ409,471f6f,N/D,Sorvolo,N/D,24600,120.52,5.41,N/D,2048,adsb.lol,2026-10-07
2026-10-07 07:28:27,WMT917,4d2422,RWY 28,Avvicinamento,Est -> Ovest,1225,284.74,5.05,N/D,-704,adsb.lol,2026-10-07
2026-10-07 07:28:27,LUC2M,4b37a8,N/D,Sorvolo,N/D,38000,276.62,14.04,N/D,0,adsb.lol,2026-10-07
2026-10-07 07:30:28,LUC2M,4b37a8,N/D,Sorvolo,N/D,38000,276.46,8.19,N/D,-64,adsb.lol,2026-10-07
2026-10-07 07:32:29,RYR29LJ,4cafb4,N/D,Sorvolo,N/D,2350,284.65,11.76,N/D,-1024,adsb.lol,2026-10-07
2026-10-07 07:34:30,CPA233,780a5c,N/D,Sorvolo,N/D,19025,248.66,8.99,N/D,-4992,adsb.lol,2026-10-07
2026-10-07 07:34:30,RYR29LJ,4cafb4,RWY 28,Atterraggio,Est -> Ovest,725,284.7,2.23,N/D,-768,adsb.lol,2026-10-07
2026-10-07 07:36:31,RYR41CA,48c238,RWY 28,Avvicinamento,Est -> Ovest,1425,284.84,6.31,N/D,-768,adsb.lol,2026-10-07
2026-10-07 07:38:32,WZZ5KX,4d200c,N/D,Sorvolo,N/D,2400,285.07,11.84,N/D,-896,adsb.lol,2026-10-07
2026-10-07 07:40:33,RYR4BJ,4d22c6,N/D,Decollo,Rotta 225.5°,3325,225.52,4.97,N/D,2496,adsb.lol,2026-10-07
2026-10-07 07:40:33,WZZ5KX,4d200c,RWY 28,Atterraggio,Est -> Ovest,875,284.64,3.07,N/D,-640,adsb.lol,2026-10-07
2026-10-07 07:42:33,RYR205A,4d22c2,N/D,Sorvolo,N/D,35000,240.17,11.76,N/D,0,adsb.lol,2026-10-07
2026-10-07 07:44:34,RYR4BJ,4d22c6,N/D,Sorvolo,N/D,12200,74.61,11.46,N/D,3328,adsb.lol,2026-10-07
2026-10-07 07:44:34,RYR59DZ,4d222b,N/D,Decollo,Rotta 225.0°,4875,225.0,8.63,N/D,1024,adsb.lol,2026-10-07
2026-10-07 07:46:35,RYR3TW,4d21ed,RWY 28,Decollo,Est -> Ovest,3550,255.34,7.02,N/D,1984,adsb.lol,2026-10-07
2026-10-07 07:46:35,ITY450,300a87,N/D,Sorvolo,N/D,20300,85.82,13.21,N/D,4224,adsb.lol,2026-10-07
2026-10-07 07:48:36,RYR8NG,4d220c,N/D,Decollo,Rotta 224.6°,4625,224.58,9.47,N/D,1024,adsb.lol,2026-10-07
2026-10-07 07:50:37,WZZ247,4d200f,N/D,Sorvolo,N/D,19000,270.0,2.9,N/D,-1536,adsb.lol,2026-10-07
2026-10-07 07:50:37,RYR8NG,4d220c,N/D,Sorvolo,N/D,9150,58.08,14.95,N/D,3008,adsb.lol,2026-10-07
2026-10-07 07:52:38,RYR8NG,4d220c,N/D,Sorvolo,N/D,14000,350.08,1.96,N/D,704,adsb.lol,2026-10-07
2026-10-07 07:52:38,WZZ8PV,471f6a,N/D,Sorvolo,N/D,12525,196.27,14.09,N/D,-2944,adsb.lol,2026-10-07
2026-10-07 07:52:38,RYR2NR,4ca225,N/D,Sorvolo,N/D,5925,208.71,11.6,N/D,2368,adsb.lol,2026-10-07
2026-10-07 07:54:39,ETD26N,896354,N/D,Sorvolo,N/D,19375,269.84,2.28,N/D,-1920,adsb.lol,2026-10-07
2026-10-07 07:54:39,WZZ8PV,471f6a,N/D,Sorvolo,N/D,8475,194.83,14.65,N/D,-1920,adsb.lol,2026-10-07
2026-10-07 07:56:40,RYR72AV,48c232,N/D,Sorvolo,N/D,35000,225.35,6.56,N/D,-64,adsb.lol,2026-10-07
2026-10-07 07:56:40,RYR7BV,4ca263,N/D,Sorvolo,N/D,36000,41.16,8.45,N/D,-64,adsb.lol,2026-10-07
2026-10-07 07:58:41,ASL58V,451d85,N/D,Sorvolo,N/D,17925,270.0,3.2,N/D,-1664,adsb.lol,2026-10-07
2026-10-07 08:00:42,AUA40Y,440606,N/D,Sorvolo,N/D,35000,242.7,10.76,N/D,64,adsb.lol,2026-10-07
2026-10-07 08:00:42,WZZ8PV,471f6a,RWY 28,Avvicinamento,Est -> Ovest,1450,285.15,6.45,N/D,-832,adsb.lol,2026-10-07
2026-10-07 08:02:43,DAL192,ab4840,N/D,Sorvolo,N/D,30925,98.43,12.65,N/D,-1472,adsb.lol,2026-10-07
2026-10-07 08:02:43,WZZ39GE,4d24d6,N/D,Sorvolo,N/D,37050,224.01,10.58,N/D,-32,adsb.lol,2026-10-07
2026-10-07 08:04:44,CHH7973,78105b,N/D,Sorvolo,N/D,16975,257.87,3.25,N/D,96,adsb.lol,2026-10-07
2026-10-07 08:04:44,RYR9604,4cae58,RWY 28,Decollo,Est -> Ovest,2500,274.45,4.55,N/D,1984,adsb.lol,2026-10-07
2026-10-07 08:06:45,EJU46ZJ,4402ae,N/D,Sorvolo,N/D,14475,81.49,8.99,N/D,3456,adsb.lol,2026-10-07
2026-10-07 08:08:46,BCS9114,440bc4,N/D,Sorvolo,N/D,25125,99.3,11.47,N/D,1728,adsb.lol,2026-10-07
2026-10-07 08:08:46,RYR7HH,48c134,N/D,Sorvolo,N/D,6125,171.21,11.01,N/D,1536,adsb.lol,2026-10-07
2026-10-07 08:10:47,AEZ2910,4d207a,N/D,Sorvolo,N/D,14275,259.82,12.61,N/D,-1152,adsb.lol,2026-10-07
2026-10-07 08:10:47,RYR65SB,4d221f,N/D,Decollo,Rotta 224.4°,4450,224.43,9.62,N/D,1088,adsb.lol,2026-10-07
2026-10-07 08:12:50,RYR6MQ,4cae4b,RWY 28,Decollo,Est -> Ovest,1125,283.09,0.95,Ireland,2944,opensky,2026-10-07
2026-10-07 08:14:51,WMT775,4d250b,RWY 28,Decollo,Est -> Ovest,1925,259.53,2.17,N/D,2688,adsb.lol,2026-10-07
2026-10-07 08:14:51,RYR6MQ,4cae4b,N/D,Sorvolo,N/D,6125,225.83,11.99,N/D,1728,adsb.lol,2026-10-07
2026-10-07 08:16:52,WMT2PY,471f7a,N/D,Sorvolo,N/D,25075,95.94,3.13,N/D,2048,adsb.lol,2026-10-07
2026-10-07 08:16:52,WMT775,4d250b,N/D,Sorvolo,N/D,5750,225.0,12.66,N/D,832,adsb.lol,2026-10-07
2026-10-07 08:16:52,RYR8XV,4ca643,N/D,Decollo,Rotta 225.5°,2775,225.47,4.79,N/D,2048,adsb.lol,2026-10-07
2026-10-07 08:18:53,WMT3132,4d242b,N/D,Decollo,Rotta 224.8°,3775,224.77,5.41,N/D,3008,adsb.lol,2026-10-07
2026-10-07 08:18:53,RYR28CC,4cafb5,N/D,Sorvolo,N/D,12150,124.45,14.43,N/D,-704,adsb.lol,2026-10-07
2026-10-07 08:20:54,WMT775,4d250b,N/D,Sorvolo,N/D,13125,44.33,12.88,N/D,4544,adsb.lol,2026-10-07
2026-10-07 08:20:54,RYR605H,4ca737,N/D,Decollo,Rotta 224.5°,3350,224.54,5.64,N/D,2432,adsb.lol,2026-10-07
2026-10-07 08:20:54,RYR28CC,4cafb5,N/D,Sorvolo,N/D,9500,152.1,5.68,N/D,-1920,adsb.lol,2026-10-07
2026-10-07 08:20:54,BCS942,451dbd,N/D,Sorvolo,N/D,23100,89.75,4.83,N/D,1472,adsb.lol,2026-10-07
2026-10-07 08:22:55,WMT3132,4d242b,N/D,Sorvolo,N/D,10000,44.67,10.3,N/D,1536,adsb.lol,2026-10-07
2026-10-07 08:24:56,EJU5019,4400f3,N/D,Sorvolo,N/D,37000,221.54,13.57,N/D,0,adsb.lol,2026-10-07
2026-10-07 08:24:56,WMT3132,4d242b,N/D,Sorvolo,N/D,13800,91.19,12.43,N/D,2560,adsb.lol,2026-10-07
2026-10-07 08:26:57,RYR28CC,4cafb5,N/D,Sorvolo,N/D,2350,285.07,11.66,N/D,-1088,adsb.lol,2026-10-07
2026-10-07 08:28:57,RYR36VQ,48c221,N/D,Sorvolo,N/D,37000,238.09,8.68,N/D,32,adsb.lol,2026-10-07
2026-10-07 08:28:57,RYR28CC,4cafb5,RWY 28,Atterraggio,Est -> Ovest,1000,284.57,3.79,N/D,-832,adsb.lol,2026-10-07
2026-10-07 08:30:58,RYR33AY,4cafb4,RWY 28,Decollo,Est -> Ovest,1425,281.37,1.67,N/D,2560,adsb.lol,2026-10-07
2026-10-07 08:32:59,RYR33AY,4cafb4,N/D,Sorvolo,N/D,6175,146.31,10.25,N/D,3200,adsb.lol,2026-10-07
2026-10-07 08:34:00,RYR39DD,48c124,N/D,Sorvolo,N/D,37000,233.87,14.75,N/D,0,adsb.lol,2026-10-07
2026-10-07 08:36:02,LOT2163,48af02,N/D,Sorvolo,N/D,39000,238.58,7.69,N/D,0,adsb.lol,2026-10-07
2026-10-07 08:38:03,RYR38HN,4d244a,N/D,Sorvolo,N/D,4400,225.0,10.2,N/D,768,adsb.lol,2026-10-07
2026-10-07 08:38:03,EJU65NU,440219,N/D,Sorvolo,N/D,37975,41.2,13.56,N/D,0,adsb.lol,2026-10-07
2026-10-07 08:40:04,AUA373Z,4408df,N/D,Sorvolo,N/D,35000,239.32,6.05,N/D,32,adsb.lol,2026-10-07
2026-10-07 08:40:04,WZZ6779,4d200c,N/D,Decollo,Rotta 194.1°,4450,194.11,7.29,N/D,1856,adsb.lol,2026-10-07
2026-10-07 08:42:05,RYR6YM,48c238,N/D,Decollo,Rotta 229.5°,2150,229.54,3.6,N/D,2624,adsb.lol,2026-10-07
2026-10-07 08:42:05,WZZ6779,4d200c,N/D,Sorvolo,N/D,9950,82.42,9.7,N/D,2752,adsb.lol,2026-10-07
2026-10-07 08:44:06,RYR6YM,48c238,N/D,Sorvolo,N/D,5475,82.55,6.38,N/D,1024,adsb.lol,2026-10-07
2026-10-07 08:44:06,RYR18JC,4cae48,N/D,Sorvolo,N/D,10825,217.38,13.2,N/D,-2048,adsb.lol,2026-10-07
2026-10-07 08:46:07,RYR18JC,4cae48,N/D,Sorvolo,N/D,8225,154.52,7.9,N/D,-2112,adsb.lol,2026-10-07
2026-10-07 08:46:07,RYR54TQ,4d23fb,N/D,Sorvolo,N/D,11425,121.25,10.17,N/D,-1536,adsb.lol,2026-10-07
2026-10-07 08:48:08,ICNTX,3009fc,N/D,Sorvolo,N/D,1575,3.92,10.88,N/D,640,adsb.lol,2026-10-07
2026-10-07 08:48:08,RYR54TQ,4d23fb,N/D,Sorvolo,N/D,8350,156.3,8.44,N/D,-1536,adsb.lol,2026-10-07
2026-10-07 08:48:08,DLH2VC,3c658b,N/D,Sorvolo,N/D,16900,212.16,5.82,N/D,-3648,adsb.lol,2026-10-07
2026-10-07 08:50:09,WMT3662,4d2422,N/D,Decollo,Rotta 211.2°,4275,211.2,8.06,N/D,2816,adsb.lol,2026-10-07
2026-10-07 08:50:09,ICNTX,3009fc,N/D,Sorvolo,N/D,1875,258.06,14.68,N/D,0,adsb.lol,2026-10-07
2026-10-07 08:52:10,WZZ488R,471f6a,N/D,Decollo,Rotta 220.0°,4475,219.96,7.66,N/D,1664,adsb.lol,2026-10-07
2026-10-07 08:52:10,WMT3662,4d2422,N/D,Sorvolo,N/D,9350,81.39,8.3,N/D,2880,adsb.lol,2026-10-07
2026-10-07 08:52:10,THY2WM,4bb273,N/D,Sorvolo,N/D,33975,277.56,11.97,N/D,64,adsb.lol,2026-10-07
2026-10-07 08:52:10,RYR18JC,4cae48,RWY 28,Atterraggio,Est -> Ovest,1100,284.69,4.49,N/D,-704,adsb.lol,2026-10-07
2026-10-07 08:54:11,WZZ488R,471f6a,N/D,Sorvolo,N/D,8875,74.84,11.67,N/D,3648,adsb.lol,2026-10-07
2026-10-07 08:54:11,WMT1317,471d6c,N/D,Sorvolo,N/D,29550,78.69,8.91,N/D,1024,adsb.lol,2026-10-07
2026-10-07 08:54:11,RYR54TQ,4d23fb,N/D,Sorvolo,N/D,2925,284.73,14.6,N/D,-960,adsb.lol,2026-10-07
2026-10-07 08:56:12,RYR54TQ,4d23fb,RWY 28,Atterraggio,Est -> Ovest,1150,284.32,4.81,N/D,-896,adsb.lol,2026-10-07
2026-10-07 08:58:13,RYR97KC,4caa58,N/D,Sorvolo,N/D,2675,284.91,13.57,N/D,-1024,adsb.lol,2026-10-07
2026-10-07 09:00:14,RYR97KC,4caa58,RWY 28,Atterraggio,Est -> Ovest,900,284.96,3.26,N/D,-768,adsb.lol,2026-10-07
2026-10-07 09:02:15,VLG1812,345314,N/D,Sorvolo,N/D,34000,50.48,11.91,N/D,64,adsb.lol,2026-10-07
2026-10-07 09:02:15,BTI695,502cd0,N/D,Sorvolo,N/D,38000,238.55,7.23,N/D,-64,adsb.lol,2026-10-07
2026-10-07 09:04:17,RYR97KC,4caa58,RWY 28,Atterraggio,Est -> Ovest,675,284.8,1.94,Ireland,-704,opensky,2026-10-07
2026-10-07 09:06:18,DLA8269,300780,N/D,Sorvolo,N/D,22275,47.61,14.76,N/D,1600,adsb.lol,2026-10-07
2026-10-07 09:08:19,AJD22BH,4d21de,N/D,Sorvolo,N/D,41050,273.89,9.55,N/D,-1536,adsb.lol,2026-10-07
2026-10-07 09:10:21,AUA521S,44001b,N/D,Sorvolo,N/D,21300,219.61,10.49,N/D,-2304,adsb.lol,2026-10-07
2026-10-07 09:12:22,FIAMM26,33fc86,N/D,Avvicinamento,Rotta 121.4°,1325,121.38,7.8,N/D,-64,adsb.lol,2026-10-07
2026-10-07 09:14:23,RYR1JK,4ca4f5,N/D,Sorvolo,N/D,9075,201.1,12.57,N/D,-1536,adsb.lol,2026-10-07
2026-10-07 09:18:28,ICNTF,3007af,N/D,Sorvolo,N/D,1100,15.26,10.31,Italy,576,opensky,2026-10-07
2026-10-07 09:20:30,RYR1JK,4ca4f5,RWY 28,Avvicinamento,Est -> Ovest,1925,284.93,9.1,N/D,-1024,adsb.lol,2026-10-07
2026-10-07 09:20:30,ICNTF,3007af,N/D,Sorvolo,N/D,1900,248.78,12.43,N/D,0,adsb.lol,2026-10-07
2026-10-07 09:22:31,RYR1JK,4ca4f5,RWY 28,Atterraggio,Est -> Ovest,975,284.69,3.65,N/D,-832,adsb.lol,2026-10-07
2026-10-07 09:22:31,RYR96EU,4d234c,N/D,Sorvolo,N/D,8425,197.85,12.1,N/D,-1856,adsb.lol,2026-10-07
2026-10-07 09:24:33,RYR1JK,4ca4f5,RWY 28,Atterraggio,Est -> Ovest,675,285.08,1.92,Ireland,-511,opensky,2026-10-07
2026-10-07 09:26:35,NOS3865,4cae05,N/D,Decollo,Rotta 185.7°,4450,185.74,7.71,N/D,1408,adsb.lol,2026-10-07
2026-10-07 09:28:36,RYR7UX,4caee6,N/D,Sorvolo,N/D,12875,121.12,8.88,N/D,-1344,adsb.lol,2026-10-07
2026-10-07 09:28:36,RYR4UL,4cafb5,N/D,Decollo,Rotta 195.3°,4850,195.3,9.74,N/D,1984,adsb.lol,2026-10-07
2026-10-07 09:28:36,RYR96EU,4d234c,N/D,Sorvolo,N/D,2200,284.77,10.81,N/D,-1024,adsb.lol,2026-10-07
2026-10-07 09:30:37,RYR7UX,4caee6,N/D,Sorvolo,N/D,11400,156.21,9.02,N/D,-320,adsb.lol,2026-10-07
2026-10-07 09:30:37,RYR96EU,4d234c,RWY 28,Atterraggio,Est -> Ovest,975,284.78,3.82,N/D,-1024,adsb.lol,2026-10-07
2026-10-07 09:30:37,RYR4UL,4cafb5,N/D,Sorvolo,N/D,9600,82.07,8.8,N/D,1088,adsb.lol,2026-10-07
2026-10-07 09:32:38,P4G7OO,4844b3,N/D,Sorvolo,N/D,19000,214.92,8.81,N/D,-1536,adsb.lol,2026-10-07
2026-10-07 09:32:38,RYR52XB,4ca8db,N/D,Sorvolo,N/D,10975,196.59,11.52,N/D,-128,adsb.lol,2026-10-07
2026-10-07 09:34:39,RYR8SL,4d2217,N/D,Sorvolo,N/D,2450,284.83,12.17,N/D,-1152,adsb.lol,2026-10-07
2026-10-07 09:34:39,WZZ6152,4d200f,N/D,Sorvolo,N/D,21500,97.58,6.92,N/D,1344,adsb.lol,2026-10-07
2026-10-07 09:34:39,ICNTK,3009fb,N/D,Sorvolo,N/D,1375,345.02,10.87,N/D,448,adsb.lol,2026-10-07
2026-10-07 09:36:40,RYR8SL,4d2217,RWY 28,Atterraggio,Est -> Ovest,1175,284.67,4.88,N/D,-960,adsb.lol,2026-10-07
2026-10-07 09:36:40,ICNTK,3009fb,N/D,Sorvolo,N/D,1950,234.34,11.82,N/D,-320,adsb.lol,2026-10-07
2026-10-07 09:38:41,ICNTF,3007af,N/D,Sorvolo,N/D,1800,106.84,12.45,N/D,256,adsb.lol,2026-10-07
2026-10-07 09:38:41,RYR7UX,4caee6,N/D,Sorvolo,N/D,2175,284.63,10.7,N/D,-960,adsb.lol,2026-10-07
2026-10-07 09:40:42,ICNTF,3007af,N/D,Sorvolo,N/D,1700,352.32,10.68,N/D,-192,adsb.lol,2026-10-07
2026-10-07 09:40:42,RYR52XB,4ca8db,N/D,Sorvolo,N/D,2825,285.08,14.32,N/D,-1024,adsb.lol,2026-10-07
2026-10-07 09:40:42,LAV982P,346516,N/D,Sorvolo,N/D,5000,159.36,9.33,N/D,1536,adsb.lol,2026-10-07
2026-10-07 09:40:42,RYR7UX,4caee6,RWY 28,Avvicinamento,Est -> Ovest,1225,285.05,5.16,N/D,-768,adsb.lol,2026-10-07
2026-10-07 09:42:43,ICNTF,3007af,N/D,Sorvolo,N/D,1700,209.45,11.59,N/D,64,adsb.lol,2026-10-07
2026-10-07 09:42:43,RYR52XB,4ca8db,RWY 28,Atterraggio,Est -> Ovest,1000,284.91,3.79,N/D,-832,adsb.lol,2026-10-07
2026-10-07 09:44:44,ICNTF,3007af,N/D,Avvicinamento,Rotta 27.1°,900,27.15,9.91,N/D,-384,adsb.lol,2026-10-07
2026-10-07 09:46:45,RYR2JT,4cae48,N/D,Decollo,Rotta 191.1°,4225,191.08,8.68,N/D,768,adsb.lol,2026-10-07
2026-10-07 09:46:45,ASL16G,451d85,N/D,Sorvolo,N/D,22825,94.98,4.43,N/D,1600,adsb.lol,2026-10-07
2026-10-07 09:46:45,MASBA,424c9d,N/D,Sorvolo,N/D,10150,193.64,10.94,N/D,-1504,adsb.lol,2026-10-07
2026-10-07 09:48:46,P4OWL,48434d,N/D,Decollo,Rotta 224.4°,4125,224.37,5.79,N/D,3520,adsb.lol,2026-10-07
2026-10-07 09:48:46,RYR2JT,4cae48,N/D,Sorvolo,N/D,7800,82.11,9.05,N/D,1152,adsb.lol,2026-10-07
2026-10-07 09:48:46,AEZ2911,4d207a,N/D,Sorvolo,N/D,11200,88.66,7.46,N/D,1216,adsb.lol,2026-10-07
2026-10-07 09:50:47,AEZ2911,4d207a,N/D,Sorvolo,N/D,13425,88.47,8.53,N/D,896,adsb.lol,2026-10-07
2026-10-07 09:50:47,RAM241S,020104,N/D,Sorvolo,N/D,37000,224.3,6.89,N/D,0,adsb.lol,2026-10-07
2026-10-07 09:52:48,MASBA,424c9d,RWY 28,Avvicinamento,Est -> Ovest,2075,285.26,9.92,N/D,-1056,adsb.lol,2026-10-07
2026-10-07 09:52:48,WZZ8HL,4d24d4,N/D,Sorvolo,N/D,33100,116.72,9.53,N/D,1088,adsb.lol,2026-10-07
2026-10-07 09:54:50,MASBA,424c9d,RWY 28,Atterraggio,Est -> Ovest,1025,284.64,3.88,N/D,-704,adsb.lol,2026-10-07
2026-10-07 09:56:52,MASBA,424c9d,RWY 28,Atterraggio,Est -> Ovest,675,284.88,1.88,United Kingdom,-704,opensky,2026-10-07
2026-10-07 09:58:54,UNKNOWN,30086e,N/D,Decollo,Rotta 144.0°,1400,143.97,2.73,N/D,0,adsb.lol,2026-10-07
2026-10-07 09:58:54,NGN7150,3c5099,N/D,Sorvolo,N/D,37000,240.36,11.93,N/D,-64,adsb.lol,2026-10-07
2026-10-07 10:00:55,NGN7150,3c5099,N/D,Sorvolo,N/D,36975,240.42,14.54,N/D,0,adsb.lol,2026-10-07
2026-10-07 10:00:55,AFR69MP,39bdb7,N/D,Sorvolo,N/D,32000,274.13,3.7,N/D,-32,adsb.lol,2026-10-07
2026-10-07 10:00:55,IAMAA,30086e,N/D,Avvicinamento,Rotta 184.3°,1900,184.26,6.82,N/D,0,adsb.lol,2026-10-07
2026-10-07 10:02:57,IAMAA,30086e,N/D,Sorvolo,N/D,1900,192.18,12.06,N/D,0,adsb.lol,2026-10-07
2026-10-07 10:06:01,RYR7EK,4caa58,N/D,Decollo,Rotta 229.8°,2275,229.82,3.52,N/D,2880,adsb.lol,2026-10-07
2026-10-07 10:08:03,RYR4LN,4d2248,N/D,Sorvolo,N/D,2125,284.97,10.42,N/D,-1024,adsb.lol,2026-10-07
2026-10-07 10:10:04,DLH2YN,3c658b,N/D,Sorvolo,N/D,16575,54.58,14.92,N/D,2304,adsb.lol,2026-10-07
2026-10-07 10:12:05,RYR85ZR,4ca4f5,RWY 28,Decollo,Est -> Ovest,1375,269.68,2.04,N/D,2240,adsb.lol,2026-10-07
2026-10-07 10:12:05,ICNTX,3009fc,N/D,Sorvolo,N/D,1975,63.43,11.31,N/D,0,adsb.lol,2026-10-07
2026-10-07 10:14:07,OEFNB,44048c,N/D,Sorvolo,N/D,16925,211.52,9.35,N/D,-992,adsb.lol,2026-10-07
2026-10-07 10:14:07,ICNTX,3009fc,N/D,Sorvolo,N/D,1750,219.04,11.08,N/D,-640,adsb.lol,2026-10-07
2026-10-07 10:14:07,RYR85ZR,4ca4f5,N/D,Sorvolo,N/D,6175,128.74,12.09,N/D,2880,adsb.lol,2026-10-07
2026-10-07 10:14:07,RYR26TC,4cae6d,RWY 28,Avvicinamento,Est -> Ovest,1300,283.77,5.58,N/D,-832,adsb.lol,2026-10-07
2026-10-07 10:16:08,RYR9JX,4ca4f2,N/D,Sorvolo,N/D,2775,285.15,14.02,N/D,-1024,adsb.lol,2026-10-07
2026-10-07 10:16:08,RYR85ZR,4ca4f5,N/D,Sorvolo,N/D,11175,81.84,12.59,N/D,1280,adsb.lol,2026-10-07
2026-10-07 10:16:08,ICNTX,3009fc,N/D,Avvicinamento,Rotta 19.0°,1075,19.0,9.91,N/D,-768,adsb.lol,2026-10-07
2026-10-07 10:16:08,OEFNB,44048c,N/D,Sorvolo,N/D,14250,215.28,11.53,N/D,-1440,adsb.lol,2026-10-07
2026-10-07 10:18:10,RYR9JX,4ca4f2,RWY 28,Avvicinamento,Est -> Ovest,1275,285.12,5.41,N/D,-960,adsb.lol,2026-10-07
2026-10-07 10:20:11,ITY451,300a87,N/D,Sorvolo,N/D,19625,215.58,6.5,N/D,-1632,adsb.lol,2026-10-07
2026-10-07 10:22:14,RYR9JX,4ca4f2,RWY 28,Atterraggio,Est -> Ovest,675,285.01,1.93,Ireland,-576,opensky,2026-10-07
2026-10-07 10:26:19,RYR46PU,4d251a,N/D,Sorvolo,N/D,14175,260.63,10.82,N/D,-1664,adsb.lol,2026-10-07
2026-10-07 10:28:20,N700QT,a955fe,N/D,Sorvolo,N/D,28000,323.08,10.06,N/D,-64,adsb.lol,2026-10-07
2026-10-07 10:28:20,ICNTF,3007af,N/D,Sorvolo,N/D,1600,227.62,11.72,N/D,128,adsb.lol,2026-10-07
2026-10-07 10:30:21,FIAMM26,33fc86,N/D,Sorvolo,N/D,975,2.23,14.65,N/D,-64,adsb.lol,2026-10-07
2026-10-07 10:30:21,RYR5HT,4d234e,N/D,Sorvolo,N/D,11475,121.2,8.9,N/D,-832,adsb.lol,2026-10-07
2026-10-07 10:30:21,IAMAA,30086e,N/D,Sorvolo,N/D,1700,20.14,12.4,N/D,0,adsb.lol,2026-10-07
2026-10-07 10:30:21,RYR207V,4d23fb,N/D,Sorvolo,N/D,5075,224.81,9.67,N/D,2304,adsb.lol,2026-10-07
2026-10-07 10:32:23,RYR5HT,4d234e,N/D,Sorvolo,N/D,9100,149.21,10.8,N/D,-1920,adsb.lol,2026-10-07
2026-10-07 10:32:23,FIAMM26,33fc86,N/D,Sorvolo,N/D,975,358.6,11.07,N/D,-64,adsb.lol,2026-10-07
2026-10-07 10:32:23,IAMAA,30086e,N/D,Avvicinamento,Rotta 358.1°,1600,358.09,7.08,N/D,0,adsb.lol,2026-10-07
2026-10-07 10:34:24,IAMAA,30086e,N/D,Atterraggio,Rotta 304.3°,1400,304.32,3.34,N/D,0,adsb.lol,2026-10-07
2026-10-07 10:34:24,RYR4J,4caee6,RWY 28,Decollo,Est -> Ovest,4325,257.67,9.23,N/D,1152,adsb.lol,2026-10-07
2026-10-07 10:34:24,AUA52HS,44001b,N/D,Sorvolo,N/D,14825,83.98,9.21,N/D,3008,adsb.lol,2026-10-07
2026-10-07 10:34:24,FIAMM26,33fc86,N/D,Avvicinamento,Rotta 352.4°,950,352.36,5.34,N/D,64,adsb.lol,2026-10-07
2026-10-07 10:36:26,RYR2GQ,4d234c,N/D,Decollo,Rotta 225.6°,4150,225.61,9.02,N/D,768,adsb.lol,2026-10-07
2026-10-07 10:36:26,SFS90,4b32a1,N/D,Sorvolo,N/D,16000,146.6,14.03,N/D,0,adsb.lol,2026-10-07
2026-10-07 10:36:26,FIAMM26,33fc86,N/D,Decollo,Rotta 0.8°,1175,0.77,3.4,N/D,0,adsb.lol,2026-10-07
2026-10-07 10:38:27,RYR5HT,4d234e,N/D,Sorvolo,N/D,2425,284.57,12.08,N/D,-1024,adsb.lol,2026-10-07
2026-10-07 10:38:27,SFS90,4b32a1,N/D,Sorvolo,N/D,16000,146.78,13.26,N/D,0,adsb.lol,2026-10-07
2026-10-07 10:38:27,RYR86CZ,4ca8db,N/D,Sorvolo,N/D,5200,225.37,11.12,N/D,2880,adsb.lol,2026-10-07
2026-10-07 10:40:28,RYR2GQ,4d234c,N/D,Sorvolo,N/D,13000,71.97,14.34,N/D,2368,adsb.lol,2026-10-07
2026-10-07 10:40:28,RYR5HT,4d234e,RWY 28,Avvicinamento,Est -> Ovest,1225,284.91,5.31,N/D,-832,adsb.lol,2026-10-07
2026-10-07 10:42:29,RYR86CZ,4ca8db,N/D,Sorvolo,N/D,16400,82.78,9.54,N/D,3328,adsb.lol,2026-10-07
2026-10-07 10:42:29,RYR1YJ,4d21ec,RWY 28,Avvicinamento,Est -> Ovest,1300,284.67,5.52,N/D,-832,adsb.lol,2026-10-07
2026-10-07 10:44:30,CHH7974,78105b,N/D,Sorvolo,N/D,18875,89.0,14.48,N/D,1856,adsb.lol,2026-10-07
2026-10-07 10:44:30,RYR90EJ,4d225b,N/D,Sorvolo,N/D,2675,285.0,13.55,N/D,-1024,adsb.lol,2026-10-07
2026-10-07 10:46:31,ICNTF,3007af,N/D,Sorvolo,N/D,1900,101.18,13.47,N/D,64,adsb.lol,2026-10-07
2026-10-07 10:46:31,RYR90EJ,4d225b,RWY 28,Atterraggio,Est -> Ovest,1125,285.05,4.57,N/D,-768,adsb.lol,2026-10-07
2026-10-07 10:48:32,N858ND,abc640,N/D,Sorvolo,N/D,16000,307.0,10.53,N/D,0,adsb.lol,2026-10-07
2026-10-07 10:48:32,ICNTF,3007af,N/D,Sorvolo,N/D,1900,353.8,10.01,N/D,128,adsb.lol,2026-10-07
2026-10-07 10:50:33,ICNTM,3009fd,N/D,Sorvolo,N/D,1875,333.24,10.89,N/D,0,adsb.lol,2026-10-07
2026-10-07 10:50:33,ICNTF,3007af,N/D,Sorvolo,N/D,1600,205.11,11.47,N/D,0,adsb.lol,2026-10-07
2026-10-07 10:50:33,N858ND,abc640,N/D,Sorvolo,N/D,16000,306.0,7.42,N/D,0,adsb.lol,2026-10-07
2026-10-07 10:52:34,ICNTF,3007af,N/D,Avvicinamento,Rotta 25.6°,1000,25.64,9.89,N/D,-384,adsb.lol,2026-10-07
2026-10-07 10:52:34,P4RLA,484344,N/D,Sorvolo,N/D,34975,238.84,11.63,N/D,-32,adsb.lol,2026-10-07
2026-10-07 10:52:34,ICNTM,3009fd,RWY 28,Atterraggio,Est -> Ovest,1875,294.23,4.66,N/D,64,adsb.lol,2026-10-07
2026-10-07 10:52:34,EWG7DL,3c54a1,N/D,Sorvolo,N/D,36000,36.29,13.73,N/D,-64,adsb.lol,2026-10-07
2026-10-07 10:54:35,ICNTM,3009fd,N/D,Avvicinamento,Rotta 304.0°,1825,304.04,5.81,N/D,-192,adsb.lol,2026-10-07
2026-10-07 10:56:36,AFR24AP,398562,N/D,Sorvolo,N/D,37000,99.02,4.77,N/D,64,adsb.lol,2026-10-07
2026-10-07 10:56:36,ICNTM,3009fd,N/D,Sorvolo,N/D,1575,212.86,11.17,N/D,-448,adsb.lol,2026-10-07
2026-10-07 10:58:37,ICNTX,3009fc,N/D,Sorvolo,N/D,1925,237.35,12.5,N/D,0,adsb.lol,2026-10-07
2026-10-07 10:58:37,RYR8493,4ca9ec,N/D,Sorvolo,N/D,22000,80.96,8.54,N/D,2048,adsb.lol,2026-10-07
2026-10-07 10:58:37,RYR6QX,4d2248,N/D,Decollo,Rotta 222.4°,4200,222.43,7.59,N/D,1728,adsb.lol,2026-10-07
2026-10-07 10:58:37,ICNTM,3009fd,N/D,Avvicinamento,Rotta 35.9°,1025,35.91,9.97,N/D,-960,adsb.lol,2026-10-07
2026-10-07 10:58:37,WZZ8027,4d200d,N/D,Sorvolo,N/D,37000,237.93,10.2,N/D,-64,adsb.lol,2026-10-07
2026-10-07 11:00:40,ICNTM,3009fd,N/D,Avvicinamento,Rotta 23.6°,825,23.63,9.88,Italy,-448,opensky,2026-10-07
2026-10-07 11:02:41,AHY035,4246ba,N/D,Sorvolo,N/D,18825,257.41,5.78,N/D,-1664,adsb.lol,2026-10-07
2026-10-07 11:04:43,LOT1KJ,48ada9,N/D,Sorvolo,N/D,20600,83.23,11.28,N/D,1408,adsb.lol,2026-10-07
2026-10-07 11:08:47,RBG542,0101fa,RWY 28,Avvicinamento,Est -> Ovest,1950,284.96,9.32,N/D,-704,adsb.lol,2026-10-07
2026-10-07 11:10:48,RYR3GK,4d2217,N/D,Decollo,Rotta 223.0°,4050,223.01,7.45,N/D,1664,adsb.lol,2026-10-07
2026-10-07 11:10:48,RYR8LX,4ca225,N/D,Sorvolo,N/D,2850,284.71,14.49,N/D,-896,adsb.lol,2026-10-07
2026-10-07 11:10:48,RBG542,0101fa,RWY 28,Atterraggio,Est -> Ovest,1025,284.78,4.08,N/D,-832,adsb.lol,2026-10-07
2026-10-07 11:12:49,UNKNOWN,4cae6d,RWY 28,Decollo,Est -> Ovest,1625,272.59,2.52,N/D,2368,adsb.lol,2026-10-07
2026-10-07 11:12:49,RYR8LX,4ca225,RWY 28,Avvicinamento,Est -> Ovest,1300,286.94,5.4,N/D,-576,adsb.lol,2026-10-07
2026-10-07 11:14:50,RYR431F,4cae6d,N/D,Sorvolo,N/D,5400,225.34,14.15,N/D,1216,adsb.lol,2026-10-07
2026-10-07 11:14:50,SWR7BL,4b1809,N/D,Sorvolo,N/D,40000,277.32,9.84,N/D,0,adsb.lol,2026-10-07
2026-10-07 11:16:53,RYR39HB,4d222b,N/D,Sorvolo,N/D,12800,185.42,8.6,N/D,-1856,adsb.lol,2026-10-07
2026-10-07 11:16:53,THY3ES,4bb0eb,N/D,Sorvolo,N/D,18750,94.24,7.21,N/D,2048,adsb.lol,2026-10-07
2026-10-07 11:18:54,RYR39HB,4d222b,N/D,Sorvolo,N/D,10225,178.22,13.73,N/D,-1280,adsb.lol,2026-10-07
2026-10-07 11:18:54,NJE6DU,4932a4,N/D,Sorvolo,N/D,18475,64.3,12.14,N/D,2432,adsb.lol,2026-10-07
2026-10-07 11:20:57,RYR1CA,4ca762,N/D,Sorvolo,N/D,33500,149.68,13.31,Ireland,-1600,opensky,2026-10-07
2026-10-07 11:22:58,RYR7FX,4d21ed,N/D,Sorvolo,N/D,2825,284.91,14.45,N/D,-1024,adsb.lol,2026-10-07
2026-10-07 11:22:58,BAW600,405a48,N/D,Sorvolo,N/D,28500,98.01,13.3,N/D,-1024,adsb.lol,2026-10-07
2026-10-07 11:25:00,RYR7FX,4d21ed,RWY 28,Avvicinamento,Est -> Ovest,1275,284.69,5.39,N/D,-768,adsb.lol,2026-10-07
2026-10-07 11:26:03,RYR7FX,4d21ed,RWY 28,Atterraggio,Est -> Ovest,650,284.78,1.88,Malta,-639,opensky,2026-10-07
2026-10-07 11:28:04,RYR39HB,4d222b,RWY 28,Avvicinamento,Est -> Ovest,1500,284.87,6.75,N/D,-832,adsb.lol,2026-10-07
2026-10-07 11:30:05,FIN07RT,342189,N/D,Sorvolo,N/D,34050,41.15,10.05,N/D,-64,adsb.lol,2026-10-07
2026-10-07 11:30:05,LOT437,48e979,N/D,Sorvolo,N/D,39000,223.6,6.82,N/D,0,adsb.lol,2026-10-07
2026-10-07 11:32:06,TKJ3LB,4bb885,RWY 28,Avvicinamento,Est -> Ovest,1600,284.62,7.21,N/D,-768,adsb.lol,2026-10-07
2026-10-07 11:34:07,RYR52BG,4ca75f,N/D,Sorvolo,N/D,10825,117.0,5.03,N/D,-1280,adsb.lol,2026-10-07
2026-10-07 11:36:08,RYR52BG,4ca75f,N/D,Sorvolo,N/D,7750,155.97,12.45,N/D,-2752,adsb.lol,2026-10-07
2026-10-07 11:38:09,PTN97S,440d42,N/D,Sorvolo,N/D,16075,85.19,10.98,N/D,2240,adsb.lol,2026-10-07
2026-10-07 11:38:09,ICNTF,3007af,N/D,Sorvolo,N/D,1800,245.27,13.57,N/D,-64,adsb.lol,2026-10-07
2026-10-07 11:38:09,LGL962,4d00f5,N/D,Sorvolo,N/D,36000,335.85,11.92,N/D,0,adsb.lol,2026-10-07
2026-10-07 11:38:09,RYR7CB,4ca643,N/D,Sorvolo,N/D,2800,284.89,14.19,N/D,-1024,adsb.lol,2026-10-07
2026-10-07 11:38:09,RYR46XX,4d234e,N/D,Sorvolo,N/D,5875,225.0,13.79,N/D,2240,adsb.lol,2026-10-07
2026-10-07 11:40:11,RYR9MW,4d225b,N/D,Decollo,Rotta 224.8°,3450,224.78,5.68,N/D,2560,adsb.lol,2026-10-07
2026-10-07 11:40:11,RYR7CB,4ca643,RWY 28,Avvicinamento,Est -> Ovest,1350,284.86,5.87,N/D,-704,adsb.lol,2026-10-07
2026-10-07 11:40:11,RYR46XX,4d234e,N/D,Sorvolo,N/D,9050,5.87,11.23,N/D,1728,adsb.lol,2026-10-07
2026-10-07 11:42:13,RYR52BG,4ca75f,N/D,Sorvolo,N/D,2825,285.43,14.51,N/D,0,adsb.lol,2026-10-07
2026-10-07 11:42:13,DAL193,ab4840,N/D,Sorvolo,N/D,27975,271.76,10.72,N/D,64,adsb.lol,2026-10-07
2026-10-07 11:42:13,RYR46XX,4d234e,N/D,Sorvolo,N/D,12700,33.6,9.3,N/D,1920,adsb.lol,2026-10-07
2026-10-07 11:44:14,RYR52BG,4ca75f,RWY 28,Avvicinamento,Est -> Ovest,1225,284.31,5.34,N/D,-896,adsb.lol,2026-10-07
2026-10-07 11:46:15,WZZ573,471d5f,N/D,Sorvolo,N/D,37000,241.0,4.75,N/D,32,adsb.lol,2026-10-07
2026-10-07 11:48:18,RYR52BG,4ca75f,RWY 28,Atterraggio,Est -> Ovest,675,285.12,1.91,Ireland,-639,opensky,2026-10-07
2026-10-07 11:50:19,EVA096,89907c,N/D,Sorvolo,N/D,20125,89.86,3.02,N/D,1856,adsb.lol,2026-10-07
2026-10-07 11:52:20,SAS23A,4cad93,N/D,Sorvolo,N/D,28475,89.21,14.36,N/D,1024,adsb.lol,2026-10-07
2026-10-07 11:54:21,RYR340A,4ca4f2,N/D,Sorvolo,N/D,5000,155.64,9.96,N/D,2880,adsb.lol,2026-10-07
2026-10-07 11:56:22,ICNTF,3007af,N/D,Sorvolo,N/D,1900,107.15,10.1,N/D,0,adsb.lol,2026-10-07
2026-10-07 11:56:22,DLH99H,3c66b0,N/D,Sorvolo,N/D,35000,235.92,14.78,N/D,32,adsb.lol,2026-10-07
2026-10-07 11:58:23,ICNTF,3007af,N/D,Sorvolo,N/D,1600,200.82,11.32,N/D,-64,adsb.lol,2026-10-07
2026-10-07 12:00:24,DLH09Y,3c66a5,N/D,Sorvolo,N/D,35000,223.7,4.32,N/D,-64,adsb.lol,2026-10-07
2026-10-07 12:00:24,ICNTF,3007af,N/D,Sorvolo,N/D,1200,107.85,10.42,N/D,-448,adsb.lol,2026-10-07
2026-10-07 12:00:24,RYR17TD,4ca225,N/D,Sorvolo,N/D,5000,224.37,9.09,N/D,2048,adsb.lol,2026-10-07
2026-10-07 12:02:27,ICNTF,3007af,N/D,Avvicinamento,Rotta 24.2°,900,24.18,9.9,Italy,-255,opensky,2026-10-07
2026-10-07 12:04:28,EJU36NP,4401d1,N/D,Sorvolo,N/D,20900,87.98,14.89,N/D,2368,adsb.lol,2026-10-07
2026-10-07 12:04:28,THA940,8852e2,N/D,Sorvolo,N/D,23100,276.91,9.4,N/D,-1312,adsb.lol,2026-10-07
2026-10-07 12:06:29,VLG3RF,345314,N/D,Sorvolo,N/D,34975,223.47,5.22,N/D,0,adsb.lol,2026-10-07
2026-10-07 12:06:29,DLH3PF,3c6485,N/D,Sorvolo,N/D,36025,346.03,14.8,N/D,0,adsb.lol,2026-10-07
2026-10-07 12:10:33,RYR3RF,4cac56,N/D,Sorvolo,N/D,37000,236.35,13.23,N/D,0,adsb.lol,2026-10-07
2026-10-07 12:10:33,RYR3KJ,4caf34,N/D,Sorvolo,N/D,2775,284.74,14.02,N/D,-1088,adsb.lol,2026-10-07
2026-10-07 12:12:35,RYR3KJ,4caf34,RWY 28,Avvicinamento,Est -> Ovest,1250,285.12,5.25,N/D,-768,adsb.lol,2026-10-07
2026-10-07 12:14:36,RYR45TF,4ca9c2,N/D,Sorvolo,N/D,36000,41.56,13.01,N/D,32,adsb.lol,2026-10-07
2026-10-07 12:14:36,RYR62FP,4d244a,RWY 28,Avvicinamento,Est -> Ovest,1750,284.29,8.19,N/D,-896,adsb.lol,2026-10-07
2026-10-07 12:16:37,RYR6SM,4d21ed,N/D,Decollo,Rotta 223.7°,4250,223.72,8.2,N/D,1024,adsb.lol,2026-10-07
2026-10-07 12:16:37,RYR7WW,4ca704,N/D,Sorvolo,N/D,2350,284.77,11.65,N/D,-1152,adsb.lol,2026-10-07
2026-10-07 12:18:38,VJT474,4d20e7,N/D,Sorvolo,N/D,26475,102.57,11.34,N/D,1760,adsb.lol,2026-10-07
2026-10-07 12:18:38,FDB64C,896555,N/D,Sorvolo,N/D,2775,284.87,14.08,N/D,-1024,adsb.lol,2026-10-07
2026-10-07 12:18:38,RYR7WW,4ca704,RWY 28,Avvicinamento,Est -> Ovest,1275,284.86,5.43,N/D,-768,adsb.lol,2026-10-07
2026-10-07 12:20:40,FDB64C,896555,RWY 28,Avvicinamento,Est -> Ovest,1275,285.05,5.34,N/D,-768,adsb.lol,2026-10-07
2026-10-07 12:22:41,ICNTK,3009fb,N/D,Sorvolo,N/D,1875,71.41,12.89,N/D,-256,adsb.lol,2026-10-07
2026-10-07 12:22:41,ABY793,89671d,N/D,Sorvolo,N/D,2300,284.91,11.19,N/D,-512,adsb.lol,2026-10-07
2026-10-07 12:24:42,RYR7KQ,4d21ec,N/D,Decollo,Rotta 223.1°,4125,223.13,7.66,N/D,1280,adsb.lol,2026-10-07
2026-10-07 12:24:42,BAW5GU,408134,N/D,Sorvolo,N/D,36925,314.23,4.39,N/D,896,adsb.lol,2026-10-07
2026-10-07 12:24:42,ABY793,89671d,RWY 28,Avvicinamento,Est -> Ovest,1275,285.07,5.41,N/D,-704,adsb.lol,2026-10-07
2026-10-07 12:24:42,ICNTK,3009fb,N/D,Sorvolo,N/D,1825,315.0,10.41,N/D,-960,adsb.lol,2026-10-07
2026-10-07 12:24:42,SIO625,3008ac,N/D,Sorvolo,N/D,15225,96.56,5.7,N/D,2560,adsb.lol,2026-10-07
2026-10-07 12:24:42,ICNTX,3009fc,N/D,Sorvolo,N/D,1875,70.91,12.6,N/D,-64,adsb.lol,2026-10-07
2026-10-07 12:26:44,ICNTK,3009fb,N/D,Avvicinamento,Rotta 24.0°,1100,23.96,9.89,N/D,-640,adsb.lol,2026-10-07
2026-10-07 12:26:44,ICNTX,3009fc,N/D,Sorvolo,N/D,1775,355.28,10.06,N/D,0,adsb.lol,2026-10-07
2026-10-07 12:26:44,RYR88YJ,4ca8d6,RWY 28,Avvicinamento,Est -> Ovest,1700,285.35,7.8,N/D,-896,adsb.lol,2026-10-07
2026-10-07 12:28:45,ICNTX,3009fc,N/D,Sorvolo,N/D,1050,83.95,10.19,N/D,-768,adsb.lol,2026-10-07
2026-10-07 12:28:45,RYR98RD,4d222b,N/D,Sorvolo,N/D,4875,226.27,10.31,N/D,3008,adsb.lol,2026-10-07
2026-10-07 12:30:46,SAS63Z,4ac9e6,N/D,Sorvolo,N/D,13925,213.52,4.44,N/D,-1216,adsb.lol,2026-10-07
2026-10-07 12:30:46,RBG543,0101fa,RWY 28,Decollo,Est -> Ovest,1875,258.36,2.52,N/D,2560,adsb.lol,2026-10-07
2026-10-07 12:30:46,ICNTX,3009fc,N/D,Sorvolo,N/D,1600,209.0,11.74,N/D,64,adsb.lol,2026-10-07
2026-10-07 12:32:47,ICNTX,3009fc,N/D,Avvicinamento,Rotta 27.3°,1000,27.32,9.9,N/D,-832,adsb.lol,2026-10-07
2026-10-07 12:32:47,RBG543,0101fa,N/D,Sorvolo,N/D,5150,225.0,13.84,N/D,2240,adsb.lol,2026-10-07
2026-10-07 12:34:48,RBG543,0101fa,N/D,Sorvolo,N/D,8525,74.68,11.95,N/D,2176,adsb.lol,2026-10-07
2026-10-07 12:36:51,ICNTX,3009fc,N/D,Avvicinamento,Rotta 22.1°,900,22.14,9.88,Italy,-576,opensky,2026-10-07
2026-10-07 12:38:53,RYR2CL,4ca75f,N/D,Decollo,Rotta 246.7°,3800,246.72,6.25,N/D,2816,adsb.lol,2026-10-07
2026-10-07 12:42:58,AAL715,ac0906,N/D,Sorvolo,N/D,36000,275.04,7.12,N/D,-64,adsb.lol,2026-10-07
2026-10-07 12:44:59,NOZ1842,47a3b0,N/D,Sorvolo,N/D,10700,149.72,4.33,N/D,-2176,adsb.lol,2026-10-07
2026-10-07 12:44:59,RYR5GG,4ca4ee,RWY 28,Atterraggio,Est -> Ovest,1225,284.84,4.89,N/D,-768,adsb.lol,2026-10-07
2026-10-07 12:44:59,EZY52ZY,407795,N/D,Sorvolo,N/D,38000,325.48,12.5,N/D,-64,adsb.lol,2026-10-07
2026-10-07 12:47:00,NOZ8EH,47a218,N/D,Sorvolo,N/D,11300,130.69,4.46,N/D,-960,adsb.lol,2026-10-07
2026-10-07 12:47:00,EZY35YP,405f11,N/D,Sorvolo,N/D,36025,323.83,13.58,N/D,-32,adsb.lol,2026-10-07
2026-10-07 12:48:01,NOZ8EH,47a218,N/D,Sorvolo,N/D,10100,156.71,4.07,N/D,-1408,adsb.lol,2026-10-07
2026-10-07 12:48:01,EZY35YP,405f11,N/D,Sorvolo,N/D,36000,323.64,9.7,N/D,-64,adsb.lol,2026-10-07
2026-10-07 12:50:02,BAW541A,4075fd,N/D,Sorvolo,N/D,32000,321.91,13.04,N/D,0,adsb.lol,2026-10-07
2026-10-07 12:52:03,NOZ1842,47a3b0,RWY 28,Avvicinamento,Est -> Ovest,1275,284.98,5.32,N/D,-768,adsb.lol,2026-10-07
2026-10-07 12:52:03,TKJ20Q,4bb885,N/D,Decollo,Rotta 224.5°,3675,224.53,6.72,N/D,1152,adsb.lol,2026-10-07
2026-10-07 12:54:05,RYR44VD,48c2a4,N/D,Sorvolo,N/D,38000,69.02,13.51,N/D,0,adsb.lol,2026-10-07
2026-10-07 12:54:05,ACA817,c04fe4,N/D,Sorvolo,N/D,32175,275.54,13.17,N/D,576,adsb.lol,2026-10-07
2026-10-07 12:56:07,MAC457,02019d,RWY 28,Avvicinamento,Est -> Ovest,1775,284.23,8.29,N/D,-768,adsb.lol,2026-10-07
2026-10-07 12:56:07,TKJ20Q,4bb885,N/D,Sorvolo,N/D,11000,78.89,13.96,N/D,960,adsb.lol,2026-10-07
2026-10-07 12:56:07,THY9CH,4bb263,N/D,Sorvolo,N/D,32000,275.46,4.7,N/D,0,adsb.lol,2026-10-07
2026-10-07 12:56:07,RYR74KW,4ca643,N/D,Decollo,Rotta 224.6°,3450,224.56,6.23,N/D,2368,adsb.lol,2026-10-07
2026-10-07 12:56:07,RYR3WU,4d224f,N/D,Sorvolo,N/D,37000,237.75,12.3,N/D,0,adsb.lol,2026-10-07
2026-10-07 12:56:07,ACA817,c04fe4,N/D,Sorvolo,N/D,33675,275.19,14.44,N/D,960,adsb.lol,2026-10-07
2026-10-07 12:58:10,KAC161,706071,N/D,Sorvolo,N/D,34000,280.66,12.83,N/D,-32,adsb.lol,2026-10-07
2026-10-07 12:58:10,EZY72FK,4080f7,N/D,Sorvolo,N/D,38000,310.15,8.74,N/D,64,adsb.lol,2026-10-07
2026-10-07 12:58:10,NOZ8EH,47a218,N/D,Sorvolo,N/D,2325,284.78,11.44,N/D,-960,adsb.lol,2026-10-07
2026-10-07 13:00:11,RYR9195,48c233,N/D,Sorvolo,N/D,8575,192.87,11.78,N/D,-2048,adsb.lol,2026-10-07
2026-10-07 13:00:11,NOZ8EH,47a218,RWY 28,Avvicinamento,Est -> Ovest,1275,284.56,5.29,N/D,-832,adsb.lol,2026-10-07
2026-10-07 13:00:11,RYR3XZ,4cae62,N/D,Sorvolo,N/D,32000,273.43,8.85,N/D,704,adsb.lol,2026-10-07
2026-10-07 13:02:14,MAC457,02019d,RWY 28,Atterraggio,Est -> Ovest,675,284.62,1.86,Morocco,-767,opensky,2026-10-07
2026-10-07 13:02:14,NOZ8EH,47a218,RWY 28,Atterraggio,Est -> Ovest,675,284.74,2.0,Norway,-832,opensky,2026-10-07
2026-10-07 13:04:15,AUA432,4408de,N/D,Sorvolo,N/D,36000,59.68,11.64,N/D,-32,adsb.lol,2026-10-07
2026-10-07 13:06:16,RYR9195,48c233,RWY 28,Avvicinamento,Est -> Ovest,1800,285.14,8.47,N/D,-1024,adsb.lol,2026-10-07
2026-10-07 13:06:16,RYR8RN,4cae58,N/D,Sorvolo,N/D,11250,133.71,6.62,N/D,-512,adsb.lol,2026-10-07
2026-10-07 13:08:17,DLH1LU,300564,N/D,Sorvolo,N/D,19950,211.65,11.75,N/D,-1600,adsb.lol,2026-10-07
2026-10-07 13:10:18,DLH1LU,300564,N/D,Sorvolo,N/D,16625,214.78,12.06,N/D,-2624,adsb.lol,2026-10-07
2026-10-07 13:10:18,RYR7GZ,4ca8db,N/D,Sorvolo,N/D,2900,285.17,14.78,N/D,-960,adsb.lol,2026-10-07
2026-10-07 13:10:18,UNKNOWN,4caf34,RWY 28,Decollo,Est -> Ovest,1450,280.85,1.96,N/D,1984,adsb.lol,2026-10-07
2026-10-07 13:12:19,RYR6AQ,4caf34,N/D,Sorvolo,N/D,5300,172.84,11.83,N/D,3008,adsb.lol,2026-10-07
2026-10-07 13:12:19,CVK7124,50808f,N/D,Sorvolo,N/D,23025,70.63,3.5,N/D,0,adsb.lol,2026-10-07
2026-10-07 13:12:19,RYR7GZ,4ca8db,RWY 28,Avvicinamento,Est -> Ovest,1275,284.96,5.37,N/D,-832,adsb.lol,2026-10-07
2026-10-07 13:14:20,AHY036,4246ba,N/D,Sorvolo,N/D,23650,99.2,3.75,N/D,1664,adsb.lol,2026-10-07
2026-10-07 13:14:20,RYR8RN,4cae58,N/D,Sorvolo,N/D,2450,284.97,12.15,N/D,-1152,adsb.lol,2026-10-07
2026-10-07 13:16:22,CCA968,781343,N/D,Sorvolo,N/D,18475,81.31,7.7,N/D,1792,adsb.lol,2026-10-07
2026-10-07 13:16:22,RYR8RN,4cae58,RWY 28,Avvicinamento,Est -> Ovest,1275,284.86,5.4,N/D,-896,adsb.lol,2026-10-07
2026-10-07 13:16:22,SWR9KL,4b028d,N/D,Sorvolo,N/D,29000,149.45,6.4,N/D,-512,adsb.lol,2026-10-07
2026-10-07 13:18:23,CPA234,780a5c,N/D,Sorvolo,N/D,20600,98.13,6.93,N/D,1664,adsb.lol,2026-10-07
2026-10-07 13:20:27,RYR394R,4d244a,N/D,Sorvolo,N/D,5300,225.53,12.4,N/D,2048,adsb.lol,2026-10-07
2026-10-07 13:20:27,RYR4YZ,4ca8d6,N/D,Decollo,Rotta 230.1°,2275,230.07,3.37,N/D,2944,adsb.lol,2026-10-07
2026-10-07 13:22:28,VIO1B,506cae,N/D,Sorvolo,N/D,35000,310.28,6.62,N/D,-704,adsb.lol,2026-10-07
2026-10-07 13:24:29,RYR84CE,4ca704,N/D,Decollo,Rotta 230.5°,2250,230.53,3.47,N/D,2880,adsb.lol,2026-10-07
2026-10-07 13:26:30,TYJ520,4d2174,N/D,Sorvolo,N/D,15850,77.47,8.08,N/D,1984,adsb.lol,2026-10-07
2026-10-07 13:28:31,RYR20NJ,4cadc4,RWY 28,Avvicinamento,Est -> Ovest,1275,285.35,5.35,N/D,-704,adsb.lol,2026-10-07
2026-10-07 13:28:31,RYR84CE,4ca704,N/D,Sorvolo,N/D,11475,72.67,12.73,N/D,1216,adsb.lol,2026-10-07
2026-10-07 13:28:31,TYJ520,4d2174,N/D,Sorvolo,N/D,19675,73.63,14.8,N/D,2112,adsb.lol,2026-10-07
2026-10-07 13:30:32,DWW691,3d4ea9,N/D,Sorvolo,N/D,14050,291.05,2.62,N/D,-1280,adsb.lol,2026-10-07
2026-10-07 13:32:33,WMT4646,4d24ae,N/D,Sorvolo,N/D,23000,277.72,14.45,N/D,-3072,adsb.lol,2026-10-07
2026-10-07 13:32:33,EZS79KV,4b1a2c,N/D,Sorvolo,N/D,34025,275.5,6.14,N/D,0,adsb.lol,2026-10-07
2026-10-07 13:32:33,DWW691,3d4ea9,N/D,Sorvolo,N/D,11650,278.24,12.13,N/D,-1216,adsb.lol,2026-10-07
2026-10-07 13:34:34,WMT4646,4d24ae,N/D,Sorvolo,N/D,17400,269.7,11.46,N/D,-1408,adsb.lol,2026-10-07
2026-10-07 13:38:40,ICNTF,3007af,N/D,Sorvolo,N/D,1400,273.92,11.69,Italy,511,opensky,2026-10-07
2026-10-07 13:40:41,RYR90WG,4cae68,N/D,Sorvolo,N/D,9925,144.39,1.46,N/D,-1984,adsb.lol,2026-10-07
2026-10-07 13:42:42,SWR11P,4b0292,N/D,Sorvolo,N/D,29000,157.23,11.13,N/D,-128,adsb.lol,2026-10-07
2026-10-07 13:44:44,RYR372Y,4d21f0,RWY 28,Avvicinamento,Est -> Ovest,1825,284.86,8.49,N/D,-768,adsb.lol,2026-10-07
2026-10-07 13:46:46,RYR6LW,4ca564,N/D,Sorvolo,N/D,23500,270.32,13.05,N/D,-2112,adsb.lol,2026-10-07
2026-10-07 13:46:46,THY2HG,4bb274,N/D,Sorvolo,N/D,18275,276.75,2.97,N/D,-1600,adsb.lol,2026-10-07
2026-10-07 13:46:46,ITE652,49d0a4,N/D,Sorvolo,N/D,19900,220.95,14.89,N/D,-1216,adsb.lol,2026-10-07
2026-10-07 13:48:47,RYR6LW,4ca564,N/D,Sorvolo,N/D,20450,270.0,8.28,N/D,-2432,adsb.lol,2026-10-07
2026-10-07 13:48:47,RYR90WG,4cae68,N/D,Sorvolo,N/D,2150,285.56,10.31,N/D,-896,adsb.lol,2026-10-07
2026-10-07 13:48:47,RYR74PT,4cae48,N/D,Sorvolo,N/D,10000,193.7,11.18,N/D,-1664,adsb.lol,2026-10-07
2026-10-07 13:48:47,ITE652,49d0a4,N/D,Sorvolo,N/D,17225,242.05,1.69,N/D,-1632,adsb.lol,2026-10-07
2026-10-07 13:50:48,AEZ354,4d20db,N/D,Sorvolo,N/D,5925,225.37,11.25,N/D,1664,adsb.lol,2026-10-07
2026-10-07 13:50:48,RYR8DJ,4cad28,N/D,Sorvolo,N/D,37000,227.52,10.71,N/D,-32,adsb.lol,2026-10-07
2026-10-07 13:52:50,DAL289,a16ff1,N/D,Sorvolo,N/D,32000,273.74,9.22,N/D,32,adsb.lol,2026-10-07
2026-10-07 13:52:50,RYR40NP,48c22d,N/D,Sorvolo,N/D,11525,189.1,13.04,N/D,-960,adsb.lol,2026-10-07
2026-10-07 13:54:51,RYR40NP,48c22d,N/D,Sorvolo,N/D,7750,190.15,13.41,N/D,-1408,adsb.lol,2026-10-07
2026-10-07 13:54:51,RYR74PT,4cae48,N/D,Sorvolo,N/D,2850,285.07,14.38,N/D,-1024,adsb.lol,2026-10-07
2026-10-07 13:54:51,ABY794,89671d,N/D,Decollo,Rotta 223.8°,3100,223.79,5.15,N/D,1984,adsb.lol,2026-10-07
2026-10-07 13:54:51,VPCDJ,40021b,N/D,Sorvolo,N/D,36000,305.74,7.81,N/D,64,adsb.lol,2026-10-07
2026-10-07 13:56:52,RYR74PT,4cae48,RWY 28,Avvicinamento,Est -> Ovest,1325,284.31,5.55,N/D,-832,adsb.lol,2026-10-07
2026-10-07 13:56:52,AUA52UE,44082b,N/D,Sorvolo,N/D,22725,214.88,5.99,N/D,-2048,adsb.lol,2026-10-07
2026-10-07 13:56:52,RYR6CM,4ca4ee,N/D,Decollo,Rotta 225.7°,3500,225.68,6.28,N/D,2368,adsb.lol,2026-10-07
2026-10-07 13:58:53,SAS58M,4ac9e6,N/D,Sorvolo,N/D,18125,80.73,10.25,N/D,2816,adsb.lol,2026-10-07
2026-10-07 13:58:53,ABY794,89671d,N/D,Sorvolo,N/D,10875,75.69,10.52,N/D,2368,adsb.lol,2026-10-07
2026-10-07 14:00:55,RYR40NP,48c22d,RWY 28,Avvicinamento,Est -> Ovest,1575,284.91,7.09,N/D,-768,adsb.lol,2026-10-07
2026-10-07 14:02:56,RYR18RQ,4d23fb,N/D,Sorvolo,N/D,10525,203.92,1.38,N/D,-1920,adsb.lol,2026-10-07
2026-10-07 14:04:57,ICNTF,3007af,N/D,Sorvolo,N/D,1800,102.32,11.51,N/D,-192,adsb.lol,2026-10-07
2026-10-07 14:04:57,RYR5WN,4cae4b,RWY 28,Avvicinamento,Est -> Ovest,1650,285.38,7.51,N/D,-896,adsb.lol,2026-10-07
2026-10-07 14:04:57,NOZ1843,47a3b0,N/D,Decollo,Rotta 224.1°,2825,224.09,4.98,N/D,2048,adsb.lol,2026-10-07
2026-10-07 14:04:57,EJU57RF,440cfe,N/D,Sorvolo,N/D,38050,42.12,8.68,N/D,64,adsb.lol,2026-10-07
2026-10-07 14:06:58,ICNTM,3009fd,RWY 10,Decollo,Ovest -> Est,1950,88.6,9.03,N/D,896,adsb.lol,2026-10-07
2026-10-07 14:06:58,RYR75ZH,4caa58,N/D,Sorvolo,N/D,2575,285.62,12.77,N/D,-960,adsb.lol,2026-10-07
2026-10-07 14:06:58,ICNTF,3007af,N/D,Sorvolo,N/D,1700,297.12,10.45,N/D,-64,adsb.lol,2026-10-07
2026-10-07 14:08:59,ICNTF,3007af,N/D,Sorvolo,N/D,1600,168.69,11.38,N/D,-256,adsb.lol,2026-10-07
2026-10-07 14:08:59,NOZ1843,47a3b0,N/D,Sorvolo,N/D,10975,0.0,7.46,N/D,2304,adsb.lol,2026-10-07
2026-10-07 14:08:59,RYR75ZH,4caa58,RWY 28,Avvicinamento,Est -> Ovest,1275,284.86,5.25,N/D,-960,adsb.lol,2026-10-07
2026-10-07 14:08:59,ICNTM,3009fd,RWY 10,Avvicinamento,Ovest -> Est,2950,98.71,7.22,N/D,64,adsb.lol,2026-10-07
2026-10-07 14:08:59,NOZ88MV,47a218,N/D,Decollo,Rotta 231.9°,2025,231.91,3.66,N/D,1408,adsb.lol,2026-10-07
2026-10-07 14:12:01,UNKNOWN,ae0502,N/D,Sorvolo,N/D,35000,257.87,9.17,N/D,32,adsb.lol,2026-10-07
2026-10-07 14:12:01,RYR18RQ,4d23fb,N/D,Sorvolo,N/D,2875,285.49,14.63,N/D,-1024,adsb.lol,2026-10-07
2026-10-07 14:12:01,RYR95WM,4caecb,RWY 28,Avvicinamento,Est -> Ovest,1275,284.69,5.21,N/D,-768,adsb.lol,2026-10-07
2026-10-07 14:12:01,RYR34DN,48c233,N/D,Decollo,Rotta 224.5°,2600,224.53,4.1,N/D,2496,adsb.lol,2026-10-07
2026-10-07 14:12:01,ICNTM,3009fd,N/D,Decollo,Rotta 45.8°,1750,45.78,3.62,N/D,256,adsb.lol,2026-10-07
2026-10-07 14:14:02,WMT8UN,471f6d,N/D,Sorvolo,N/D,15650,251.38,14.03,N/D,-1216,adsb.lol,2026-10-07
2026-10-07 14:14:02,RYR18RQ,4d23fb,RWY 28,Avvicinamento,Est -> Ovest,1325,285.08,5.49,N/D,-768,adsb.lol,2026-10-07
2026-10-07 14:14:02,ICNTM,3009fd,N/D,Decollo,Rotta 57.0°,1775,56.95,2.97,N/D,0,adsb.lol,2026-10-07
2026-10-07 14:14:02,NOZ88MV,47a218,N/D,Sorvolo,N/D,11650,355.79,7.01,N/D,2112,adsb.lol,2026-10-07
2026-10-07 14:16:03,DLH87A,3c65d4,N/D,Sorvolo,N/D,37050,227.33,14.05,N/D,0,adsb.lol,2026-10-07
2026-10-07 14:16:03,ICNTM,3009fd,N/D,Decollo,Rotta 151.1°,1875,151.14,3.99,N/D,64,adsb.lol,2026-10-07
2026-10-07 14:16:03,RYR34DN,48c233,N/D,Sorvolo,N/D,11125,74.4,11.38,N/D,2432,adsb.lol,2026-10-07
2026-10-07 14:16:03,ICNTF,3007af,N/D,Sorvolo,N/D,1600,306.08,10.03,N/D,-896,adsb.lol,2026-10-07
2026-10-07 14:18:05,ICNTF,3007af,N/D,Sorvolo,N/D,1000,171.0,10.67,N/D,0,adsb.lol,2026-10-07
2026-10-07 14:18:05,MASBA,424c9d,N/D,Decollo,Rotta 225.4°,4675,225.42,6.34,N/D,1568,adsb.lol,2026-10-07
2026-10-07 14:18:05,ICNTM,3009fd,N/D,Sorvolo,N/D,1925,114.23,10.87,N/D,64,adsb.lol,2026-10-07
2026-10-07 14:20:08,MASBA,424c9d,N/D,Sorvolo,N/D,10500,80.86,8.16,N/D,1888,adsb.lol,2026-10-07
2026-10-07 14:20:08,ICNTF,3007af,N/D,Sorvolo,N/D,1600,189.97,11.43,N/D,-128,adsb.lol,2026-10-07
2026-10-07 14:22:10,ICNTF,3007af,N/D,Avvicinamento,Rotta 24.6°,1000,24.62,9.89,N/D,-384,adsb.lol,2026-10-07
2026-10-07 14:24:11,RYR167M,4d22af,N/D,Sorvolo,N/D,9325,193.11,11.64,N/D,-1344,adsb.lol,2026-10-07
2026-10-07 14:24:11,WMT3182,471db8,N/D,Sorvolo,N/D,12850,188.98,11.29,N/D,-1664,adsb.lol,2026-10-07
2026-10-07 14:26:12,WMT3182,471db8,N/D,Sorvolo,N/D,10625,187.68,14.06,N/D,-1408,adsb.lol,2026-10-07
2026-10-07 14:26:12,N915JG,acaa0d,N/D,Sorvolo,N/D,33525,148.03,12.68,N/D,-1536,adsb.lol,2026-10-07
2026-10-07 14:30:16,FDB1574,896555,N/D,Sorvolo,N/D,5550,225.19,12.95,N/D,640,adsb.lol,2026-10-07
2026-10-07 14:30:16,RYR5XF,4cae58,N/D,Decollo,Rotta 223.9°,2825,223.89,4.74,N/D,1856,adsb.lol,2026-10-07
2026-10-07 14:30:16,RYR167M,4d22af,N/D,Sorvolo,N/D,2400,285.26,11.77,N/D,-960,adsb.lol,2026-10-07
2026-10-07 14:32:17,RYR167M,4d22af,RWY 28,Atterraggio,Est -> Ovest,1050,284.83,3.84,N/D,-640,adsb.lol,2026-10-07
2026-10-07 14:34:19,WMT3182,471db8,RWY 28,Avvicinamento,Est -> Ovest,1525,284.93,6.62,N/D,-704,adsb.lol,2026-10-07
2026-10-07 14:34:19,FIAMM26,33fc86,N/D,Sorvolo,N/D,1325,310.18,13.15,N/D,64,adsb.lol,2026-10-07
2026-10-07 14:36:39,RYR442N,4d21f0,N/D,Sorvolo,N/D,6000,222.64,12.0,N/D,2752,adsb.fi,2026-10-07
2026-10-07 14:36:39,EJU38GZ,440ca9,N/D,Sorvolo,N/D,37050,319.24,4.76,N/D,-576,adsb.fi,2026-10-07
2026-10-07 14:38:41,RYR2PG,4d234c,RWY 28,Avvicinamento,Est -> Ovest,2025,284.95,9.47,N/D,-960,adsb.lol,2026-10-07
2026-10-07 14:38:41,RYR56HH,4d22b3,N/D,Sorvolo,N/D,21875,80.95,7.38,N/D,1408,adsb.lol,2026-10-07
2026-10-07 14:40:43,KNE397,717c93,N/D,Sorvolo,N/D,19525,261.81,13.63,N/D,-3584,adsb.lol,2026-10-07
2026-10-07 14:42:18,RYR2PG,4d234c,RWY 28,Atterraggio,Est -> Ovest,725,285.15,1.96,Malta,-767,opensky,2026-10-07
2026-10-07 14:44:16,MAC458,02019d,N/D,Sorvolo,N/D,4675,222.95,10.67,N/D,384,adsb.lol,2026-10-07
2026-10-07 14:44:16,RYR1JG,4cadc4,RWY 28,Decollo,Est -> Ovest,1750,250.83,2.58,N/D,2176,adsb.lol,2026-10-07
2026-10-07 14:46:17,RYR1JG,4cadc4,N/D,Sorvolo,N/D,6350,222.85,14.49,N/D,3008,adsb.lol,2026-10-07
2026-10-07 14:48:20,RYR1JG,4cadc4,N/D,Sorvolo,N/D,10975,3.01,11.4,N/D,1408,adsb.lol,2026-10-07
2026-10-07 14:50:57,RYR4981,4d2248,N/D,Sorvolo,N/D,2150,285.12,10.24,N/D,-896,adsb.lol,2026-10-07
2026-10-07 14:50:57,RYR6YV,48c22d,N/D,Sorvolo,N/D,7750,97.64,13.43,N/D,2368,adsb.lol,2026-10-07
2026-10-07 14:52:57,WMT2GP,471f9e,N/D,Sorvolo,N/D,2825,284.97,14.09,N/D,-1216,adsb.lol,2026-10-07
2026-10-07 14:52:57,RYR6YV,48c22d,N/D,Sorvolo,N/D,11725,67.57,10.45,N/D,3584,adsb.lol,2026-10-07
2026-10-07 14:54:58,WMT2GP,471f9e,RWY 28,Atterraggio,Est -> Ovest,1200,284.55,4.76,N/D,-704,adsb.lol,2026-10-07
2026-10-07 14:57:01,WMT2GP,471f9e,RWY 28,Atterraggio,Est -> Ovest,750,284.66,1.96,Hungary,-639,opensky,2026-10-07
2026-10-07 14:57:01,RYR4981,4d2248,RWY 28,Atterraggio,Est -> Ovest,725,284.67,2.04,Malta,-832,opensky,2026-10-07
2026-10-07 14:58:04,RYR4981,4d2248,RWY 28,Atterraggio,Est -> Ovest,725,284.67,2.04,Malta,-832,opensky,2026-10-07
2026-10-07 14:58:04,WMT2GP,471f9e,RWY 28,Atterraggio,Est -> Ovest,750,284.66,1.96,Hungary,-639,opensky,2026-10-07
2026-10-07 15:00:12,RYR46WQ,4cae68,N/D,Sorvolo,N/D,5450,267.04,14.75,N/D,2240,adsb.lol,2026-10-07
2026-10-07 15:00:12,JFA30H,4d02cd,N/D,Sorvolo,N/D,24875,327.0,14.32,N/D,640,adsb.lol,2026-10-07
2026-10-07 15:00:12,RYR80WD,4cae48,N/D,Decollo,Rotta 226.7°,2475,226.65,4.1,N/D,2560,adsb.lol,2026-10-07
2026-10-07 15:02:13,RYR59TN,4caeca,N/D,Sorvolo,N/D,2425,285.18,11.9,N/D,-1088,adsb.lol,2026-10-07
2026-10-07 15:02:13,RYR80WD,4cae48,N/D,Sorvolo,N/D,6350,128.7,14.46,N/D,2368,adsb.lol,2026-10-07
2026-10-07 15:04:15,RYR59TN,4caeca,RWY 28,Avvicinamento,Est -> Ovest,1325,285.29,5.48,N/D,-832,adsb.lol,2026-10-07
2026-10-07 15:04:15,ICNTX,3009fc,N/D,Sorvolo,N/D,1675,202.83,11.62,N/D,-320,adsb.lol,2026-10-07
2026-10-07 15:04:15,RYR57YY,4cae4b,N/D,Sorvolo,N/D,5325,160.02,10.9,N/D,2368,adsb.lol,2026-10-07
2026-10-07 15:04:15,RYR80WD,4cae48,N/D,Sorvolo,N/D,10275,68.06,8.88,N/D,2688,adsb.lol,2026-10-07
2026-10-07 15:04:15,CES5014,7803be,N/D,Sorvolo,N/D,17850,85.37,13.99,N/D,1664,adsb.lol,2026-10-07
2026-10-07 15:06:17,ICNTX,3009fc,N/D,Avvicinamento,Rotta 20.0°,1075,19.98,9.88,N/D,-704,adsb.lol,2026-10-07
2026-10-07 15:08:28,RYR76WE,4d2217,RWY 28,Avvicinamento,Est -> Ovest,1325,284.91,5.43,N/D,-896,adsb.lol,2026-10-07
2026-10-07 15:08:28,ICNTX,3009fc,N/D,Sorvolo,N/D,1650,205.75,11.75,N/D,-128,adsb.lol,2026-10-07
2026-10-07 15:08:28,AUA524J,44082b,N/D,Sorvolo,N/D,17175,85.73,12.97,N/D,1472,adsb.lol,2026-10-07
2026-10-07 15:08:28,ICNTF,3007af,N/D,Sorvolo,N/D,2000,260.17,13.15,N/D,576,adsb.lol,2026-10-07
2026-10-07 15:10:34,ICNTX,3009fc,N/D,Sorvolo,N/D,1500,140.37,10.94,N/D,-1024,adsb.lol,2026-10-07
2026-10-07 15:12:35,EZS32PC,4b1a27,N/D,Sorvolo,N/D,33975,326.17,13.99,N/D,-64,adsb.lol,2026-10-07
2026-10-07 15:14:36,AFR98JB,39bb22,N/D,Sorvolo,N/D,34000,273.96,8.47,N/D,-32,adsb.lol,2026-10-07
2026-10-07 15:14:36,ICNTX,3009fc,N/D,Sorvolo,N/D,1650,211.46,11.47,N/D,0,adsb.lol,2026-10-07
2026-10-07 15:14:36,CES244,781f41,N/D,Sorvolo,N/D,20825,87.57,14.86,N/D,1472,adsb.lol,2026-10-07
2026-10-07 15:16:48,ICNTX,3009fc,N/D,Avvicinamento,Rotta 6.8°,1100,6.79,9.83,N/D,-576,adsb.lol,2026-10-07
2026-10-07 15:16:48,RYR1NA,4caecb,N/D,Sorvolo,N/D,5300,223.7,13.06,N/D,1024,adsb.lol,2026-10-07
2026-10-07 15:16:48,RYR4MM,4caa58,RWY 28,Decollo,Est -> Ovest,2125,254.1,2.62,N/D,2816,adsb.lol,2026-10-07
2026-10-07 15:18:49,ICNTX,3009fc,N/D,Sorvolo,N/D,1625,202.48,11.54,N/D,128,adsb.lol,2026-10-07
2026-10-07 15:18:49,RYR8193,4d22af,RWY 28,Decollo,Est -> Ovest,1375,281.89,1.21,N/D,2688,adsb.lol,2026-10-07
2026-10-07 15:18:49,RYR4MM,4caa58,N/D,Sorvolo,N/D,7300,152.01,13.98,N/D,3072,adsb.lol,2026-10-07
2026-10-07 15:20:50,KAC163,706073,N/D,Sorvolo,N/D,15025,261.59,9.91,N/D,-192,adsb.lol,2026-10-07
2026-10-07 15:20:50,RYR8193,4d22af,N/D,Sorvolo,N/D,5600,225.2,11.22,N/D,2368,adsb.lol,2026-10-07
2026-10-07 15:20:50,RYR4MM,4caa58,N/D,Sorvolo,N/D,11075,76.7,11.32,N/D,1984,adsb.lol,2026-10-07
2026-10-07 15:20:50,ICNTX,3009fc,N/D,Avvicinamento,Rotta 22.0°,1050,21.96,9.89,N/D,-384,adsb.lol,2026-10-07
2026-10-07 15:22:51,RYR96TQ,4cae6d,RWY 28,Avvicinamento,Est -> Ovest,1800,284.76,8.13,N/D,-960,adsb.lol,2026-10-07
2026-10-07 15:22:51,RYR8193,4d22af,N/D,Sorvolo,N/D,10075,65.38,13.76,N/D,1920,adsb.lol,2026-10-07
2026-10-07 15:24:54,ICNTX,3009fc,N/D,Avvicinamento,Rotta 24.4°,950,24.38,9.87,Italy,-448,opensky,2026-10-07
2026-10-07 15:24:54,RYR96TQ,4cae6d,RWY 28,Atterraggio,Est -> Ovest,750,285.05,2.09,Ireland,-639,opensky,2026-10-07
2026-10-07 15:24:54,RYR8193,4d22af,N/D,Sorvolo,N/D,13650,66.07,13.17,Malta,2624,opensky,2026-10-07
2026-10-07 15:27:06,RYR96TQ,4cae6d,RWY 28,Atterraggio,Est -> Ovest,750,285.05,2.09,Ireland,-639,opensky,2026-10-07
2026-10-07 15:28:09,RYR96TQ,4cae6d,RWY 28,Atterraggio,Est -> Ovest,750,285.05,2.09,Ireland,-639,opensky,2026-10-07
2026-10-07 15:30:13,RYR5935,48e9f0,N/D,Sorvolo,N/D,2650,285.44,13.02,N/D,-832,adsb.lol,2026-10-07
2026-10-07 15:32:15,RYR5935,48e9f0,RWY 28,Avvicinamento,Est -> Ovest,1300,284.73,5.24,N/D,-960,adsb.lol,2026-10-07
2026-10-07 15:34:17,RYR13HB,48c123,N/D,Sorvolo,N/D,2475,284.57,11.99,N/D,-1088,adsb.lol,2026-10-07
2026-10-07 15:34:17,RYR28GH,4ca9c2,N/D,Sorvolo,N/D,37000,226.34,5.78,N/D,0,adsb.lol,2026-10-07
2026-10-07 15:34:17,EOA001,3002cb,N/D,Sorvolo,N/D,16025,202.39,8.81,N/D,-1312,adsb.lol,2026-10-07
2026-10-07 15:36:26,ICNTF,3007af,N/D,Sorvolo,N/D,1900,108.03,12.34,N/D,-128,adsb.lol,2026-10-07
2026-10-07 15:36:26,RYR13HB,48c123,RWY 28,Avvicinamento,Est -> Ovest,1375,284.49,5.61,N/D,-832,adsb.lol,2026-10-07
2026-10-07 15:38:45,ICNTF,3007af,N/D,Sorvolo,N/D,1900,283.28,10.94,N/D,0,adsb.lol,2026-10-07
2026-10-07 15:38:45,RYR56VF,4d224c,N/D,Sorvolo,N/D,2950,284.18,14.87,N/D,-1024,adsb.lol,2026-10-07
2026-10-07 15:38:45,LOT7YC,48af10,N/D,Sorvolo,N/D,39000,227.12,14.03,N/D,0,adsb.lol,2026-10-07
2026-10-07 15:40:53,ICNTF,3007af,N/D,Avvicinamento,Rotta 27.0°,1000,27.03,9.96,N/D,-448,adsb.lol,2026-10-07
2026-10-07 15:40:53,RYR56VF,4d224c,RWY 28,Avvicinamento,Est -> Ovest,1300,285.12,5.34,N/D,-896,adsb.lol,2026-10-07
2026-10-07 15:40:53,RYR2NN,4d234c,N/D,Decollo,Rotta 224.3°,3275,224.33,6.06,N/D,2240,adsb.lol,2026-10-07
2026-10-07 15:42:54,EWG6TG,3c56eb,N/D,Sorvolo,N/D,37975,30.41,8.4,N/D,32,adsb.lol,2026-10-07
2026-10-07 15:45:15,OEEMA,440bb4,N/D,Sorvolo,N/D,20800,85.68,11.5,N/D,960,adsb.lol,2026-10-07
2026-10-07 15:45:15,PGT599L,4bc8e1,N/D,Sorvolo,N/D,32000,277.3,9.66,N/D,-64,adsb.lol,2026-10-07
2026-10-07 15:45:15,ICNTF,3007af,N/D,Avvicinamento,Rotta 28.4°,2000,28.35,9.93,N/D,-192,adsb.lol,2026-10-07
2026-10-07 15:45:15,RYR2NN,4d234c,N/D,Sorvolo,N/D,11250,355.2,6.44,N/D,2304,adsb.lol,2026-10-07
2026-10-07 15:46:17,OEEMA,440bb4,N/D,Sorvolo,N/D,21850,76.49,11.14,N/D,1024,adsb.lol,2026-10-07
2026-10-07 15:46:17,ICNTF,3007af,N/D,Sorvolo,N/D,1400,212.41,11.15,N/D,-576,adsb.lol,2026-10-07
2026-10-07 15:46:17,VM205,ae29fc,N/D,Sorvolo,N/D,24000,319.85,11.83,N/D,0,adsb.lol,2026-10-07
2026-10-07 15:48:18,ISTDI,300472,N/D,Sorvolo,N/D,1750,3.32,10.88,N/D,896,adsb.lol,2026-10-07
2026-10-07 15:48:18,UNKNOWN,33fc86,N/D,Sorvolo,N/D,1125,355.6,12.02,N/D,-256,adsb.lol,2026-10-07
2026-10-07 15:48:18,WZZ5PA,4d245c,N/D,Sorvolo,N/D,39000,227.0,9.09,N/D,0,adsb.lol,2026-10-07
2026-10-07 15:48:18,VM205,ae29fc,N/D,Sorvolo,N/D,24000,319.78,7.47,N/D,0,adsb.lol,2026-10-07
2026-10-07 15:48:18,ICNTG,300736,N/D,Sorvolo,N/D,2300,293.75,14.57,N/D,384,adsb.lol,2026-10-07
2026-10-07 15:50:21,FIAMM26,33fc86,RWY 10,Avvicinamento,Ovest -> Est,1050,102.32,7.47,N/D,128,adsb.lol,2026-10-07
2026-10-07 15:50:21,ICNTF,3007af,N/D,Sorvolo,N/D,1900,184.04,10.85,N/D,64,adsb.lol,2026-10-07
2026-10-07 15:50:21,ISTDI,300472,N/D,Avvicinamento,Rotta 127.5°,1800,127.53,6.74,N/D,-64,adsb.lol,2026-10-07
2026-10-07 15:52:22,ICNTF,3007af,N/D,Sorvolo,N/D,1200,109.83,10.32,N/D,-576,adsb.lol,2026-10-07
2026-10-07 15:52:22,FIAMM26,33fc86,N/D,Decollo,Rotta 124.5°,1175,124.46,4.79,N/D,-448,adsb.lol,2026-10-07
2026-10-07 15:52:22,RYR81PR,4ca225,RWY 28,Avvicinamento,Est -> Ovest,2100,284.49,9.84,N/D,-896,adsb.lol,2026-10-07
2026-10-07 15:52:22,ISTDI,300472,N/D,Decollo,Rotta 121.6°,1750,121.61,3.14,N/D,0,adsb.lol,2026-10-07
2026-10-07 15:54:23,THY1896,4bb274,N/D,Sorvolo,N/D,18575,94.86,10.45,N/D,2176,adsb.lol,2026-10-07
2026-10-07 15:54:23,FIAMM26,33fc86,N/D,Decollo,Rotta 159.7°,1075,159.68,4.06,N/D,-256,adsb.lol,2026-10-07
2026-10-07 15:54:23,ISTDI,300472,N/D,Atterraggio,Rotta 214.6°,1350,214.59,1.99,N/D,-704,adsb.lol,2026-10-07
2026-10-07 15:54:23,LHX1848,3c6552,N/D,Sorvolo,N/D,37000,226.84,8.94,N/D,32,adsb.lol,2026-10-07
2026-10-07 15:56:24,FIX005,506c45,N/D,Sorvolo,N/D,14250,245.82,6.74,N/D,-1472,adsb.lol,2026-10-07
2026-10-07 15:56:24,ICNTX,3009fc,N/D,Sorvolo,N/D,1925,207.07,11.73,N/D,576,adsb.lol,2026-10-07
2026-10-07 15:58:25,GRV105,46ccad,N/D,Sorvolo,N/D,39000,126.0,3.11,N/D,0,adsb.lol,2026-10-07
2026-10-07 15:58:25,NCA049,846def,N/D,Sorvolo,N/D,14825,90.65,2.23,N/D,1984,adsb.lol,2026-10-07
2026-10-07 16:00:26,VLG22UK,345614,N/D,Sorvolo,N/D,37025,227.96,12.59,N/D,0,adsb.lol,2026-10-07
2026-10-07 16:00:26,RYR5JJ,4d2216,N/D,Sorvolo,N/D,19725,89.86,7.68,N/D,768,adsb.lol,2026-10-07
2026-10-07 16:00:26,PGT1213,4bc849,N/D,Sorvolo,N/D,2650,284.83,12.98,N/D,-960,adsb.lol,2026-10-07
2026-10-07 16:02:27,PGT1213,4bc849,RWY 28,Atterraggio,Est -> Ovest,1225,284.6,4.57,N/D,-640,adsb.lol,2026-10-07
2026-10-07 16:02:27,ICNTK,3009fb,N/D,Sorvolo,N/D,1525,90.77,10.16,N/D,-640,adsb.lol,2026-10-07
2026-10-07 16:04:29,RYR3BY,4cadbf,N/D,Sorvolo,N/D,2275,284.65,10.8,N/D,-896,adsb.lol,2026-10-07
2026-10-07 16:06:31,SXS4ZJ,4bccab,N/D,Sorvolo,N/D,38000,275.3,14.19,N/D,0,adsb.lol,2026-10-07
2026-10-07 16:06:31,EJU57BX,4401d1,N/D,Sorvolo,N/D,19825,75.04,10.82,N/D,2240,adsb.lol,2026-10-07
2026-10-07 16:06:31,RYR3BY,4cadbf,RWY 28,Atterraggio,Est -> Ovest,1200,285.32,4.69,N/D,-1088,adsb.lol,2026-10-07
2026-10-07 16:08:32,SXS4ZJ,4bccab,N/D,Sorvolo,N/D,38000,275.22,10.76,N/D,0,adsb.lol,2026-10-07
2026-10-07 16:10:33,NOS9080,4cac36,N/D,Sorvolo,N/D,19950,85.9,8.9,N/D,1984,adsb.lol,2026-10-07
2026-10-07 16:12:34,RYR91EJ,4caf34,N/D,Sorvolo,N/D,2625,285.23,12.96,N/D,-1024,adsb.lol,2026-10-07
2026-10-07 16:14:37,TUA445,60183b,N/D,Sorvolo,N/D,15100,254.36,14.43,N/D,-2304,adsb.lol,2026-10-07
2026-10-07 16:14:37,WZZ38,4d200d,N/D,Sorvolo,N/D,35975,62.41,4.81,N/D,-192,adsb.lol,2026-10-07
2026-10-07 16:14:37,RYR91EJ,4caf34,RWY 28,Avvicinamento,Est -> Ovest,1275,284.74,5.05,N/D,-768,adsb.lol,2026-10-07
2026-10-07 16:16:38,ICNTG,300736,N/D,Sorvolo,N/D,1900,104.51,12.1,N/D,64,adsb.lol,2026-10-07
2026-10-07 16:16:38,RYR9CH,4d22ca,RWY 28,Avvicinamento,Est -> Ovest,1825,284.82,8.08,N/D,-896,adsb.lol,2026-10-07
2026-10-07 16:18:39,LXJ603,a7d2f7,N/D,Sorvolo,N/D,21225,85.12,13.82,N/D,2240,adsb.lol,2026-10-07
2026-10-07 16:18:39,RYR66WT,4d21f2,N/D,Sorvolo,N/D,38000,352.41,9.21,N/D,0,adsb.lol,2026-10-07
2026-10-07 16:18:39,ICNTG,300736,N/D,Sorvolo,N/D,1400,203.5,11.02,N/D,-512,adsb.lol,2026-10-07
2026-10-07 16:18:39,RYR12XM,4ca8db,N/D,Sorvolo,N/D,4825,224.82,10.7,N/D,704,adsb.lol,2026-10-07
2026-10-07 16:18:39,ICNTX,3009fc,N/D,Sorvolo,N/D,1925,110.38,13.64,N/D,-192,adsb.lol,2026-10-07
2026-10-07 16:20:40,ICNTX,3009fc,N/D,Sorvolo,N/D,1850,309.45,10.37,N/D,256,adsb.lol,2026-10-07
2026-10-07 16:20:40,RYR26HH,4d2217,N/D,Decollo,Rotta 226.7°,2575,226.65,4.07,N/D,2496,adsb.lol,2026-10-07
2026-10-07 16:22:41,ICNTM,3009fd,N/D,Avvicinamento,Rotta 28.9°,1875,28.92,9.79,N/D,-192,adsb.lol,2026-10-07
2026-10-07 16:22:41,ICNTX,3009fc,N/D,Sorvolo,N/D,1575,101.02,10.86,N/D,-448,adsb.lol,2026-10-07
2026-10-07 16:22:41,RYR8AG,4d227a,N/D,Sorvolo,N/D,37000,227.23,13.34,N/D,0,adsb.lol,2026-10-07
2026-10-07 16:22:41,ICNTG,300736,N/D,Sorvolo,N/D,1600,205.23,11.49,N/D,64,adsb.lol,2026-10-07
2026-10-07 16:24:45,ICNTG,300736,N/D,Sorvolo,N/D,1100,29.56,10.02,N/D,-640,adsb.lol,2026-10-07
2026-10-07 16:24:45,WMT5CS,471f6d,N/D,Sorvolo,N/D,21600,93.92,2.47,N/D,1664,adsb.lol,2026-10-07
2026-10-07 16:24:45,ICNTM,3009fd,N/D,Sorvolo,N/D,1675,190.55,11.62,N/D,0,adsb.lol,2026-10-07
2026-10-07 16:26:53,ICNTX,3009fc,N/D,Sorvolo,N/D,1700,199.89,11.35,N/D,128,adsb.lol,2026-10-07
2026-10-07 16:26:53,EJU31LH,4402ae,N/D,Sorvolo,N/D,10825,222.52,13.26,N/D,-1792,adsb.lol,2026-10-07
2026-10-07 16:26:53,ICNTM,3009fd,N/D,Avvicinamento,Rotta 20.6°,1025,20.56,9.88,N/D,-192,adsb.lol,2026-10-07
2026-10-07 16:26:53,RYR583Z,4d23fb,RWY 28,Decollo,Est -> Ovest,2175,286.34,3.05,N/D,3200,adsb.lol,2026-10-07
2026-10-07 16:28:58,ICNTX,3009fc,N/D,Avvicinamento,Rotta 21.1°,1125,21.09,9.86,N/D,-896,adsb.lol,2026-10-07
2026-10-07 16:28:58,ICNTG,300736,N/D,Sorvolo,N/D,1300,188.13,10.94,N/D,-448,adsb.lol,2026-10-07
2026-10-07 16:28:58,RYR91CV,4d2248,N/D,Decollo,Rotta 228.2°,2375,228.23,3.58,N/D,2816,adsb.lol,2026-10-07
2026-10-07 16:30:59,UNKNOWN,3009fc,N/D,Sorvolo,N/D,1850,254.91,11.83,N/D,320,adsb.lol,2026-10-07
2026-10-07 16:30:59,RYR3602,4cae51,N/D,Sorvolo,N/D,30825,72.93,13.08,N/D,-1024,adsb.lol,2026-10-07
2026-10-07 16:33:00,ICNTX,3009fc,N/D,Sorvolo,N/D,1725,343.25,12.31,N/D,-320,adsb.lol,2026-10-07
2026-10-07 16:33:00,RYR91CV,4d2248,N/D,Sorvolo,N/D,11250,94.24,14.93,N/D,1600,adsb.lol,2026-10-07
2026-10-07 16:33:00,UNKNOWN,300736,N/D,Avvicinamento,Rotta 202.3°,1000,202.34,9.88,N/D,448,adsb.lol,2026-10-07
2026-10-07 16:34:01,UNKNOWN,300736,N/D,Avvicinamento,Rotta 141.8°,1000,141.84,9.78,N/D,-128,adsb.lol,2026-10-07
2026-10-07 16:34:01,ICNTX,3009fc,N/D,Sorvolo,N/D,1675,22.58,12.49,N/D,-256,adsb.lol,2026-10-07
2026-10-07 16:36:03,ICNTX,3009fc,N/D,Sorvolo,N/D,1275,40.28,10.02,N/D,-64,adsb.lol,2026-10-07
2026-10-07 16:36:03,RYR97SY,4caeca,N/D,Decollo,Rotta 227.1°,2275,227.05,3.56,N/D,2432,adsb.lol,2026-10-07
2026-10-07 16:38:04,EJU89JK,440096,N/D,Sorvolo,N/D,34000,285.65,11.99,N/D,0,adsb.lol,2026-10-07
2026-10-07 16:40:05,OEAAR,48b960,N/D,Sorvolo,N/D,1900,62.24,11.35,N/D,64,adsb.lol,2026-10-07
2026-10-07 16:40:05,RYR3QE,4cadb8,N/D,Sorvolo,N/D,32000,51.3,8.12,N/D,0,adsb.lol,2026-10-07
2026-10-07 16:42:07,OEAAR,48b960,N/D,Sorvolo,N/D,1725,291.25,11.11,N/D,128,adsb.lol,2026-10-07
2026-10-07 16:44:18,MSR705,0101b8,N/D,Sorvolo,N/D,19000,271.61,9.08,N/D,-1920,adsb.lol,2026-10-07
2026-10-07 16:44:18,DLH77M,502d7d,N/D,Sorvolo,N/D,37000,222.12,13.1,N/D,-32,adsb.lol,2026-10-07
2026-10-07 16:44:18,OEAAR,48b960,N/D,Sorvolo,N/D,1400,105.83,10.48,N/D,-576,adsb.lol,2026-10-07
2026-10-07 16:46:19,RYR5934,48c12e,RWY 28,Decollo,Est -> Ovest,1800,260.09,2.43,N/D,2624,adsb.lol,2026-10-07
2026-10-07 16:46:19,SAS91Y,4cad40,N/D,Sorvolo,N/D,18150,78.62,14.85,N/D,1984,adsb.lol,2026-10-07
2026-10-07 16:46:19,MSR705,0101b8,N/D,Sorvolo,N/D,16575,240.33,13.16,N/D,-960,adsb.lol,2026-10-07
2026-10-07 16:46:19,ICNTF,3007af,N/D,Sorvolo,N/D,2000,263.01,13.06,N/D,128,adsb.lol,2026-10-07
2026-10-07 16:48:20,RYR94CD,48e9f2,N/D,Sorvolo,N/D,37000,222.65,9.24,N/D,-32,adsb.lol,2026-10-07
2026-10-07 16:48:20,RYR5934,48c12e,N/D,Sorvolo,N/D,6275,113.1,9.47,N/D,1792,adsb.lol,2026-10-07
2026-10-07 16:50:21,RYR785N,4d251a,N/D,Sorvolo,N/D,19750,84.98,11.77,N/D,2496,adsb.lol,2026-10-07
2026-10-07 16:52:22,WMT154,471db8,N/D,Decollo,Rotta 247.1°,2150,247.06,3.18,N/D,2304,adsb.lol,2026-10-07
2026-10-07 16:54:39,WMT154,471db8,N/D,Sorvolo,N/D,6975,134.62,14.33,N/D,2304,adsb.fi,2026-10-07
2026-10-07 17:01:02,RYR79WD,48c123,N/D,Decollo,Rotta 224.3°,3950,224.33,6.19,N/D,2560,adsb.lol,2026-10-07
2026-10-07 17:01:02,WZZ91NH,471db6,N/D,Sorvolo,N/D,34975,238.33,12.57,N/D,0,adsb.lol,2026-10-07
2026-10-07 17:01:02,LBT246,02a1ab,N/D,Sorvolo,N/D,38050,348.54,7.87,N/D,32,adsb.lol,2026-10-07
2026-10-07 17:02:13,EJU59FK,440ccc,N/D,Sorvolo,N/D,12550,73.83,6.67,N/D,2336,adsb.lol,2026-10-07
2026-10-07 17:02:13,RYR79WD,48c123,N/D,Sorvolo,N/D,6650,154.51,10.91,N/D,1536,adsb.lol,2026-10-07
2026-10-07 17:02:13,WZZ91NH,471db6,N/D,Sorvolo,N/D,35025,238.21,8.67,N/D,64,adsb.lol,2026-10-07
2026-10-07 17:04:17,RYR15BQ,4cad0f,RWY 28,Avvicinamento,Est -> Ovest,1850,285.03,8.25,N/D,-896,adsb.lol,2026-10-07
2026-10-07 17:04:17,IRJAH,3007e2,N/D,Sorvolo,N/D,1250,316.92,10.24,N/D,-32,adsb.lol,2026-10-07
2026-10-07 17:04:17,LOT2161,48af02,N/D,Sorvolo,N/D,40000,238.04,11.88,N/D,-32,adsb.lol,2026-10-07
2026-10-07 17:06:19,ILMBD,300640,N/D,Decollo,Rotta 63.7°,1425,63.67,4.11,N/D,64,adsb.lol,2026-10-07
2026-10-07 17:06:19,KNE398,717c93,N/D,Sorvolo,N/D,18850,95.8,6.93,N/D,2048,adsb.lol,2026-10-07
2026-10-07 17:06:19,WZZ872D,471fa1,N/D,Sorvolo,N/D,34025,57.99,14.35,N/D,32,adsb.lol,2026-10-07
2026-10-07 17:06:19,RYR80GB,4ca4ed,N/D,Sorvolo,N/D,11275,121.22,7.54,N/D,-1408,adsb.lol,2026-10-07
2026-10-07 17:06:19,IRJAH,3007e2,N/D,Atterraggio,Rotta 320.4°,1250,320.35,2.91,N/D,-32,adsb.lol,2026-10-07
2026-10-07 17:08:20,RYR80GB,4ca4ed,N/D,Sorvolo,N/D,9025,155.81,8.31,N/D,-1024,adsb.lol,2026-10-07
2026-10-07 17:08:20,ILMBD,300640,N/D,Avvicinamento,Rotta 53.5°,1700,53.51,7.47,N/D,128,adsb.lol,2026-10-07
2026-10-07 17:10:21,RYR29GX,4d224c,RWY 28,Decollo,Est -> Ovest,1875,284.44,2.68,N/D,2816,adsb.lol,2026-10-07
2026-10-07 17:12:22,RYR29GX,4d224c,N/D,Sorvolo,N/D,5625,268.18,14.85,N/D,1152,adsb.lol,2026-10-07
2026-10-07 17:12:22,RYR4HB,4ca4f2,RWY 28,Avvicinamento,Est -> Ovest,1475,284.59,6.01,N/D,-768,adsb.lol,2026-10-07
2026-10-07 17:14:23,THY9YH,4ba9d2,N/D,Sorvolo,N/D,16275,261.94,1.99,N/D,-1408,adsb.lol,2026-10-07
2026-10-07 17:14:23,RYR80GB,4ca4ed,N/D,Sorvolo,N/D,2850,284.99,14.08,N/D,-960,adsb.lol,2026-10-07
2026-10-07 17:16:24,RYR80GB,4ca4ed,RWY 28,Atterraggio,Est -> Ovest,1050,285.52,3.68,N/D,-896,adsb.lol,2026-10-07
2026-10-07 17:18:26,RYR73ZK,4caf27,N/D,Sorvolo,N/D,13325,120.81,12.11,N/D,-960,adsb.lol,2026-10-07
2026-10-07 17:18:26,RYR35BF,48c2af,N/D,Sorvolo,N/D,37000,239.7,7.32,N/D,0,adsb.lol,2026-10-07
2026-10-07 17:20:43,RYR73ZK,4caf27,N/D,Sorvolo,N/D,10525,156.37,9.11,N/D,-2048,adsb.fi,2026-10-07
2026-10-07 17:20:43,RYR41WY,4cae6d,N/D,Decollo,Rotta 205.9°,4900,205.92,9.08,N/D,896,adsb.fi,2026-10-07
2026-10-07 17:22:44,RYR34EK,4d22ca,N/D,Sorvolo,N/D,4750,224.83,11.8,N/D,1152,adsb.lol,2026-10-07
2026-10-07 17:22:44,RYR86XQ,4ca225,N/D,Decollo,Rotta 240.5°,2100,240.5,2.92,N/D,2816,adsb.lol,2026-10-07
2026-10-07 17:24:45,DLH3RT,300393,N/D,Sorvolo,N/D,14700,211.69,9.57,N/D,-2048,adsb.lol,2026-10-07
2026-10-07 17:24:45,RYR86XQ,4ca225,N/D,Sorvolo,N/D,6950,225.36,14.44,N/D,2688,adsb.lol,2026-10-07
2026-10-07 17:24:45,NOS247,4cab80,N/D,Sorvolo,N/D,18475,270.0,6.73,N/D,-2368,adsb.lol,2026-10-07
2026-10-07 17:26:46,DLH3RT,300393,N/D,Sorvolo,N/D,12250,229.2,10.77,N/D,-1280,adsb.lol,2026-10-07
2026-10-07 17:26:46,RYR44CH,4ca24e,RWY 28,Avvicinamento,Est -> Ovest,1525,285.12,6.47,N/D,-768,adsb.lol,2026-10-07
2026-10-07 17:28:50,RYR44CH,4ca24e,RWY 28,Atterraggio,Est -> Ovest,750,284.8,1.87,Ireland,-767,opensky,2026-10-07
2026-10-07 17:30:53,DLH24T,3c65d4,N/D,Sorvolo,N/D,36825,37.42,11.07,N/D,-960,adsb.lol,2026-10-07
2026-10-07 17:30:53,RYR73ZK,4caf27,RWY 28,Avvicinamento,Est -> Ovest,1600,285.26,6.83,N/D,-832,adsb.lol,2026-10-07
2026-10-07 17:32:55,TVF3451,39dd02,N/D,Sorvolo,N/D,38000,292.37,6.76,N/D,0,adsb.lol,2026-10-07
2026-10-07 17:32:55,RYR9WA,4ca4ea,RWY 28,Avvicinamento,Est -> Ovest,2125,285.12,9.88,N/D,-960,adsb.lol,2026-10-07
2026-10-07 17:34:56,MCELT,424c87,N/D,Sorvolo,N/D,39375,322.54,12.38,N/D,2048,adsb.lol,2026-10-07
2026-10-07 17:34:56,RYR8ZZ,4ca643,N/D,Sorvolo,N/D,2900,284.85,14.42,N/D,-960,adsb.lol,2026-10-07
2026-10-07 17:36:58,RYR8ZZ,4ca643,RWY 28,Avvicinamento,Est -> Ovest,1350,284.49,5.39,N/D,-896,adsb.lol,2026-10-07
2026-10-07 17:36:58,UNKNOWN,4bc849,RWY 28,Decollo,Est -> Ovest,1625,278.27,2.08,N/D,2688,adsb.lol,2026-10-07
2026-10-07 17:36:58,EWG7Q,3c56f5,N/D,Sorvolo,N/D,36000,50.69,12.34,N/D,0,adsb.lol,2026-10-07
2026-10-07 17:38:59,RYR451P,4d244a,RWY 28,Avvicinamento,Est -> Ovest,1875,284.5,8.55,N/D,-832,adsb.lol,2026-10-07
2026-10-07 17:38:59,PGT40XK,4bc849,N/D,Sorvolo,N/D,5825,188.33,13.3,N/D,2688,adsb.lol,2026-10-07
2026-10-07 17:42:01,UNKNOWN,300640,N/D,Avvicinamento,Rotta 240.5°,1775,240.49,6.36,N/D,0,adsb.lol,2026-10-07
2026-10-07 17:42:01,RYR1AP,4cadbf,N/D,Sorvolo,N/D,6250,185.06,12.62,N/D,2368,adsb.lol,2026-10-07
2026-10-07 17:44:04,RYR7ZN,4d21ed,RWY 28,Avvicinamento,Est -> Ovest,1800,284.62,8.09,N/D,-832,adsb.lol,2026-10-07
2026-10-07 17:44:04,RYR18FU,4caf34,N/D,Decollo,Rotta 226.0°,4250,226.04,8.36,N/D,1088,adsb.lol,2026-10-07
2026-10-07 17:44:04,ILMBD,300640,N/D,Atterraggio,Rotta 231.0°,1200,230.97,4.94,N/D,-320,adsb.lol,2026-10-07
2026-10-07 17:44:04,RYR115D,4cae48,N/D,Sorvolo,N/D,10000,202.03,12.84,N/D,-1728,adsb.lol,2026-10-07
2026-10-07 17:46:05,RYR18FU,4caf34,N/D,Sorvolo,N/D,8850,73.51,14.45,N/D,2368,adsb.lol,2026-10-07
2026-10-07 17:48:10,ITY452,4caefa,N/D,Sorvolo,N/D,16500,85.8,10.51,N/D,2208,adsb.lol,2026-10-07
2026-10-07 17:48:10,RYR33PK,48c2b2,N/D,Sorvolo,N/D,37000,227.02,9.47,N/D,64,adsb.lol,2026-10-07
2026-10-07 17:50:15,WMT1KW,471f9e,N/D,Decollo,Rotta 241.6°,2375,241.61,3.39,N/D,2560,adsb.lol,2026-10-07
2026-10-07 17:50:15,RYR115D,4cae48,N/D,Sorvolo,N/D,2375,284.63,11.45,N/D,-1024,adsb.lol,2026-10-07
2026-10-07 17:52:25,ICNTF,3007af,N/D,Sorvolo,N/D,1900,274.44,11.39,N/D,64,adsb.lol,2026-10-07
2026-10-07 17:52:25,RYR115D,4cae48,RWY 28,Atterraggio,Est -> Ovest,1125,284.65,4.03,N/D,-832,adsb.lol,2026-10-07
2026-10-07 17:52:25,WMT1KW,471f9e,N/D,Sorvolo,N/D,7175,105.01,12.14,N/D,3072,adsb.lol,2026-10-07
2026-10-07 17:54:27,ICNTF,3007af,RWY 28,Avvicinamento,Est -> Ovest,2000,275.55,8.77,N/D,128,adsb.lol,2026-10-07
2026-10-07 17:56:29,RYR4DU,4d22b7,N/D,Sorvolo,N/D,35025,240.7,11.73,N/D,-64,adsb.lol,2026-10-07
2026-10-07 17:56:29,RYR1KY,4cad0f,N/D,Decollo,Rotta 223.9°,3525,223.86,6.83,N/D,1984,adsb.lol,2026-10-07
2026-10-07 17:56:29,ICNTF,3007af,N/D,Sorvolo,N/D,2000,279.37,10.6,N/D,-128,adsb.lol,2026-10-07
2026-10-07 17:58:30,RYR4DU,4d22b7,N/D,Sorvolo,N/D,35000,241.71,14.73,N/D,0,adsb.lol,2026-10-07
2026-10-07 18:00:49,ICNTF,3007af,N/D,Sorvolo,N/D,1900,23.03,14.91,N/D,-928,adsb.lol,2026-10-07
2026-10-07 18:00:49,WMT579,4d2186,N/D,Sorvolo,N/D,18075,95.35,11.98,N/D,1984,adsb.lol,2026-10-07
2026-10-07 18:02:51,ICNTF,3007af,N/D,Sorvolo,N/D,1900,57.53,10.81,N/D,-128,adsb.lol,2026-10-07
2026-10-07 18:04:53,RYR51FQ,4ca4ee,N/D,Sorvolo,N/D,8500,200.53,12.27,N/D,-1600,adsb.lol,2026-10-07
2026-10-07 18:04:53,ICNTF,3007af,N/D,Sorvolo,N/D,1600,196.57,11.02,N/D,-32,adsb.lol,2026-10-07
2026-10-07 18:04:53,WMT7SR,4d2420,N/D,Sorvolo,N/D,19450,85.94,10.68,N/D,2176,adsb.lol,2026-10-07
2026-10-07 18:07:01,WMT9YD,4d20bf,N/D,Sorvolo,N/D,16600,86.59,9.45,N/D,1344,adsb.lol,2026-10-07
2026-10-07 18:07:01,RYR65ER,4ca4ed,RWY 28,Decollo,Est -> Ovest,3000,258.94,5.09,N/D,2304,adsb.lol,2026-10-07
2026-10-07 18:07:01,ICNTF,3007af,N/D,Avvicinamento,Rotta 11.3°,1100,11.31,9.85,N/D,-704,adsb.lol,2026-10-07
2026-10-07 18:08:11,WMT9YD,4d20bf,N/D,Sorvolo,N/D,18375,86.57,7.32,N/D,1792,adsb.lol,2026-10-07
2026-10-07 18:08:11,RYR65ER,4ca4ed,N/D,Sorvolo,N/D,5375,267.6,12.27,N/D,3456,adsb.lol,2026-10-07
2026-10-07 18:10:22,EJU98HU,440083,N/D,Sorvolo,N/D,17350,89.86,8.51,N/D,2304,adsb.lol,2026-10-07
2026-10-07 18:12:23,RYR51FQ,4ca4ee,RWY 28,Atterraggio,Est -> Ovest,1125,285.16,4.03,N/D,-896,adsb.lol,2026-10-07
2026-10-07 18:14:35,RYR51FQ,4ca4ee,RWY 28,Atterraggio,Est -> Ovest,775,284.49,1.97,Ireland,-704,opensky,2026-10-07
2026-10-07 18:16:38,RYR51FQ,4ca4ee,RWY 28,Atterraggio,Est -> Ovest,775,284.49,1.97,Ireland,-704,opensky,2026-10-07
2026-10-07 18:20:52,EJU65TH,4401f7,N/D,Sorvolo,N/D,13925,77.19,6.38,N/D,2624,adsb.lol,2026-10-07
2026-10-07 18:22:54,RYR3JR,4ca760,RWY 28,Avvicinamento,Est -> Ovest,1800,284.79,8.02,N/D,-1024,adsb.lol,2026-10-07
2026-10-07 18:22:54,EFW657G,405457,N/D,Sorvolo,N/D,21000,130.64,8.49,N/D,-128,adsb.lol,2026-10-07
2026-10-07 18:24:55,EFW657G,405457,N/D,Sorvolo,N/D,17450,122.93,13.07,N/D,-2944,adsb.lol,2026-10-07
2026-10-07 18:24:55,WZZ4950,4d24c2,N/D,Sorvolo,N/D,37000,223.45,13.1,N/D,-32,adsb.lol,2026-10-07
2026-10-07 18:26:43,RYR58NF,4ca808,RWY 28,Avvicinamento,Est -> Ovest,1975,284.7,9.02,N/D,-1088,adsb.lol,2026-10-07
2026-10-07 18:26:43,WZZ4950,4d24c2,N/D,Sorvolo,N/D,37000,223.35,11.2,N/D,-32,adsb.lol,2026-10-07
2026-10-07 18:26:43,WZZ908,471e5e,N/D,Sorvolo,N/D,18700,86.22,12.09,N/D,1984,adsb.lol,2026-10-07
2026-10-07 18:26:43,RYR74UN,4ca704,N/D,Sorvolo,N/D,11650,140.69,8.21,N/D,-1472,adsb.lol,2026-10-07
2026-10-07 18:28:44,EWG59MG,3c48ee,N/D,Sorvolo,N/D,34050,324.6,12.05,N/D,32,adsb.lol,2026-10-07
2026-10-07 18:28:44,RYR74UN,4ca704,N/D,Sorvolo,N/D,9075,140.27,13.27,N/D,-1536,adsb.lol,2026-10-07
2026-10-07 18:30:46,SUS911,45a84a,N/D,Sorvolo,N/D,35650,309.41,3.95,N/D,-1408,adsb.lol,2026-10-07
2026-10-07 18:30:46,RYR70PH,4d234c,N/D,Sorvolo,N/D,11675,134.52,10.28,N/D,-2496,adsb.lol,2026-10-07
2026-10-07 18:30:46,RYR19VQ,4ca643,RWY 28,Decollo,Est -> Ovest,1325,270.65,1.75,N/D,2496,adsb.lol,2026-10-07
2026-10-07 18:30:46,RYR10AQ,4cae4b,RWY 28,Avvicinamento,Est -> Ovest,1650,285.13,7.08,N/D,-832,adsb.lol,2026-10-07
2026-10-07 18:32:47,RYR70PH,4d234c,N/D,Sorvolo,N/D,8100,134.87,13.68,N/D,-576,adsb.lol,2026-10-07
2026-10-07 18:32:47,RYR19VQ,4ca643,N/D,Sorvolo,N/D,6300,225.53,14.0,N/D,3392,adsb.lol,2026-10-07
2026-10-07 18:32:47,NJE492V,494142,N/D,Sorvolo,N/D,20175,75.18,10.86,N/D,1664,adsb.lol,2026-10-07
2026-10-07 18:34:53,RYR74UN,4ca704,RWY 28,Avvicinamento,Est -> Ovest,2025,284.93,9.4,N/D,-1088,adsb.lol,2026-10-07
2026-10-07 18:34:53,IRJAH,3007e2,N/D,Avvicinamento,Rotta 134.7°,1450,134.69,5.17,N/D,64,adsb.lol,2026-10-07
2026-10-07 18:34:53,RYR19VQ,4ca643,N/D,Sorvolo,N/D,10675,357.72,9.89,N/D,1344,adsb.lol,2026-10-07
2026-10-07 18:36:55,RYR19VQ,4ca643,N/D,Sorvolo,N/D,15700,2.65,14.75,N/D,3200,adsb.lol,2026-10-07
2026-10-07 18:36:55,ETD7NZ,896406,N/D,Sorvolo,N/D,38000,289.88,9.04,N/D,-64,adsb.lol,2026-10-07
2026-10-07 18:36:55,EXS218D,4077ba,N/D,Sorvolo,N/D,36000,315.0,9.11,N/D,0,adsb.lol,2026-10-07
2026-10-07 18:36:55,IRJAH,3007e2,N/D,Avvicinamento,Rotta 125.9°,1450,125.93,7.75,N/D,32,adsb.lol,2026-10-07
2026-10-07 18:38:56,IRJAH,3007e2,N/D,Sorvolo,N/D,1450,98.97,14.04,N/D,64,adsb.lol,2026-10-07
2026-10-07 18:38:56,RYR70PH,4d234c,N/D,Sorvolo,N/D,2475,285.06,11.94,N/D,-1152,adsb.lol,2026-10-07
2026-10-07 18:40:57,KMM102,4d24de,N/D,Sorvolo,N/D,36025,321.53,6.34,N/D,64,adsb.lol,2026-10-07
2026-10-07 18:40:57,RYR3N,4caf27,N/D,Sorvolo,N/D,5000,268.8,11.97,N/D,2560,adsb.lol,2026-10-07
2026-10-07 18:40:57,RYR70PH,4d234c,RWY 28,Atterraggio,Est -> Ovest,1075,285.26,3.81,N/D,-768,adsb.lol,2026-10-07
2026-10-07 18:43:07,DLH3PL,300393,N/D,Sorvolo,N/D,13225,80.73,5.61,N/D,2176,adsb.lol,2026-10-07
2026-10-07 18:43:07,DLH4UP,3c66ea,N/D,Sorvolo,N/D,34025,343.67,12.99,N/D,0,adsb.lol,2026-10-07
2026-10-07 18:44:08,RYR6996,4ca24e,N/D,Decollo,Rotta 224.2°,2875,224.24,4.17,N/D,2560,adsb.lol,2026-10-07
2026-10-07 18:44:08,DLH3PL,300393,N/D,Sorvolo,N/D,15450,80.76,13.29,N/D,1472,adsb.lol,2026-10-07
2026-10-07 18:44:08,WZZ477,4d24d4,N/D,Sorvolo,N/D,34975,256.17,6.23,N/D,64,adsb.lol,2026-10-07
2026-10-07 18:46:09,RYR8WW,4ca4f2,N/D,Decollo,Rotta 223.9°,4325,223.89,7.23,N/D,2560,adsb.lol,2026-10-07
2026-10-07 18:46:09,RYR6996,4ca24e,N/D,Sorvolo,N/D,8600,106.07,12.46,N/D,3008,adsb.lol,2026-10-07
2026-10-07 18:48:10,RYR1YC,4cae48,RWY 28,Decollo,Est -> Ovest,1250,283.72,1.57,N/D,2432,adsb.lol,2026-10-07
2026-10-07 18:48:10,RYR6996,4ca24e,N/D,Sorvolo,N/D,12800,358.56,5.86,N/D,3008,adsb.lol,2026-10-07
2026-10-07 18:48:10,RYR67MY,4ca6fb,N/D,Decollo,Rotta 225.3°,4700,225.35,9.81,N/D,2560,adsb.lol,2026-10-07
2026-10-07 18:48:10,AUA52TV,44082a,N/D,Sorvolo,N/D,17275,203.62,7.11,N/D,-2112,adsb.lol,2026-10-07
2026-10-07 18:50:26,RYR1YC,4cae48,N/D,Sorvolo,N/D,5425,113.09,11.92,N/D,2240,adsb.lol,2026-10-07
2026-10-07 18:50:26,RYR67MY,4ca6fb,N/D,Sorvolo,N/D,9900,39.3,13.12,N/D,832,adsb.lol,2026-10-07
2026-10-07 18:50:26,ELY281,738059,N/D,Sorvolo,N/D,19750,270.18,6.77,N/D,-1472,adsb.lol,2026-10-07
2026-10-07 18:52:27,RYR67MY,4ca6fb,N/D,Sorvolo,N/D,13475,41.88,11.74,N/D,2944,adsb.lol,2026-10-07
2026-10-07 18:52:27,RYR57ME,4d21ed,N/D,Decollo,Rotta 224.1°,2650,224.08,4.51,N/D,1792,adsb.lol,2026-10-07
2026-10-07 18:52:27,IEI2856,33fe0b,N/D,Sorvolo,N/D,11975,261.09,14.02,N/D,-128,adsb.lol,2026-10-07
2026-10-07 18:52:27,RYR1YC,4cae48,N/D,Sorvolo,N/D,9275,69.06,9.17,N/D,2368,adsb.lol,2026-10-07
2026-10-07 18:54:28,RYR14SC,4d244a,RWY 28,Decollo,Est -> Ovest,1700,255.35,2.66,N/D,2560,adsb.lol,2026-10-07
2026-10-07 18:54:28,IEI2856,33fe0b,N/D,Sorvolo,N/D,11975,260.94,9.31,N/D,-64,adsb.lol,2026-10-07
2026-10-07 18:54:28,RYR57ME,4d21ed,N/D,Sorvolo,N/D,5875,154.82,13.24,N/D,1856,adsb.lol,2026-10-07
2026-10-07 18:56:29,RYR14SC,4d244a,N/D,Sorvolo,N/D,5875,214.33,14.83,N/D,896,adsb.lol,2026-10-07
2026-10-07 19:00:32,RYR7VA,4d222a,N/D,Sorvolo,N/D,18850,116.57,14.57,N/D,2112,adsb.lol,2026-10-07
2026-10-07 19:00:32,EZY63VX,40812d,N/D,Sorvolo,N/D,36000,307.39,13.61,N/D,0,adsb.lol,2026-10-07
2026-10-07 19:00:32,TVF4259,39d30b,N/D,Sorvolo,N/D,38000,286.75,7.11,N/D,-64,adsb.lol,2026-10-07
2026-10-07 19:04:44,KAL927,71c735,N/D,Sorvolo,N/D,24075,270.5,6.27,N/D,-1088,adsb.lol,2026-10-07
2026-10-07 19:04:44,NOS292,4ca8fb,N/D,Sorvolo,N/D,15525,264.47,13.25,N/D,-1728,adsb.lol,2026-10-07
2026-10-07 19:07:05,RYR823H,48c22c,N/D,Sorvolo,N/D,37000,224.28,9.58,N/D,-64,adsb.fi,2026-10-07
2026-10-07 19:07:05,UZB255,507c5f,N/D,Sorvolo,N/D,15425,272.25,6.58,N/D,-1600,adsb.fi,2026-10-07
2026-10-07 19:08:25,RYR9Z,48c2a1,N/D,Sorvolo,N/D,9600,199.36,12.09,N/D,-1280,adsb.fi,2026-10-07
2026-10-07 19:12:29,EXS36PN,4067c4,N/D,Sorvolo,N/D,34000,314.71,12.04,N/D,-64,adsb.lol,2026-10-07
2026-10-07 19:12:29,RYR68QK,4ca4ea,N/D,Decollo,Rotta 224.1°,3450,224.11,5.3,N/D,2624,adsb.lol,2026-10-07
2026-10-07 19:12:29,FDX7,ac30e9,N/D,Sorvolo,N/D,18075,270.15,9.45,N/D,-1984,adsb.lol,2026-10-07
2026-10-07 19:12:29,RYR3EG,48c2a9,N/D,Sorvolo,N/D,37000,228.35,8.71,N/D,0,adsb.lol,2026-10-07
2026-10-07 19:14:34,RYR9Z,48c2a1,N/D,Sorvolo,N/D,2425,285.11,11.6,N/D,-1280,adsb.lol,2026-10-07
2026-10-07 19:16:35,RYR9Z,48c2a1,RWY 28,Atterraggio,Est -> Ovest,1075,284.57,3.79,N/D,-1024,adsb.lol,2026-10-07
2026-10-07 19:18:36,RYR2NJ,4cafc4,N/D,Sorvolo,N/D,2250,284.8,10.68,N/D,-1024,adsb.lol,2026-10-07
2026-10-07 19:20:53,RYR9Z,48c2a1,RWY 28,Atterraggio,Est -> Ovest,750,284.67,1.87,Poland,-576,opensky,2026-10-07
2026-10-07 19:20:53,RYR2NJ,4cafc4,RWY 28,Atterraggio,Est -> Ovest,775,284.98,1.89,Ireland,-576,opensky,2026-10-07
2026-10-07 19:22:55,RYR3RD,4cadbe,N/D,Sorvolo,N/D,38000,40.17,10.8,N/D,0,adsb.lol,2026-10-07
2026-10-07 19:24:57,RYR2NJ,4cafc4,RWY 28,Atterraggio,Est -> Ovest,775,284.98,1.89,Ireland,-576,opensky,2026-10-07
2026-10-07 19:26:58,RYR62MD,4ca808,N/D,Decollo,Rotta 225.0°,3800,225.0,6.09,N/D,2816,adsb.lol,2026-10-07
2026-10-07 19:29:00,RYR540G,4ca704,N/D,Decollo,Rotta 209.2°,3650,209.15,6.7,N/D,1984,adsb.lol,2026-10-07
2026-10-07 19:30:01,RYR13GH,4ca760,RWY 28,Decollo,Est -> Ovest,1300,281.56,1.65,N/D,2496,adsb.lol,2026-10-07
2026-10-07 19:30:01,RYR540G,4ca704,N/D,Sorvolo,N/D,5600,159.56,10.02,N/D,1280,adsb.lol,2026-10-07
2026-10-07 19:32:02,RYR13GH,4ca760,N/D,Sorvolo,N/D,5725,224.18,13.55,N/D,1216,adsb.lol,2026-10-07
2026-10-07 19:32:02,RYR11CV,4ca8db,RWY 28,Avvicinamento,Est -> Ovest,1625,285.22,7.05,N/D,-832,adsb.lol,2026-10-07
2026-10-07 19:34:04,AFR1227,3991ea,N/D,Sorvolo,N/D,36000,273.83,7.41,N/D,0,adsb.lol,2026-10-07
2026-10-07 19:36:14,RYR145Q,4cae4b,N/D,Decollo,Rotta 249.8°,1850,249.79,2.87,N/D,2368,adsb.lol,2026-10-07
2026-10-07 19:38:15,OEGRB,4403ec,N/D,Sorvolo,N/D,12625,121.16,6.47,N/D,-2528,adsb.lol,2026-10-07
2026-10-07 19:38:15,RYR145Q,4cae4b,N/D,Sorvolo,N/D,5225,155.62,11.6,N/D,2048,adsb.lol,2026-10-07
2026-10-07 19:38:15,ENT3PK,489226,N/D,Sorvolo,N/D,38000,31.16,5.54,N/D,64,adsb.lol,2026-10-07
2026-10-07 19:40:17,RYR538B,4d234c,N/D,Decollo,Rotta 223.9°,4000,223.89,7.97,N/D,1984,adsb.lol,2026-10-07
2026-10-07 19:40:17,WZZ4778,4d2090,N/D,Sorvolo,N/D,11750,192.5,14.22,N/D,-1280,adsb.lol,2026-10-07
2026-10-07 19:40:17,TJD402,30048f,N/D,Sorvolo,N/D,16750,212.04,7.74,N/D,-2048,adsb.lol,2026-10-07
2026-10-07 19:40:17,OEGRB,4403ec,N/D,Sorvolo,N/D,7875,156.54,12.9,N/D,-1056,adsb.lol,2026-10-07
2026-10-07 19:42:18,RJA104,744824,N/D,Sorvolo,N/D,21925,94.09,10.51,N/D,1600,adsb.lol,2026-10-07
2026-10-07 19:42:18,WZZ4778,4d2090,N/D,Sorvolo,N/D,10000,192.48,11.86,N/D,-2048,adsb.lol,2026-10-07
2026-10-07 19:44:19,RYR4XK,48c1a8,N/D,Sorvolo,N/D,8400,190.68,11.14,N/D,-1856,adsb.lol,2026-10-07
2026-10-07 19:46:20,RYR91SU,4caa58,N/D,Sorvolo,N/D,12250,200.5,12.18,N/D,-960,adsb.lol,2026-10-07
2026-10-07 19:46:20,OEGRB,4403ec,RWY 28,Atterraggio,Est -> Ovest,1225,284.77,4.45,N/D,-960,adsb.lol,2026-10-07
2026-10-07 19:48:31,WZZ4778,4d2090,N/D,Sorvolo,N/D,3000,285.2,15.0,N/D,-1152,adsb.fi,2026-10-07
2026-10-07 19:50:33,WZZ4778,4d2090,RWY 28,Avvicinamento,Est -> Ovest,1350,284.72,5.17,N/D,-704,adsb.lol,2026-10-07
2026-10-07 19:52:34,RYR4XK,48c1a8,RWY 28,Avvicinamento,Est -> Ovest,1550,284.95,6.57,N/D,-832,adsb.lol,2026-10-07
2026-10-07 19:54:35,AFR1605,39e697,N/D,Sorvolo,N/D,38000,295.51,14.21,N/D,-32,adsb.lol,2026-10-07
2026-10-07 19:54:35,RYR91SU,4caa58,N/D,Sorvolo,N/D,2425,284.91,11.58,N/D,-1024,adsb.lol,2026-10-07
2026-10-07 19:56:39,MASBA,424c9d,N/D,Sorvolo,N/D,8725,201.6,13.87,N/D,-1600,adsb.lol,2026-10-07
2026-10-07 19:56:39,RYR91SU,4caa58,RWY 28,Atterraggio,Est -> Ovest,1075,285.39,3.67,N/D,-704,adsb.lol,2026-10-07
2026-10-07 19:58:40,RYR7743,4ca645,N/D,Sorvolo,N/D,37000,223.88,11.0,N/D,64,adsb.lol,2026-10-07
2026-10-07 19:58:40,HBVBE,4b3792,N/D,Sorvolo,N/D,13550,189.62,12.58,N/D,-1792,adsb.lol,2026-10-07
2026-10-07 20:00:44,HBVBE,4b3792,N/D,Sorvolo,N/D,9825,189.71,13.61,N/D,-1856,adsb.lol,2026-10-07
2026-10-07 20:00:44,AUA379,502d45,N/D,Sorvolo,N/D,31000,222.77,12.39,N/D,64,adsb.lol,2026-10-07
2026-10-07 20:00:44,RYR873M,4d224c,N/D,Sorvolo,N/D,13725,123.26,1.22,N/D,-1216,adsb.lol,2026-10-07
2026-10-07 20:00:44,WMT5AC,4d250b,N/D,Sorvolo,N/D,20550,267.3,8.71,N/D,-1728,adsb.lol,2026-10-07
2026-10-07 20:00:44,RYR7743,4ca645,N/D,Sorvolo,N/D,37000,223.87,14.7,N/D,-32,adsb.lol,2026-10-07
2026-10-07 20:02:45,MASBA,424c9d,RWY 28,Avvicinamento,Est -> Ovest,1600,285.29,6.64,N/D,-672,adsb.lol,2026-10-07
2026-10-07 20:02:45,WMT5AC,4d250b,N/D,Sorvolo,N/D,16725,254.49,12.68,N/D,-1600,adsb.lol,2026-10-07
2026-10-07 20:02:45,RYR873M,4d224c,N/D,Sorvolo,N/D,11625,156.14,14.38,N/D,-1088,adsb.lol,2026-10-07
2026-10-07 20:04:46,RYR49HY,4caeca,N/D,Sorvolo,N/D,2375,284.97,11.39,N/D,-1024,adsb.lol,2026-10-07
2026-10-07 20:04:46,FIN50J,45ab23,N/D,Sorvolo,N/D,20475,83.78,12.38,N/D,2176,adsb.lol,2026-10-07
2026-10-07 20:06:47,TUA446,60183b,N/D,Sorvolo,N/D,18625,114.84,11.51,N/D,704,adsb.lol,2026-10-07
2026-10-07 20:06:47,RYR7GF,4d2216,N/D,Sorvolo,N/D,18950,286.58,1.86,N/D,-2496,adsb.lol,2026-10-07
2026-10-07 20:06:47,RYR49HY,4caeca,RWY 28,Atterraggio,Est -> Ovest,1150,284.73,4.21,N/D,-960,adsb.lol,2026-10-07
2026-10-07 20:06:47,AUA528L,44082a,N/D,Sorvolo,N/D,13000,85.98,11.04,N/D,64,adsb.lol,2026-10-07
2026-10-07 20:08:48,HBVBE,4b3792,RWY 28,Avvicinamento,Est -> Ovest,1550,285.52,6.42,N/D,-800,adsb.lol,2026-10-07
2026-10-07 20:10:50,PAV622,3e232e,N/D,Sorvolo,N/D,2450,284.4,11.14,N/D,-1056,adsb.lol,2026-10-07
2026-10-07 20:10:50,BAW543Q,406a3e,N/D,Sorvolo,N/D,31025,313.76,10.37,N/D,1344,adsb.lol,2026-10-07
2026-10-07 20:12:51,RYR5KU,48c2a1,N/D,Decollo,Rotta 221.6°,2525,221.55,4.49,N/D,2816,adsb.lol,2026-10-07
2026-10-07 20:12:51,PAV622,3e232e,RWY 28,Atterraggio,Est -> Ovest,1150,285.29,3.92,N/D,-768,adsb.lol,2026-10-07
2026-10-07 20:14:52,RYR7UV,4d2217,RWY 28,Avvicinamento,Est -> Ovest,1325,284.91,5.22,N/D,-832,adsb.lol,2026-10-07
2026-10-07 20:14:52,RYR5KU,48c2a1,N/D,Sorvolo,N/D,6700,77.76,11.09,N/D,2304,adsb.lol,2026-10-07
2026-10-07 20:14:52,EZY95ZM,406135,N/D,Sorvolo,N/D,38025,320.51,14.21,N/D,0,adsb.lol,2026-10-07
2026-10-07 20:16:53,RYR5KU,48c2a1,N/D,Sorvolo,N/D,11125,84.2,11.28,N/D,2112,adsb.lol,2026-10-07
2026-10-07 20:16:53,RYR873M,4d224c,N/D,Sorvolo,N/D,2275,284.91,10.41,N/D,-1088,adsb.lol,2026-10-07
2026-10-07 20:18:54,RYR87AA,4caa5f,N/D,Sorvolo,N/D,11700,133.88,11.52,N/D,-1408,adsb.lol,2026-10-07
2026-10-07 20:18:54,RYR873M,4d224c,RWY 28,Atterraggio,Est -> Ovest,1125,284.31,4.03,N/D,-896,adsb.lol,2026-10-07
2026-10-07 20:20:55,RYR87AA,4caa5f,N/D,Sorvolo,N/D,9025,133.92,9.9,N/D,-960,adsb.lol,2026-10-07
2026-10-07 20:22:56,OEGRB,4403ec,N/D,Sorvolo,N/D,9450,224.79,12.11,N/D,3584,adsb.lol,2026-10-07
2026-10-07 20:24:57,RYR18AE,4cafc4,N/D,Decollo,Rotta 240.6°,1875,240.64,3.27,N/D,2240,adsb.lol,2026-10-07
2026-10-07 20:24:57,OEGRB,4403ec,N/D,Sorvolo,N/D,14750,51.97,6.85,N/D,2784,adsb.lol,2026-10-07
2026-10-07 20:24:57,RYR80VE,4cad28,RWY 28,Atterraggio,Est -> Ovest,1250,284.93,4.76,N/D,-832,adsb.lol,2026-10-07
2026-10-07 20:26:58,BTI630,502ce8,N/D,Sorvolo,N/D,17600,81.89,11.56,N/D,1504,adsb.lol,2026-10-07
2026-10-07 20:26:58,RYR87AA,4caa5f,N/D,Sorvolo,N/D,2500,285.03,12.1,N/D,-1024,adsb.lol,2026-10-07
2026-10-07 20:28:59,RYR87AA,4caa5f,RWY 28,Avvicinamento,Est -> Ovest,1350,284.48,5.37,N/D,-832,adsb.lol,2026-10-07
2026-10-07 20:28:59,LOT3PW,48af00,N/D,Sorvolo,N/D,38000,61.04,4.79,N/D,0,adsb.lol,2026-10-07
2026-10-07 20:28:59,RYR54ZU,4ca4ee,N/D,Decollo,Rotta 220.8°,3350,220.84,5.53,N/D,3264,adsb.lol,2026-10-07
2026-10-07 20:28:59,RYR86JJ,4ca8da,N/D,Sorvolo,N/D,12350,139.72,5.31,N/D,-1152,adsb.lol,2026-10-07
2026-10-07 20:31:01,LOT2FE,48adab,N/D,Sorvolo,N/D,17175,81.46,7.96,N/D,1344,adsb.lol,2026-10-07
2026-10-07 20:31:01,RYR86JJ,4ca8da,N/D,Sorvolo,N/D,8950,146.43,13.35,N/D,-896,adsb.lol,2026-10-07
2026-10-07 20:32:02,RYR5WH,4ca8db,N/D,Decollo,Rotta 228.4°,2900,228.45,4.7,N/D,2048,adsb.lol,2026-10-07
2026-10-07 20:32:02,THY90Q,4ba9d2,N/D,Sorvolo,N/D,17850,105.44,14.45,N/D,1984,adsb.lol,2026-10-07
2026-10-07 20:34:03,RYR363E,4caf29,N/D,Sorvolo,N/D,11975,120.96,13.93,N/D,-896,adsb.lol,2026-10-07
2026-10-07 20:36:06,RYR363E,4caf29,N/D,Sorvolo,N/D,9325,144.78,6.52,N/D,-640,adsb.lol,2026-10-07
2026-10-07 20:36:06,RYR86JJ,4ca8da,N/D,Sorvolo,N/D,2925,285.38,14.19,N/D,-960,adsb.lol,2026-10-07
2026-10-07 20:36:06,CCA750,78103a,N/D,Sorvolo,N/D,17900,79.31,5.47,N/D,1472,adsb.lol,2026-10-07
2026-10-07 20:38:07,SSR01BV,30024e,N/D,Decollo,Rotta 234.6°,3875,234.6,7.14,N/D,2432,adsb.lol,2026-10-07
2026-10-07 20:38:07,RYR1PY,4cade3,N/D,Sorvolo,N/D,37000,238.5,8.69,N/D,-32,adsb.lol,2026-10-07
2026-10-07 20:38:07,RYR86JJ,4ca8da,RWY 28,Atterraggio,Est -> Ovest,1275,285.03,4.67,N/D,-768,adsb.lol,2026-10-07
2026-10-07 20:40:09,SSR01BV,30024e,N/D,Sorvolo,N/D,8600,120.55,11.7,N/D,704,adsb.lol,2026-10-07
2026-10-07 20:42:10,RYR45TN,4caa58,N/D,Decollo,Rotta 223.5°,4300,223.52,7.45,N/D,2304,adsb.lol,2026-10-07
2026-10-07 20:42:10,RYR363E,4caf29,N/D,Sorvolo,N/D,2425,285.38,11.64,N/D,-640,adsb.lol,2026-10-07
2026-10-07 20:44:11,RYR363E,4caf29,RWY 28,Avvicinamento,Est -> Ovest,1325,283.22,5.16,N/D,-896,adsb.lol,2026-10-07
2026-10-07 20:44:11,SWR7VB,4b194e,N/D,Sorvolo,N/D,36400,317.39,14.76,N/D,-896,adsb.lol,2026-10-07
2026-10-07 20:46:12,ASL14G,4c0263,N/D,Sorvolo,N/D,19425,260.49,10.24,N/D,-1856,adsb.lol,2026-10-07
2026-10-07 20:48:14,RYR8MA,48c1a8,N/D,Sorvolo,N/D,4850,225.5,10.5,N/D,3136,adsb.lol,2026-10-07
2026-10-07 20:50:15,RYR35ZQ,48c12d,N/D,Sorvolo,N/D,11725,194.39,14.83,N/D,-1024,adsb.lol,2026-10-07
2026-10-07 20:52:16,RYR35ZQ,48c12d,N/D,Sorvolo,N/D,9375,194.83,12.45,N/D,-1792,adsb.lol,2026-10-07
2026-10-07 20:52:16,RYR39BB,48c228,N/D,Sorvolo,N/D,12400,195.06,11.35,N/D,-1216,adsb.lol,2026-10-07
2026-10-07 20:52:16,RYR1WF,4d2248,RWY 28,Avvicinamento,Est -> Ovest,1900,284.48,8.28,N/D,-896,adsb.lol,2026-10-07
2026-10-07 20:54:17,RYR57TF,4d2449,N/D,Sorvolo,N/D,2625,284.82,12.72,N/D,-1024,adsb.lol,2026-10-07
2026-10-07 20:54:17,RYR40QM,4cafb5,N/D,Sorvolo,N/D,13000,121.31,4.85,N/D,64,adsb.lol,2026-10-07
2026-10-07 20:56:25,RYR57TF,4d2449,RWY 28,Avvicinamento,Est -> Ovest,1375,284.47,5.37,N/D,-832,adsb.lol,2026-10-07
2026-10-07 20:56:25,RYR40QM,4cafb5,N/D,Sorvolo,N/D,13000,156.25,11.31,N/D,-64,adsb.lol,2026-10-07
2026-10-07 20:58:26,ITY453,4caefa,N/D,Sorvolo,N/D,21200,211.58,7.99,N/D,-1792,adsb.lol,2026-10-07
2026-10-07 20:58:26,RYR35ZQ,48c12d,RWY 28,Avvicinamento,Est -> Ovest,2050,284.85,9.4,N/D,-960,adsb.lol,2026-10-07
2026-10-07 20:58:26,WMT9TD,471f6e,N/D,Sorvolo,N/D,16850,251.57,14.46,N/D,-2368,adsb.lol,2026-10-07
2026-10-07 21:00:43,RYR39BB,48c228,N/D,Sorvolo,N/D,2650,285.36,12.82,N/D,-960,adsb.fi,2026-10-07
2026-10-07 21:02:44,RYR39BB,48c228,RWY 28,Atterraggio,Est -> Ovest,1275,284.57,4.81,N/D,-832,adsb.lol,2026-10-07
2026-10-07 21:02:44,BAW397,407844,N/D,Sorvolo,N/D,34000,314.56,7.79,N/D,0,adsb.lol,2026-10-07
2026-10-07 21:02:44,AFR52RQ,39bb25,N/D,Sorvolo,N/D,36000,290.95,3.93,N/D,-32,adsb.lol,2026-10-07
2026-10-07 21:04:46,SRR6401,45cf24,RWY 28,Avvicinamento,Est -> Ovest,1950,284.53,8.65,N/D,-768,adsb.lol,2026-10-07
2026-10-07 21:06:52,WZZ5LW,4d2090,N/D,Decollo,Rotta 220.2°,4250,220.24,7.9,N/D,1728,adsb.lol,2026-10-07
2026-10-07 21:06:52,SRR6401,45cf24,RWY 28,Atterraggio,Est -> Ovest,1150,284.35,3.98,N/D,-704,adsb.lol,2026-10-07
2026-10-07 21:06:52,ASL58F,4c0262,N/D,Sorvolo,N/D,34000,277.71,14.88,N/D,0,adsb.lol,2026-10-07
2026-10-07 21:08:53,RYR328T,4caecb,RWY 28,Avvicinamento,Est -> Ovest,1300,284.67,5.09,N/D,-896,adsb.lol,2026-10-07
2026-10-07 21:08:53,WZZ5LW,4d2090,N/D,Sorvolo,N/D,8150,79.29,9.78,N/D,2368,adsb.lol,2026-10-07
2026-10-07 21:10:54,EJU37BL,44064a,N/D,Sorvolo,N/D,17625,80.63,8.89,N/D,2304,adsb.lol,2026-10-07
2026-10-07 21:10:54,NIA221,01028f,RWY 28,Avvicinamento,Est -> Ovest,2175,285.61,9.93,N/D,-768,adsb.lol,2026-10-07
2026-10-07 21:12:56,RYR41LZ,4caeca,N/D,Decollo,Rotta 223.3°,3275,223.29,5.84,N/D,2496,adsb.lol,2026-10-07
2026-10-07 21:12:56,NIA221,01028f,RWY 28,Atterraggio,Est -> Ovest,1250,284.76,4.75,N/D,-768,adsb.lol,2026-10-07
2026-10-07 21:15:15,RYR40QM,4cafb5,RWY 28,Avvicinamento,Est -> Ovest,1350,285.22,5.25,N/D,-768,adsb.lol,2026-10-07
2026-10-07 21:16:16,RYR34FU,4cadbf,N/D,Sorvolo,N/D,3025,285.06,14.99,N/D,-1024,adsb.lol,2026-10-07
2026-10-07 21:16:16,RYR5TJ,4ca847,N/D,Sorvolo,N/D,37000,227.0,8.96,N/D,0,adsb.lol,2026-10-07
2026-10-07 21:18:18,WZZ9ZK,471f31,N/D,Sorvolo,N/D,35100,77.48,9.62,N/D,1920,adsb.lol,2026-10-07
2026-10-07 21:18:18,RYR34FU,4cadbf,RWY 28,Atterraggio,Est -> Ovest,1275,285.22,4.74,N/D,-832,adsb.lol,2026-10-07
2026-10-07 21:20:22,RYR1KW,4d2217,N/D,Sorvolo,N/D,5875,225.72,12.71,N/D,3200,adsb.lol,2026-10-07
2026-10-07 21:20:22,RYR13GV,48c130,N/D,Sorvolo,N/D,17275,273.84,9.5,N/D,-1920,adsb.lol,2026-10-07
2026-10-07 21:22:23,RYR13GV,48c130,N/D,Sorvolo,N/D,14100,253.98,11.73,N/D,-1344,adsb.lol,2026-10-07
2026-10-07 21:22:23,RYR439J,4cad28,N/D,Decollo,Rotta 223.3°,4225,223.3,7.65,N/D,1344,adsb.lol,2026-10-07
2026-10-07 21:24:24,AMQ3Z,488895,N/D,Sorvolo,N/D,15050,213.44,13.03,N/D,-1472,adsb.lol,2026-10-07
2026-10-07 21:26:25,WMT2117,4d250b,N/D,Sorvolo,N/D,21050,84.4,11.85,N/D,2112,adsb.lol,2026-10-07
2026-10-07 21:26:25,AMQ3Z,488895,N/D,Sorvolo,N/D,12400,213.41,7.13,N/D,-1472,adsb.lol,2026-10-07
2026-10-07 21:26:25,RYR21FQ,4d224c,N/D,Sorvolo,N/D,5500,154.73,9.52,N/D,1408,adsb.lol,2026-10-07
2026-10-07 21:26:25,WMT625,4d2430,N/D,Sorvolo,N/D,2825,284.85,13.7,N/D,-1088,adsb.lol,2026-10-07
2026-10-07 21:28:26,NSZ4378,4aca87,N/D,Sorvolo,N/D,21325,84.9,12.31,N/D,2560,adsb.lol,2026-10-07
2026-10-07 21:28:26,RYR81SD,4caa5f,N/D,Decollo,Rotta 223.9°,3800,223.92,7.14,N/D,2560,adsb.lol,2026-10-07
2026-10-07 21:28:26,WMT625,4d2430,RWY 28,Avvicinamento,Est -> Ovest,1375,284.44,5.36,N/D,-704,adsb.lol,2026-10-07
2026-10-07 21:30:28,VCJ93P,4d23fe,N/D,Sorvolo,N/D,43000,320.01,14.94,N/D,-64,adsb.lol,2026-10-07
2026-10-07 21:30:28,RYR81SD,4caa5f,N/D,Sorvolo,N/D,8200,75.61,10.47,N/D,2176,adsb.lol,2026-10-07
2026-10-07 21:30:28,CHZ4996,4d24c0,N/D,Sorvolo,N/D,34050,283.66,8.77,N/D,0,adsb.lol,2026-10-07
2026-10-07 21:32:31,WMT625,4d2430,RWY 28,Atterraggio,Est -> Ovest,775,285.1,1.94,Malta,-704,opensky,2026-10-07
2026-10-07 21:34:38,ASL49U,4c01e0,N/D,Sorvolo,N/D,32000,275.0,12.24,N/D,0,adsb.lol,2026-10-07
2026-10-07 21:34:38,WMT7HK,471db8,RWY 28,Avvicinamento,Est -> Ovest,1650,284.7,6.97,N/D,-704,adsb.lol,2026-10-07
2026-10-07 21:34:38,RYR31XB,4ca8da,RWY 28,Decollo,Est -> Ovest,2150,285.36,3.58,N/D,2496,adsb.lol,2026-10-07
2026-10-07 21:34:38,AUA5UF,440822,N/D,Sorvolo,N/D,13950,211.24,4.18,N/D,-1408,adsb.lol,2026-10-07
2026-10-07 21:34:38,WZZ664,471f04,N/D,Sorvolo,N/D,17900,75.36,8.18,N/D,2304,adsb.lol,2026-10-07
2026-10-07 21:36:39,RYR866B,4ca643,N/D,Sorvolo,N/D,12175,121.24,6.64,N/D,-1792,adsb.lol,2026-10-07
2026-10-07 21:36:39,RYR77UX,4d22b5,N/D,Sorvolo,N/D,8050,157.65,4.81,N/D,-1536,adsb.lol,2026-10-07
2026-10-07 21:36:39,EXS74SN,406ac3,N/D,Sorvolo,N/D,36000,313.46,7.89,N/D,-32,adsb.lol,2026-10-07
2026-10-07 21:38:40,ELY387,738051,N/D,Sorvolo,N/D,21000,273.96,4.93,N/D,32,adsb.lol,2026-10-07
2026-10-07 21:38:40,RYR866B,4ca643,N/D,Sorvolo,N/D,9600,156.77,10.78,N/D,-1088,adsb.lol,2026-10-07
2026-10-07 21:38:40,WMT3135,4d2145,N/D,Sorvolo,N/D,2375,284.8,11.01,N/D,-1024,adsb.lol,2026-10-07
2026-10-07 21:40:41,WMT3135,4d2145,RWY 28,Avvicinamento,Est -> Ovest,1350,284.62,5.2,N/D,-704,adsb.lol,2026-10-07
2026-10-07 21:40:41,RYR306H,4caf29,RWY 28,Decollo,Est -> Ovest,4000,264.51,8.82,N/D,896,adsb.lol,2026-10-07
2026-10-07 21:42:43,RYR77UX,4d22b5,N/D,Sorvolo,N/D,2875,284.89,14.15,N/D,-1152,adsb.lol,2026-10-07
2026-10-07 21:44:48,UZB256,507c5f,N/D,Sorvolo,N/D,19250,106.2,14.47,N/D,1088,adsb.lol,2026-10-07
2026-10-07 21:44:48,RYR77UX,4d22b5,RWY 28,Avvicinamento,Est -> Ovest,1375,284.98,5.29,N/D,-832,adsb.lol,2026-10-07
2026-10-07 21:46:50,RYR866B,4ca643,RWY 28,Avvicinamento,Est -> Ovest,1375,284.93,5.34,N/D,-832,adsb.lol,2026-10-07
2026-10-07 21:46:50,RYR8SQ,4ca702,N/D,Sorvolo,N/D,12325,121.06,11.0,N/D,-768,adsb.lol,2026-10-07
2026-10-07 21:46:50,EFW979Y,406b80,N/D,Sorvolo,N/D,37975,309.98,9.9,N/D,32,adsb.lol,2026-10-07
2026-10-07 21:48:52,ABR176,4caca2,N/D,Sorvolo,N/D,17725,120.96,13.61,N/D,-960,adsb.lol,2026-10-07
2026-10-07 21:48:52,RYR8SQ,4ca702,N/D,Sorvolo,N/D,11200,156.04,6.33,N/D,-640,adsb.lol,2026-10-07
2026-10-07 21:48:52,RYR52MH,4d221f,N/D,Sorvolo,N/D,2475,284.71,11.71,N/D,-1088,adsb.lol,2026-10-07
2026-10-07 21:50:54,RYR52MH,4d221f,RWY 28,Atterraggio,Est -> Ovest,1125,285.32,3.84,N/D,-832,adsb.lol,2026-10-07
2026-10-07 21:50:54,EJU64LG,440073,N/D,Sorvolo,N/D,22375,118.57,11.36,N/D,2240,adsb.lol,2026-10-07
2026-10-07 21:50:54,RYR5RW,4d2248,N/D,Decollo,Rotta 223.7°,3900,223.71,6.82,N/D,3136,adsb.lol,2026-10-07
2026-10-07 21:50:54,WMT4XC,4d20b1,N/D,Sorvolo,N/D,2875,285.04,14.0,N/D,-1088,adsb.lol,2026-10-07
2026-10-07 21:52:55,WMT4XC,4d20b1,RWY 28,Atterraggio,Est -> Ovest,1300,284.96,4.75,N/D,-640,adsb.lol,2026-10-07
2026-10-07 21:55:08,WMT4XC,4d20b1,RWY 28,Atterraggio,Est -> Ovest,800,285.1,1.87,Malta,-639,opensky,2026-10-07
2026-10-07 21:55:08,RYR52MH,4d221f,RWY 28,Atterraggio,Est -> Ovest,775,284.04,1.89,Malta,-639,opensky,2026-10-07
2026-10-07 21:56:13,RYR8SQ,4ca702,RWY 28,Avvicinamento,Est -> Ovest,1975,285.06,8.84,N/D,-960,adsb.lol,2026-10-07
2026-10-07 21:58:24,RYR6MJ,4d21ed,N/D,Sorvolo,N/D,3150,285.38,13.44,N/D,-1600,adsb.lol,2026-10-07
2026-10-07 22:00:40,RYR6MJ,4d21ed,RWY 28,Avvicinamento,Est -> Ovest,1350,284.41,5.24,N/D,-704,adsb.lol,2026-10-07
2026-10-07 22:00:40,RYR9641,4ca4ed,N/D,Sorvolo,N/D,12400,125.91,11.38,N/D,-1920,adsb.lol,2026-10-07
2026-10-07 22:02:45,RYR9641,4ca4ed,N/D,Sorvolo,N/D,9350,156.1,8.98,N/D,-1408,adsb.lol,2026-10-07
2026-10-07 22:02:45,N778B,aa86d8,N/D,Sorvolo,N/D,18075,210.39,7.19,N/D,-1984,adsb.lol,2026-10-07
2026-10-07 22:04:46,RYR477H,4d2449,N/D,Decollo,Rotta 150.6°,4400,150.64,6.92,N/D,768,adsb.lol,2026-10-07
2026-10-07 22:04:46,RYR4163,4cae53,N/D,Sorvolo,N/D,37000,233.68,13.97,N/D,0,adsb.lol,2026-10-07
2026-10-07 22:06:48,RYR4AY,48c228,N/D,Sorvolo,N/D,5150,136.85,7.43,N/D,2816,adsb.lol,2026-10-07
2026-10-07 22:08:50,RYR4AY,48c228,N/D,Sorvolo,N/D,10150,86.07,9.24,N/D,3136,adsb.lol,2026-10-07
2026-10-07 22:08:50,RYR9641,4ca4ed,RWY 28,Avvicinamento,Est -> Ovest,2175,284.95,9.87,N/D,-1024,adsb.lol,2026-10-07
2026-10-07 22:10:54,RYR9641,4ca4ed,RWY 28,Atterraggio,Est -> Ovest,800,284.65,1.97,Ireland,-767,opensky,2026-10-07
2026-10-07 22:12:55,EJU84TJ,4402ae,N/D,Sorvolo,N/D,19375,211.73,14.1,N/D,-1920,adsb.lol,2026-10-07
2026-10-07 22:12:55,TVF3459,39de53,N/D,Sorvolo,N/D,37950,294.14,12.7,N/D,0,adsb.lol,2026-10-07
2026-10-07 22:14:57,EJU84TJ,4402ae,N/D,Sorvolo,N/D,15650,214.98,9.05,N/D,-1792,adsb.lol,2026-10-07
2026-10-07 22:14:57,RYR55WG,48c12d,N/D,Sorvolo,N/D,5825,93.97,6.65,N/D,3008,adsb.lol,2026-10-07
2026-10-07 22:16:58,RYR55WG,48c12d,N/D,Sorvolo,N/D,11775,69.33,12.39,N/D,3712,adsb.lol,2026-10-07
2026-10-07 22:16:58,RYR65HL,4caecb,N/D,Sorvolo,N/D,4700,222.92,10.88,N/D,1152,adsb.lol,2026-10-07
2026-10-07 22:19:12,PAV623,3e232e,N/D,Sorvolo,N/D,9800,290.47,14.62,N/D,3648,adsb.lol,2026-10-07
2026-10-07 22:19:12,RYR45MZ,4cafb5,RWY 28,Decollo,Est -> Ovest,2000,264.83,2.22,N/D,3200,adsb.lol,2026-10-07
2026-10-07 22:20:13,RYR45MZ,4cafb5,N/D,Decollo,Rotta 220.3°,4925,220.3,7.97,N/D,2432,adsb.lol,2026-10-07
2026-10-07 22:22:14,RYR45MZ,4cafb5,N/D,Sorvolo,N/D,10625,67.48,7.45,N/D,2560,adsb.lol,2026-10-07
2026-10-07 22:22:14,RYR5DN,4ca704,RWY 28,Avvicinamento,Est -> Ovest,1675,284.78,7.09,N/D,-832,adsb.lol,2026-10-07
2026-10-07 22:22:14,EJU91WF,4401dc,N/D,Sorvolo,N/D,36000,275.96,11.21,N/D,64,adsb.lol,2026-10-07
2026-10-07 22:24:20,RYR5DN,4ca704,RWY 28,Atterraggio,Est -> Ovest,775,284.74,1.93,Ireland,-895,opensky,2026-10-07
2026-10-07 22:26:32,ASL43N,4c0263,N/D,Sorvolo,N/D,16900,82.07,6.15,N/D,1216,adsb.lol,2026-10-07
2026-10-07 22:28:33,WMT1YY,4d2430,RWY 28,Decollo,Est -> Ovest,1625,276.26,1.66,N/D,2816,adsb.lol,2026-10-07
2026-10-07 22:30:34,OMA144,70c105,N/D,Sorvolo,N/D,17425,106.59,14.9,N/D,1728,adsb.lol,2026-10-07
2026-10-07 22:30:34,NOS3865,4cae05,RWY 28,Avvicinamento,Est -> Ovest,1975,284.76,8.84,N/D,-960,adsb.lol,2026-10-07
2026-10-07 22:30:34,WMT1YY,4d2430,N/D,Sorvolo,N/D,5825,85.83,4.17,N/D,2048,adsb.lol,2026-10-07
2026-10-07 22:32:36,RYR80NQ,48c22b,N/D,Sorvolo,N/D,18700,81.12,14.36,N/D,1920,adsb.lol,2026-10-07
2026-10-07 22:34:37,RYR80NQ,48c22b,N/D,Sorvolo,N/D,20425,81.14,11.92,N/D,2624,adsb.lol,2026-10-07
2026-10-07 22:34:37,WMT2402,4d20f3,N/D,Sorvolo,N/D,19175,269.85,6.2,N/D,-896,adsb.lol,2026-10-07
2026-10-07 22:36:40,NOS3865,4cae05,RWY 28,Atterraggio,Est -> Ovest,775,283.87,1.83,Ireland,-511,opensky,2026-10-07
2026-10-07 22:42:47,RYR5AV,4d22b5,RWY 10,Decollo,Ovest -> Est,4875,83.9,5.22,N/D,1280,adsb.lol,2026-10-07
2026-10-07 22:42:47,WMT2EE,471f6d,N/D,Sorvolo,N/D,30300,89.87,4.33,N/D,1536,adsb.lol,2026-10-07
2026-10-07 22:42:47,EZS19BN,4b1a1d,N/D,Sorvolo,N/D,38000,275.02,11.18,N/D,-64,adsb.lol,2026-10-07
2026-10-07 22:44:49,RYR5AV,4d22b5,N/D,Sorvolo,N/D,9425,71.63,13.62,N/D,3456,adsb.lol,2026-10-07
2026-10-07 22:44:49,EZS19BN,4b1a1d,N/D,Sorvolo,N/D,38025,274.86,14.32,N/D,-64,adsb.lol,2026-10-07
2026-10-07 22:48:56,NIA222,01028f,N/D,Decollo,Rotta 165.9°,3275,165.88,6.02,N/D,1344,adsb.lol,2026-10-07
2026-10-07 22:50:59,NIA222,01028f,N/D,Sorvolo,N/D,6275,88.19,5.93,N/D,768,adsb.lol,2026-10-07
2026-10-07 22:50:59,RYR58BW,4d221f,N/D,Decollo,Rotta 224.3°,4450,224.27,8.3,N/D,2304,adsb.lol,2026-10-07
2026-10-07 22:54:01,TAY7VC,440356,N/D,Sorvolo,N/D,36025,284.69,12.33,N/D,0,adsb.lol,2026-10-07
2026-10-07 22:54:01,RYR26AB,4ca643,N/D,Sorvolo,N/D,7800,204.07,13.19,N/D,3520,adsb.lol,2026-10-07
2026-10-07 22:56:03,RYR77MB,4ca2bf,N/D,Sorvolo,N/D,35550,256.34,5.35,N/D,1152,adsb.lol,2026-10-07
2026-10-07 22:58:09,WMT3136,4d2145,N/D,Decollo,Rotta 227.4°,2925,227.37,4.98,N/D,1152,adsb.lol,2026-10-07
2026-10-07 23:00:45,RYR6RU,4cadc0,N/D,Sorvolo,N/D,11100,156.06,6.0,N/D,-896,adsb.lol,2026-10-07
2026-10-07 23:00:45,RYR99GJ,4ca702,N/D,Decollo,Rotta 168.5°,4000,168.54,7.93,N/D,1984,adsb.lol,2026-10-07
2026-10-07 23:01:46,AZG273,4080f1,N/D,Sorvolo,N/D,18250,261.82,4.85,N/D,-1664,adsb.lol,2026-10-07
2026-10-07 23:01:46,RYR6RU,4cadc0,N/D,Sorvolo,N/D,10050,154.96,14.22,N/D,-1920,adsb.lol,2026-10-07
2026-10-07 23:01:46,RYR99GJ,4ca702,N/D,Sorvolo,N/D,5450,232.62,9.66,N/D,832,adsb.lol,2026-10-07
2026-10-07 23:02:48,AZG273,4080f1,N/D,Sorvolo,N/D,16525,259.77,8.02,N/D,-1920,adsb.lol,2026-10-07
2026-10-07 23:07:11,RYR6RU,4cadc0,RWY 28,Avvicinamento,Est -> Ovest,2150,284.71,9.72,N/D,-1088,adsb.lol,2026-10-07
2026-10-07 23:07:11,BCS7515,440bc5,N/D,Sorvolo,N/D,19225,286.61,14.56,N/D,2304,adsb.lol,2026-10-07
2026-10-07 23:08:12,BCS7515,440bc5,N/D,Sorvolo,N/D,21800,286.6,7.31,N/D,2496,adsb.lol,2026-10-07
2026-10-07 23:08:12,RYR6RU,4cadc0,RWY 28,Avvicinamento,Est -> Ovest,1325,284.7,5.06,N/D,-768,adsb.lol,2026-10-07
2026-10-07 23:09:13,BCS7515,440bc5,N/D,Sorvolo,N/D,25075,286.49,14.25,N/D,2880,adsb.lol,2026-10-07
2026-10-07 23:10:16,RYR6RU,4cadc0,RWY 28,Atterraggio,Est -> Ovest,775,284.33,1.83,Ireland,-639,opensky,2026-10-07
2026-10-07 23:11:23,RYR6RU,4cadc0,RWY 28,Atterraggio,Est -> Ovest,775,284.33,1.83,Ireland,-639,opensky,2026-10-07
2026-10-07 23:12:26,RYR9VR,4d21ed,RWY 10,Decollo,Ovest -> Est,875,105.13,1.31,Malta,1791,opensky,2026-10-07
2026-10-07 23:12:26,RYR6RU,4cadc0,RWY 28,Atterraggio,Est -> Ovest,775,284.33,1.83,Ireland,-639,opensky,2026-10-07
2026-10-07 23:13:29,RYR9VR,4d21ed,N/D,Decollo,Rotta 193.4°,3225,193.39,7.74,N/D,2496,adsb.lol,2026-10-07
2026-10-07 23:14:30,UNKNOWN,4d20b1,RWY 10,Decollo,Ovest -> Est,1600,105.12,1.76,N/D,3712,adsb.lol,2026-10-07
2026-10-07 23:14:30,RYR9VR,4d21ed,N/D,Sorvolo,N/D,5850,196.08,9.88,N/D,2048,adsb.lol,2026-10-07
2026-10-07 23:15:33,WMT994,4d20b1,N/D,Decollo,Rotta 167.6°,4625,167.61,7.61,N/D,3904,adsb.lol,2026-10-07
2026-10-07 23:16:34,WMT994,4d20b1,N/D,Sorvolo,N/D,8325,265.3,8.43,N/D,3840,adsb.lol,2026-10-07
2026-10-07 23:17:36,WMT994,4d20b1,N/D,Sorvolo,N/D,11100,293.79,8.35,N/D,2624,adsb.lol,2026-10-07
2026-10-07 23:17:36,SRR6401,45cf24,RWY 10,Decollo,Ovest -> Est,3050,119.83,5.61,N/D,896,adsb.lol,2026-10-07
2026-10-07 23:18:37,SRR6401,45cf24,N/D,Decollo,Rotta 232.4°,4975,232.42,8.69,N/D,2752,adsb.lol,2026-10-07
2026-10-07 23:18:37,WMT994,4d20b1,N/D,Sorvolo,N/D,14175,290.22,14.51,N/D,2816,adsb.lol,2026-10-07
2026-10-07 23:19:42,SRR6401,45cf24,N/D,Sorvolo,N/D,8325,241.29,12.72,N/D,2432,adsb.lol,2026-10-07
2026-10-07 23:20:43,WMT994,4d20b1,N/D,Sorvolo,N/D,18750,113.04,11.06,N/D,2176,adsb.lol,2026-10-07
2026-10-07 23:21:50,WMT994,4d20b1,N/D,Sorvolo,N/D,20875,117.71,3.07,N/D,1408,adsb.lol,2026-10-07
2026-10-07 23:22:51,WMT994,4d20b1,N/D,Sorvolo,N/D,22800,116.16,13.18,N/D,1152,adsb.lol,2026-10-07
2026-10-07 23:25:57,RYR7CE,4d234c,N/D,Sorvolo,N/D,3025,285.83,14.87,N/D,-1152,adsb.lol,2026-10-07
2026-10-07 23:26:58,RYR7CE,4d234c,RWY 28,Avvicinamento,Est -> Ovest,2025,285.13,9.01,N/D,-768,adsb.lol,2026-10-07
2026-10-07 23:27:59,RYR7CE,4d234c,RWY 28,Atterraggio,Est -> Ovest,1300,284.91,4.87,N/D,-896,adsb.lol,2026-10-07
2026-10-07 23:29:02,RYR7CE,4d234c,RWY 28,Atterraggio,Est -> Ovest,1100,285.0,3.68,N/D,0,adsb.lol,2026-10-07
2026-10-07 23:30:03,THY6AM,4bb26c,N/D,Sorvolo,N/D,17775,252.34,12.44,N/D,-1664,adsb.lol,2026-10-07
2026-10-07 23:31:04,THY6AM,4bb26c,N/D,Sorvolo,N/D,14900,252.42,13.54,N/D,-2944,adsb.lol,2026-10-07
2026-10-07 23:32:06,RYR7CE,4d234c,RWY 28,Atterraggio,Est -> Ovest,775,284.7,1.96,Malta,-639,opensky,2026-10-07
2026-10-07 23:33:07,WMT1FE,471db8,RWY 10,Decollo,Ovest -> Est,2175,105.71,3.32,N/D,3072,adsb.lol,2026-10-07
2026-10-07 23:34:08,WMT1FE,471db8,N/D,Decollo,Rotta 220.9°,4325,220.91,6.92,N/D,1536,adsb.lol,2026-10-07
2026-10-07 23:35:09,WMT1FE,471db8,N/D,Sorvolo,N/D,7325,185.1,9.84,N/D,4608,adsb.lol,2026-10-07
2026-10-07 23:35:09,RYR63AB,4ca4ed,RWY 10,Decollo,Ovest -> Est,2100,104.91,3.55,N/D,2816,adsb.lol,2026-10-07
2026-10-07 23:36:10,RYR63AB,4ca4ed,N/D,Decollo,Rotta 213.2°,4100,213.19,8.17,N/D,3840,adsb.lol,2026-10-07
2026-10-07 23:37:11,RYR63AB,4ca4ed,N/D,Sorvolo,N/D,6625,233.03,10.25,N/D,2112,adsb.lol,2026-10-07
2026-10-07 23:37:11,DHX752,8940bf,N/D,Sorvolo,N/D,21875,86.3,11.41,N/D,2368,adsb.lol,2026-10-07
2026-10-07 23:40:18,RYR63AB,4ca4ed,N/D,Sorvolo,N/D,14550,0.99,12.83,N/D,960,adsb.lol,2026-10-07
2026-10-07 23:41:19,RYR765L,4caa58,N/D,Sorvolo,N/D,2425,284.61,11.32,N/D,-1088,adsb.lol,2026-10-07
2026-10-07 23:41:19,RYR63AB,4ca4ed,N/D,Sorvolo,N/D,16575,0.15,14.34,N/D,1856,adsb.lol,2026-10-07
2026-10-07 23:42:20,RYR765L,4caa58,RWY 28,Avvicinamento,Est -> Ovest,1500,285.12,5.96,N/D,-768,adsb.lol,2026-10-07
2026-10-07 23:43:21,RYR765L,4caa58,RWY 28,Atterraggio,Est -> Ovest,1125,284.42,3.81,N/D,-704,adsb.lol,2026-10-07
2026-10-07 23:44:22,RYR9YF,4ca760,N/D,Sorvolo,N/D,2500,284.51,11.75,N/D,-960,adsb.lol,2026-10-07
2026-10-07 23:45:23,RYR9YF,4ca760,RWY 28,Avvicinamento,Est -> Ovest,1600,284.46,6.61,N/D,-832,adsb.lol,2026-10-07
2026-10-07 23:46:24,RYR2YN,4d2214,N/D,Sorvolo,N/D,10650,113.11,13.91,N/D,-1792,adsb.lol,2026-10-07
2026-10-07 23:46:24,RYR9YF,4ca760,RWY 28,Atterraggio,Est -> Ovest,1300,284.78,4.9,N/D,-832,adsb.lol,2026-10-07
2026-10-07 23:47:25,RYR2YN,4d2214,N/D,Sorvolo,N/D,9400,113.17,9.74,N/D,-1472,adsb.lol,2026-10-07
2026-10-07 23:48:26,RYR2YN,4d2214,N/D,Sorvolo,N/D,8050,112.93,13.21,N/D,-768,adsb.lol,2026-10-07
2026-10-07 23:49:27,BCS943,451dbd,N/D,Sorvolo,N/D,18375,252.14,14.05,N/D,-2048,adsb.lol,2026-10-07
2026-10-07 23:50:28,BCS943,451dbd,N/D,Sorvolo,N/D,16325,252.53,12.86,N/D,-1920,adsb.lol,2026-10-07
2026-10-07 23:51:30,RYR9YF,4ca760,RWY 28,Atterraggio,Est -> Ovest,775,284.62,1.84,Ireland,-639,opensky,2026-10-07
2026-10-07 23:53:34,RYR2YN,4d2214,N/D,Sorvolo,N/D,2250,284.63,10.23,N/D,-1024,adsb.lol,2026-10-07
2026-10-07 23:54:35,RYR2YN,4d2214,RWY 28,Avvicinamento,Est -> Ovest,1375,284.44,5.39,N/D,-768,adsb.lol,2026-10-07
2026-10-07 23:55:36,RYR2YN,4d2214,RWY 28,Atterraggio,Est -> Ovest,1275,284.55,4.83,N/D,-768,adsb.lol,2026-10-07
2026-10-07 23:56:38,EJU12HZ,440614,N/D,Sorvolo,N/D,22425,270.16,11.45,N/D,-2048,adsb.lol,2026-10-07
2026-10-07 23:57:39,EJU12HZ,440614,N/D,Sorvolo,N/D,20800,270.16,2.29,N/D,-2432,adsb.lol,2026-10-07
2026-10-07 23:58:39,EJU12HZ,440614,N/D,Sorvolo,N/D,17175,250.46,12.33,N/D,-3648,adsb.lol,2026-10-07
2026-10-07 23:59:42,RYR2YN,4d2214,RWY 28,Atterraggio,Est -> Ovest,775,284.93,1.87,Malta,-576,opensky,2026-10-07
