timestamp,callsign,icao24,pista,fase_volo,direzione,quota_ft,rotta_deg,distanza_km,paese,baro_rate,fonte,sessione_notturna
2026-10-08 00:00:43,WZZ6255,471fa3,N/D,Sorvolo,N/D,2350,285.13,10.81,N/D,-896,adsb.lol,2026-10-08
2026-10-08 00:01:45,WZZ6255,471fa3,RWY 28,Avvicinamento,Est -> Ovest,1600,285.29,6.44,N/D,-640,adsb.lol,2026-10-08
2026-10-08 00:02:46,WZZ6255,471fa3,RWY 28,Atterraggio,Est -> Ovest,1175,285.18,4.03,N/D,-704,adsb.lol,2026-10-08
2026-10-08 00:02:46,RYR29CD,4cad28,N/D,Sorvolo,N/D,2950,285.13,14.33,N/D,-1152,adsb.lol,2026-10-08
2026-10-08 00:03:47,RYR29CD,4cad28,RWY 28,Avvicinamento,Est -> Ovest,1900,285.81,8.31,N/D,-832,adsb.lol,2026-10-08
2026-10-08 00:04:48,RYR29CD,4cad28,RWY 28,Atterraggio,Est -> Ovest,1275,284.62,4.77,N/D,-768,adsb.lol,2026-10-08
2026-10-08 00:05:50,WZZ6255,471fa3,RWY 28,Atterraggio,Est -> Ovest,775,285.33,1.88,Hungary,-704,opensky,2026-10-08
2026-10-08 00:05:50,RYR29CD,4cad28,RWY 28,Atterraggio,Est -> Ovest,775,284.52,1.85,Ireland,-511,opensky,2026-10-08
2026-10-08 00:06:53,RYR29CD,4cad28,RWY 28,Atterraggio,Est -> Ovest,775,284.52,1.85,Ireland,-511,opensky,2026-10-08
2026-10-08 00:06:53,WZZ6255,471fa3,RWY 28,Atterraggio,Est -> Ovest,775,285.33,1.88,Hungary,-704,opensky,2026-10-08
2026-10-08 00:07:55,WZZ6255,471fa3,RWY 28,Atterraggio,Est -> Ovest,775,285.33,1.88,Hungary,-704,opensky,2026-10-08
2026-10-08 00:07:55,RYR29CD,4cad28,RWY 28,Atterraggio,Est -> Ovest,775,284.52,1.85,Ireland,-511,opensky,2026-10-08
2026-10-08 00:08:58,RYR29CD,4cad28,RWY 28,Atterraggio,Est -> Ovest,775,284.52,1.85,Ireland,-511,opensky,2026-10-08
2026-10-08 00:09:59,EJU48FL,4401e9,N/D,Sorvolo,N/D,22550,270.83,9.53,N/D,-768,adsb.lol,2026-10-08
2026-10-08 00:11:00,RYR3EB,4cadc0,RWY 10,Decollo,Ovest -> Est,1475,107.18,2.93,N/D,2816,adsb.lol,2026-10-08
2026-10-08 00:11:00,EJU48FL,4401e9,N/D,Sorvolo,N/D,21500,270.75,2.48,N/D,-1600,adsb.lol,2026-10-08
2026-10-08 00:12:01,EJU48FL,4401e9,N/D,Sorvolo,N/D,19925,270.19,10.69,N/D,-1280,adsb.lol,2026-10-08
2026-10-08 00:12:01,RYR3EB,4cadc0,N/D,Decollo,Rotta 204.7°,3400,204.7,7.53,N/D,2048,adsb.lol,2026-10-08
2026-10-08 00:13:02,RYR3EB,4cadc0,N/D,Sorvolo,N/D,6075,233.51,9.23,N/D,2688,adsb.lol,2026-10-08
2026-10-08 00:14:04,RYR3EB,4cadc0,N/D,Sorvolo,N/D,9050,275.64,13.1,N/D,2752,adsb.lol,2026-10-08
2026-10-08 00:17:10,RYR97ED,4caeca,N/D,Sorvolo,N/D,2250,284.71,10.22,N/D,-896,adsb.lol,2026-10-08
2026-10-08 00:18:11,RYR97ED,4caeca,RWY 28,Avvicinamento,Est -> Ovest,1400,284.8,5.43,N/D,-768,adsb.lol,2026-10-08
2026-10-08 00:19:12,RYR97ED,4caeca,RWY 28,Atterraggio,Est -> Ovest,1300,285.01,4.92,N/D,-768,adsb.lol,2026-10-08
2026-10-08 00:20:14,RYR97ED,4caeca,RWY 28,Atterraggio,Est -> Ovest,775,285.11,1.85,Ireland,-511,opensky,2026-10-08
2026-10-08 00:21:17,RYR97ED,4caeca,RWY 28,Atterraggio,Est -> Ovest,775,285.11,1.85,Ireland,-511,opensky,2026-10-08
2026-10-08 00:22:18,RYR7RD,4ca8db,N/D,Sorvolo,N/D,2850,285.1,13.83,N/D,-896,adsb.lol,2026-10-08
2026-10-08 00:22:18,RYR916R,4cae48,N/D,Sorvolo,N/D,9975,200.36,12.55,N/D,-1792,adsb.lol,2026-10-08
2026-10-08 00:23:19,DHK7017,400664,N/D,Sorvolo,N/D,32850,326.8,14.6,N/D,1280,adsb.lol,2026-10-08
2026-10-08 00:23:19,RYR916R,4cae48,N/D,Sorvolo,N/D,8050,200.43,13.51,N/D,-1984,adsb.lol,2026-10-08
2026-10-08 00:23:19,RYR7RD,4ca8db,RWY 28,Avvicinamento,Est -> Ovest,1850,285.02,8.03,N/D,-896,adsb.lol,2026-10-08
2026-10-08 00:24:20,RYR7RD,4ca8db,RWY 28,Atterraggio,Est -> Ovest,1150,283.94,4.09,N/D,-832,adsb.lol,2026-10-08
2026-10-08 00:25:21,BCS4HG,440bcf,N/D,Sorvolo,N/D,20050,75.53,12.65,N/D,2176,adsb.lol,2026-10-08
2026-10-08 00:26:22,BCS4HG,440bcf,N/D,Sorvolo,N/D,22175,75.48,10.26,N/D,1984,adsb.lol,2026-10-08
2026-10-08 00:27:25,RYR7RD,4ca8db,RWY 28,Atterraggio,Est -> Ovest,775,284.83,1.88,Ireland,-576,opensky,2026-10-08
2026-10-08 00:28:26,RYR916R,4cae48,N/D,Sorvolo,N/D,2650,285.0,12.56,N/D,-1088,adsb.lol,2026-10-08
2026-10-08 00:29:27,RYR916R,4cae48,RWY 28,Avvicinamento,Est -> Ovest,1650,284.98,6.95,N/D,-896,adsb.lol,2026-10-08
2026-10-08 00:30:28,RYR916R,4cae48,RWY 28,Avvicinamento,Est -> Ovest,1350,285.01,5.07,N/D,-704,adsb.lol,2026-10-08
2026-10-08 00:31:30,RYR916R,4cae48,RWY 28,Atterraggio,Est -> Ovest,775,285.01,1.87,Ireland,-511,opensky,2026-10-08
2026-10-08 00:32:33,RYR916R,4cae48,RWY 28,Atterraggio,Est -> Ovest,775,285.01,1.87,Ireland,-511,opensky,2026-10-08
2026-10-08 00:33:34,CMS637,5140bc,N/D,Sorvolo,N/D,38000,76.41,3.24,N/D,-64,adsb.lol,2026-10-08
2026-10-08 00:34:35,CMS637,5140bc,N/D,Sorvolo,N/D,38000,76.7,13.2,N/D,0,adsb.lol,2026-10-08
2026-10-08 00:35:36,EJU18KV,440352,N/D,Sorvolo,N/D,21575,291.15,11.33,N/D,-1216,adsb.lol,2026-10-08
2026-10-08 00:36:37,EJU18KV,440352,N/D,Sorvolo,N/D,20600,291.21,4.24,N/D,-1024,adsb.lol,2026-10-08
2026-10-08 00:37:38,EJU18KV,440352,N/D,Sorvolo,N/D,19350,269.81,11.83,N/D,-2048,adsb.lol,2026-10-08
2026-10-08 00:41:46,ABR177,4caca2,N/D,Sorvolo,N/D,15225,316.15,9.14,N/D,704,adsb.lol,2026-10-08
2026-10-08 00:42:47,ABR177,4caca2,N/D,Sorvolo,N/D,16200,316.2,2.64,N/D,960,adsb.lol,2026-10-08
2026-10-08 00:43:48,RYR8HM,4d244a,N/D,Sorvolo,N/D,2675,284.97,12.71,N/D,-1088,adsb.lol,2026-10-08
2026-10-08 00:43:48,ABR177,4caca2,N/D,Sorvolo,N/D,16650,316.5,4.07,N/D,256,adsb.lol,2026-10-08
2026-10-08 00:44:49,RYR8HM,4d244a,RWY 28,Avvicinamento,Est -> Ovest,1625,285.02,6.68,N/D,-896,adsb.lol,2026-10-08
2026-10-08 00:44:49,ABR177,4caca2,N/D,Sorvolo,N/D,17125,316.64,10.99,N/D,768,adsb.lol,2026-10-08
2026-10-08 00:44:49,WMT3YZ,4d24b5,N/D,Sorvolo,N/D,22775,285.71,11.94,N/D,-1088,adsb.lol,2026-10-08
2026-10-08 00:45:50,WMT3YZ,4d24b5,N/D,Sorvolo,N/D,21650,285.39,3.84,N/D,-1984,adsb.lol,2026-10-08
2026-10-08 00:45:50,RYR8HM,4d244a,RWY 28,Atterraggio,Est -> Ovest,1125,285.08,3.81,N/D,-832,adsb.lol,2026-10-08
2026-10-08 00:46:51,WMT3YZ,4d24b5,N/D,Sorvolo,N/D,20475,268.87,10.28,N/D,-1024,adsb.lol,2026-10-08
2026-10-08 00:47:52,RYR9MV,4d224c,N/D,Sorvolo,N/D,2350,284.79,10.85,N/D,-960,adsb.lol,2026-10-08
2026-10-08 00:48:53,RYR9MV,4d224c,RWY 28,Avvicinamento,Est -> Ovest,1500,284.62,5.95,N/D,-768,adsb.lol,2026-10-08
2026-10-08 00:49:54,RYR9MV,4d224c,RWY 28,Atterraggio,Est -> Ovest,1300,285.01,4.77,N/D,-576,adsb.lol,2026-10-08
2026-10-08 00:50:56,RYR9MV,4d224c,RWY 28,Atterraggio,Est -> Ovest,775,284.93,1.91,Malta,-639,opensky,2026-10-08
2026-10-08 00:50:56,RYR8HM,4d244a,RWY 28,Atterraggio,Est -> Ovest,775,284.7,1.87,Malta,-639,opensky,2026-10-08
2026-10-08 00:51:59,RYR9MV,4d224c,RWY 28,Atterraggio,Est -> Ovest,775,284.93,1.91,Malta,-639,opensky,2026-10-08
2026-10-08 00:53:02,RYR9MV,4d224c,RWY 28,Atterraggio,Est -> Ovest,775,284.93,1.91,Malta,-639,opensky,2026-10-08
2026-10-08 00:54:03,RYR4YW,4d2214,N/D,Decollo,Rotta 139.8°,4025,139.76,6.4,N/D,2816,adsb.lol,2026-10-08
2026-10-08 00:55:05,RYR4YW,4d2214,N/D,Sorvolo,N/D,6700,249.09,8.23,N/D,1920,adsb.lol,2026-10-08
2026-10-08 00:55:05,RYR84RP,4caa5f,N/D,Sorvolo,N/D,12675,187.37,10.32,N/D,-896,adsb.lol,2026-10-08
2026-10-08 00:56:06,RYR84RP,4caa5f,N/D,Sorvolo,N/D,11350,190.2,9.88,N/D,-1280,adsb.lol,2026-10-08
2026-10-08 00:56:06,RYR4YW,4d2214,N/D,Sorvolo,N/D,9775,285.45,8.5,N/D,3648,adsb.lol,2026-10-08
2026-10-08 00:57:07,RYR84RP,4caa5f,N/D,Sorvolo,N/D,9800,183.95,14.84,N/D,-1280,adsb.lol,2026-10-08
2026-10-08 00:59:10,RYR58SV,4cae49,N/D,Sorvolo,N/D,2850,285.0,13.67,N/D,-1088,adsb.lol,2026-10-08
2026-10-08 01:00:11,RYR58SV,4cae49,RWY 28,Avvicinamento,Est -> Ovest,1825,284.55,7.91,N/D,-832,adsb.lol,2026-10-08
2026-10-08 01:01:12,RYR58SV,4cae49,RWY 28,Atterraggio,Est -> Ovest,1275,284.42,4.77,N/D,-768,adsb.lol,2026-10-08
2026-10-08 01:02:13,RYR84RP,4caa5f,N/D,Sorvolo,N/D,2550,285.07,12.01,N/D,-1088,adsb.lol,2026-10-08
2026-10-08 01:02:13,RYR307R,4ca6fb,N/D,Sorvolo,N/D,14225,194.8,13.7,N/D,-1216,adsb.lol,2026-10-08
2026-10-08 01:03:19,RYR84RP,4caa5f,RWY 28,Avvicinamento,Est -> Ovest,1575,285.89,6.44,N/D,-768,adsb.lol,2026-10-08
2026-10-08 01:03:19,RYR307R,4ca6fb,N/D,Sorvolo,N/D,13000,186.19,7.79,N/D,-512,adsb.lol,2026-10-08
2026-10-08 01:04:20,RYR307R,4ca6fb,N/D,Sorvolo,N/D,11700,181.16,9.34,N/D,-1600,adsb.lol,2026-10-08
2026-10-08 01:04:20,RYR84RP,4caa5f,RWY 28,Atterraggio,Est -> Ovest,1225,284.43,4.47,N/D,-768,adsb.lol,2026-10-08
2026-10-08 01:05:21,RYR84GY,4cae4b,N/D,Sorvolo,N/D,2550,284.93,12.06,N/D,-1024,adsb.lol,2026-10-08
2026-10-08 01:06:22,RYR84GY,4cae4b,RWY 28,Avvicinamento,Est -> Ovest,1725,285.26,7.29,N/D,-768,adsb.lol,2026-10-08
2026-10-08 01:07:23,RYR84GY,4cae4b,RWY 28,Atterraggio,Est -> Ovest,1250,285.22,4.57,N/D,-768,adsb.lol,2026-10-08
2026-10-08 01:08:25,RYR84RP,4caa5f,RWY 28,Atterraggio,Est -> Ovest,775,284.33,1.87,Ireland,-448,opensky,2026-10-08
2026-10-08 01:08:25,RYR84GY,4cae4b,RWY 28,Atterraggio,Est -> Ovest,800,285.01,2.0,Ireland,-576,opensky,2026-10-08
2026-10-08 01:09:28,RYR84GY,4cae4b,RWY 28,Atterraggio,Est -> Ovest,800,285.01,2.0,Ireland,-576,opensky,2026-10-08
2026-10-08 01:09:28,RYR84RP,4caa5f,RWY 28,Atterraggio,Est -> Ovest,775,284.33,1.87,Ireland,-448,opensky,2026-10-08
2026-10-08 01:10:29,MASBA,424c9d,RWY 10,Decollo,Ovest -> Est,2175,104.13,2.18,N/D,4448,adsb.lol,2026-10-08
2026-10-08 01:11:30,MASBA,424c9d,N/D,Decollo,Rotta 190.2°,4600,190.23,7.29,N/D,3296,adsb.lol,2026-10-08
2026-10-08 01:12:31,MASBA,424c9d,N/D,Sorvolo,N/D,7750,225.35,9.67,N/D,3040,adsb.lol,2026-10-08
2026-10-08 01:12:31,WZZ6579,471fa3,RWY 10,Decollo,Ovest -> Est,2525,119.31,5.78,N/D,832,adsb.lol,2026-10-08
2026-10-08 01:13:32,WZZ6579,471fa3,N/D,Decollo,Rotta 233.8°,4950,233.85,8.57,N/D,3712,adsb.lol,2026-10-08
2026-10-08 01:14:33,WZZ6579,471fa3,N/D,Sorvolo,N/D,7900,183.1,13.18,N/D,2816,adsb.lol,2026-10-08
2026-10-08 01:17:39,RYR307R,4ca6fb,N/D,Sorvolo,N/D,2575,284.79,12.13,N/D,-1152,adsb.lol,2026-10-08
2026-10-08 01:18:40,RYR307R,4ca6fb,RWY 28,Avvicinamento,Est -> Ovest,1600,284.98,6.53,N/D,-832,adsb.lol,2026-10-08
2026-10-08 01:19:41,RYR307R,4ca6fb,RWY 28,Atterraggio,Est -> Ovest,1125,285.12,3.82,N/D,-832,adsb.lol,2026-10-08
2026-10-08 01:20:42,RYR87RR,4ca702,RWY 28,Avvicinamento,Est -> Ovest,2200,285.23,9.93,N/D,-960,adsb.lol,2026-10-08
2026-10-08 01:21:43,RYR87RR,4ca702,RWY 28,Atterraggio,Est -> Ovest,1300,284.57,4.77,N/D,-704,adsb.lol,2026-10-08
2026-10-08 01:22:45,RYR307R,4ca6fb,RWY 28,Atterraggio,Est -> Ovest,800,285.15,1.89,Ireland,-704,opensky,2026-10-08
2026-10-08 01:22:45,RYR87RR,4ca702,RWY 28,Atterraggio,Est -> Ovest,775,284.78,1.91,Ireland,-704,opensky,2026-10-08
2026-10-08 01:23:48,RYR307R,4ca6fb,RWY 28,Atterraggio,Est -> Ovest,800,285.15,1.89,Ireland,-704,opensky,2026-10-08
2026-10-08 01:23:48,RYR87RR,4ca702,RWY 28,Atterraggio,Est -> Ovest,775,284.78,1.91,Ireland,-704,opensky,2026-10-08
2026-10-08 01:24:51,RYR307R,4ca6fb,RWY 28,Atterraggio,Est -> Ovest,800,285.15,1.89,Ireland,-704,opensky,2026-10-08
2026-10-08 01:24:51,RYR87RR,4ca702,RWY 28,Atterraggio,Est -> Ovest,775,284.78,1.91,Ireland,-704,opensky,2026-10-08
2026-10-08 01:25:52,RYR32TE,4d21ed,N/D,Sorvolo,N/D,2900,284.82,14.02,N/D,-1024,adsb.lol,2026-10-08
2026-10-08 01:26:53,RYR32TE,4d21ed,RWY 28,Avvicinamento,Est -> Ovest,1925,284.74,8.42,N/D,-832,adsb.lol,2026-10-08
2026-10-08 01:27:53,RYR32TE,4d21ed,RWY 28,Atterraggio,Est -> Ovest,1300,284.77,4.77,N/D,-704,adsb.lol,2026-10-08
2026-10-08 01:28:57,RYR32TE,4d21ed,RWY 28,Atterraggio,Est -> Ovest,800,284.14,1.83,Malta,-448,opensky,2026-10-08
2026-10-08 01:30:00,RYR32TE,4d21ed,RWY 28,Atterraggio,Est -> Ovest,800,284.14,1.83,Malta,-448,opensky,2026-10-08
2026-10-08 01:31:02,RYR32TE,4d21ed,RWY 28,Atterraggio,Est -> Ovest,800,284.14,1.83,Malta,-448,opensky,2026-10-08
2026-10-08 01:32:05,RYR32TE,4d21ed,RWY 28,Atterraggio,Est -> Ovest,800,284.14,1.83,Malta,-448,opensky,2026-10-08
2026-10-08 01:33:08,RYR32TE,4d21ed,RWY 28,Atterraggio,Est -> Ovest,800,284.14,1.83,Malta,-448,opensky,2026-10-08
2026-10-08 01:38:19,RYR7PV,4d227d,RWY 28,Avvicinamento,Est -> Ovest,2175,284.69,9.71,N/D,-832,adsb.lol,2026-10-08
2026-10-08 01:39:20,RYR7PV,4d227d,RWY 28,Avvicinamento,Est -> Ovest,1350,284.62,5.11,N/D,-832,adsb.lol,2026-10-08
2026-10-08 01:40:21,RYR92XY,4ca4ee,N/D,Sorvolo,N/D,2675,285.12,12.54,N/D,-1088,adsb.lol,2026-10-08
2026-10-08 01:40:21,RYR7PV,4d227d,RWY 28,Atterraggio,Est -> Ovest,1100,285.11,3.65,N/D,-704,adsb.lol,2026-10-08
2026-10-08 01:41:22,RYR92XY,4ca4ee,RWY 28,Avvicinamento,Est -> Ovest,1725,285.12,7.08,N/D,-768,adsb.lol,2026-10-08
2026-10-08 01:42:23,RYR92XY,4ca4ee,RWY 28,Atterraggio,Est -> Ovest,1250,284.42,4.47,N/D,-768,adsb.lol,2026-10-08
2026-10-08 01:43:24,RYR14AU,4d2217,N/D,Sorvolo,N/D,2325,284.68,10.64,N/D,-896,adsb.lol,2026-10-08
2026-10-08 01:44:25,RYR14AU,4d2217,RWY 28,Avvicinamento,Est -> Ovest,1475,284.7,5.72,N/D,-832,adsb.lol,2026-10-08
2026-10-08 01:45:26,RYR14AU,4d2217,RWY 28,Atterraggio,Est -> Ovest,1250,284.72,4.47,N/D,-768,adsb.lol,2026-10-08
2026-10-08 01:46:28,RYR92XY,4ca4ee,RWY 28,Atterraggio,Est -> Ovest,800,284.78,1.88,Ireland,-832,opensky,2026-10-08
2026-10-08 01:46:28,RYR14AU,4d2217,RWY 28,Atterraggio,Est -> Ovest,800,284.32,1.86,Malta,-832,opensky,2026-10-08
2026-10-08 01:47:29,RYR465X,4caecb,N/D,Sorvolo,N/D,2375,285.15,10.98,N/D,-768,adsb.lol,2026-10-08
2026-10-08 01:48:30,RYR465X,4caecb,RWY 28,Avvicinamento,Est -> Ovest,1425,285.0,5.51,N/D,-832,adsb.lol,2026-10-08
2026-10-08 01:49:31,RYR465X,4caecb,RWY 28,Atterraggio,Est -> Ovest,1250,284.86,4.48,N/D,-832,adsb.lol,2026-10-08
2026-10-08 01:50:34,RYR14AU,4d2217,RWY 28,Atterraggio,Est -> Ovest,800,284.32,1.86,Malta,-832,opensky,2026-10-08
2026-10-08 01:50:34,RYR465X,4caecb,RWY 28,Atterraggio,Est -> Ovest,800,284.76,1.87,Ireland,-639,opensky,2026-10-08
2026-10-08 01:51:36,RYR465X,4caecb,RWY 28,Atterraggio,Est -> Ovest,800,284.76,1.87,Ireland,-639,opensky,2026-10-08
2026-10-08 01:52:41,RYR951,4caa57,RWY 28,Avvicinamento,Est -> Ovest,2125,285.13,9.48,N/D,-960,adsb.lol,2026-10-08
2026-10-08 01:53:42,RYR951,4caa57,RWY 28,Atterraggio,Est -> Ovest,1325,284.74,4.86,N/D,-768,adsb.lol,2026-10-08
2026-10-08 01:54:43,RYR951,4caa57,RWY 28,Atterraggio,Est -> Ovest,1125,285.26,3.8,N/D,-768,adsb.lol,2026-10-08
2026-10-08 01:55:46,RYR951,4caa57,RWY 28,Atterraggio,Est -> Ovest,800,285.15,1.86,Ireland,-448,opensky,2026-10-08
2026-10-08 01:56:48,RYR951,4caa57,RWY 28,Atterraggio,Est -> Ovest,800,285.15,1.86,Ireland,-448,opensky,2026-10-08
2026-10-08 01:57:51,RYR951,4caa57,RWY 28,Atterraggio,Est -> Ovest,800,285.15,1.86,Ireland,-448,opensky,2026-10-08
2026-10-08 01:58:53,RYR951,4caa57,RWY 28,Atterraggio,Est -> Ovest,800,285.15,1.86,Ireland,-448,opensky,2026-10-08
2026-10-08 02:03:10,RYR13PK,4ca643,N/D,Sorvolo,N/D,2700,285.03,12.67,N/D,-960,adsb.lol,2026-10-08
2026-10-08 02:04:28,RYR13PK,4ca643,RWY 28,Avvicinamento,Est -> Ovest,1575,285.05,6.26,N/D,-768,adsb.fi,2026-10-08
2026-10-08 02:05:29,RYR252,4ca647,N/D,Sorvolo,N/D,9250,207.02,13.66,N/D,-2496,adsb.lol,2026-10-08
2026-10-08 02:05:29,RYR13PK,4ca643,RWY 28,Atterraggio,Est -> Ovest,1250,284.72,4.41,N/D,-768,adsb.lol,2026-10-08
2026-10-08 02:06:32,RYR13PK,4ca643,RWY 28,Atterraggio,Est -> Ovest,800,284.52,1.85,Ireland,-767,opensky,2026-10-08
2026-10-08 02:06:32,RYR252,4ca647,N/D,Sorvolo,N/D,7725,201.6,14.9,Ireland,-832,opensky,2026-10-08
2026-10-08 02:07:35,RYR13PK,4ca643,RWY 28,Atterraggio,Est -> Ovest,800,284.52,1.85,Ireland,-767,opensky,2026-10-08
2026-10-08 02:08:37,RYR13PK,4ca643,RWY 28,Atterraggio,Est -> Ovest,800,284.52,1.85,Ireland,-767,opensky,2026-10-08
2026-10-08 02:09:40,RYR13PK,4ca643,RWY 28,Atterraggio,Est -> Ovest,800,284.52,1.85,Ireland,-767,opensky,2026-10-08
2026-10-08 02:10:43,RYR13PK,4ca643,RWY 28,Atterraggio,Est -> Ovest,800,284.52,1.85,Ireland,-767,opensky,2026-10-08
2026-10-08 02:11:44,RYR252,4ca647,N/D,Sorvolo,N/D,2625,284.93,12.25,N/D,-1024,adsb.lol,2026-10-08
2026-10-08 02:12:45,RYR252,4ca647,RWY 28,Avvicinamento,Est -> Ovest,1725,284.98,7.1,N/D,-704,adsb.lol,2026-10-08
2026-10-08 02:13:46,RYR252,4ca647,RWY 28,Atterraggio,Est -> Ovest,1250,284.77,4.45,N/D,-832,adsb.lol,2026-10-08
2026-10-08 02:14:48,RYR252,4ca647,RWY 28,Atterraggio,Est -> Ovest,800,284.79,1.85,Ireland,-639,opensky,2026-10-08
2026-10-08 02:15:51,RYR252,4ca647,RWY 28,Atterraggio,Est -> Ovest,800,284.79,1.85,Ireland,-639,opensky,2026-10-08
2026-10-08 02:16:54,RYR252,4ca647,RWY 28,Atterraggio,Est -> Ovest,800,284.79,1.85,Ireland,-639,opensky,2026-10-08
2026-10-08 02:17:57,RYR252,4ca647,RWY 28,Atterraggio,Est -> Ovest,800,284.79,1.85,Ireland,-639,opensky,2026-10-08
2026-10-08 02:19:00,RYR252,4ca647,RWY 28,Atterraggio,Est -> Ovest,800,284.79,1.85,Ireland,-639,opensky,2026-10-08
2026-10-08 02:24:14,WMT952,4d20bf,N/D,Sorvolo,N/D,21050,247.55,11.21,N/D,-2560,adsb.lol,2026-10-08
2026-10-08 02:25:15,WMT952,4d20bf,N/D,Sorvolo,N/D,18525,248.93,8.34,N/D,-2432,adsb.lol,2026-10-08
2026-10-08 02:34:38,NOS2474,4cae05,RWY 10,Decollo,Ovest -> Est,1250,105.23,2.41,Ireland,2431,opensky,2026-10-08
2026-10-08 02:35:39,NOS2474,4cae05,N/D,Decollo,Rotta 193.7°,3575,193.71,7.22,N/D,1856,adsb.lol,2026-10-08
2026-10-08 02:36:40,NOS2474,4cae05,RWY 28,Decollo,Est -> Ovest,4825,261.18,6.42,N/D,896,adsb.lol,2026-10-08
2026-10-08 02:37:41,NOS2474,4cae05,N/D,Sorvolo,N/D,6800,256.8,10.76,N/D,2432,adsb.lol,2026-10-08
2026-10-08 03:09:59,RYR254,4ca643,RWY 10,Decollo,Ovest -> Est,1925,103.75,2.52,N/D,2688,adsb.lol,2026-10-08
2026-10-08 03:11:00,RYR254,4ca643,N/D,Decollo,Rotta 184.3°,4400,184.27,7.38,N/D,3264,adsb.lol,2026-10-08
2026-10-08 03:12:01,RYR254,4ca643,N/D,Sorvolo,N/D,8275,204.49,8.73,N/D,3776,adsb.lol,2026-10-08
2026-10-08 03:13:02,RYR254,4ca643,N/D,Sorvolo,N/D,11675,87.88,14.36,N/D,1856,adsb.lol,2026-10-08
2026-10-08 03:14:03,RYR254,4ca643,N/D,Sorvolo,N/D,13950,36.21,14.52,N/D,4096,adsb.lol,2026-10-08
2026-10-08 03:50:31,SRR6402,45cf24,N/D,Sorvolo,N/D,10275,165.69,6.45,N/D,-768,adsb.lol,2026-10-08
2026-10-08 03:51:31,SRR6402,45cf24,N/D,Sorvolo,N/D,9400,140.47,2.3,N/D,-704,adsb.lol,2026-10-08
2026-10-08 03:52:32,SRR6402,45cf24,N/D,Sorvolo,N/D,8500,136.87,10.27,N/D,-1536,adsb.lol,2026-10-08
2026-10-08 03:57:43,SRR6402,45cf24,N/D,Sorvolo,N/D,2925,284.77,13.65,N/D,-960,adsb.lol,2026-10-08
2026-10-08 03:58:44,SRR6402,45cf24,RWY 28,Avvicinamento,Est -> Ovest,2000,284.78,8.4,N/D,-768,adsb.lol,2026-10-08
2026-10-08 03:59:45,SRR6402,45cf24,RWY 28,Atterraggio,Est -> Ovest,1225,284.42,3.88,N/D,-704,adsb.lol,2026-10-08
2026-10-08 04:00:46,SRR6402,45cf24,RWY 28,Atterraggio,Est -> Ovest,1150,284.8,3.43,N/D,-768,adsb.lol,2026-10-08
2026-10-08 04:01:49,SRR6402,45cf24,RWY 28,Atterraggio,Est -> Ovest,850,284.83,1.83,Denmark,-960,opensky,2026-10-08
2026-10-08 04:02:51,SRR6402,45cf24,RWY 28,Atterraggio,Est -> Ovest,850,284.83,1.83,Denmark,-960,opensky,2026-10-08
2026-10-08 04:03:54,SRR6402,45cf24,RWY 28,Atterraggio,Est -> Ovest,850,284.83,1.83,Denmark,-960,opensky,2026-10-08
2026-10-08 04:04:57,SRR6402,45cf24,RWY 28,Atterraggio,Est -> Ovest,850,284.83,1.83,Denmark,-960,opensky,2026-10-08
2026-10-08 04:21:37,AFR201,39c426,N/D,Sorvolo,N/D,37975,286.72,7.17,N/D,-352,adsb.lol,2026-10-08
2026-10-08 05:01:36,AFR257,394a04,N/D,Sorvolo,N/D,36000,289.03,4.24,N/D,0,adsb.lol,2026-10-08
2026-10-08 05:02:37,AFR257,394a04,N/D,Sorvolo,N/D,36000,288.99,10.36,N/D,32,adsb.lol,2026-10-08
2026-10-08 05:05:43,SRR6498,45cf21,N/D,Sorvolo,N/D,10675,165.17,7.48,N/D,-1920,adsb.lol,2026-10-08
2026-10-08 05:06:44,SRR6498,45cf21,N/D,Sorvolo,N/D,8975,150.65,0.86,N/D,-1280,adsb.lol,2026-10-08
2026-10-08 05:07:45,SRR6498,45cf21,N/D,Sorvolo,N/D,8175,136.82,9.01,N/D,-896,adsb.lol,2026-10-08
2026-10-08 05:12:56,SRR6498,45cf21,N/D,Sorvolo,N/D,3150,284.4,14.85,N/D,-960,adsb.lol,2026-10-08
2026-10-08 05:13:57,SRR6498,45cf21,RWY 28,Avvicinamento,Est -> Ovest,2200,284.4,9.48,N/D,-832,adsb.lol,2026-10-08
2026-10-08 05:14:58,SRR6498,45cf21,RWY 28,Atterraggio,Est -> Ovest,1400,284.32,4.9,N/D,-832,adsb.lol,2026-10-08
2026-10-08 05:15:59,SRR6498,45cf21,RWY 28,Atterraggio,Est -> Ovest,1275,285.01,4.25,N/D,-768,adsb.lol,2026-10-08
2026-10-08 05:17:01,SRR6498,45cf21,RWY 28,Atterraggio,Est -> Ovest,850,284.8,1.76,Denmark,-704,opensky,2026-10-08
2026-10-08 05:18:04,SRR6498,45cf21,RWY 28,Atterraggio,Est -> Ovest,850,284.8,1.76,Denmark,-704,opensky,2026-10-08
2026-10-08 05:19:06,SRR6498,45cf21,RWY 28,Atterraggio,Est -> Ovest,850,284.8,1.76,Denmark,-704,opensky,2026-10-08
2026-10-08 05:20:09,SRR6498,45cf21,RWY 28,Atterraggio,Est -> Ovest,850,284.8,1.76,Denmark,-704,opensky,2026-10-08
2026-10-08 05:49:18,RYR5LG,4caa58,RWY 10,Decollo,Ovest -> Est,1750,104.55,2.79,N/D,3008,adsb.lol,2026-10-08
2026-10-08 05:50:19,RYR5LG,4caa58,N/D,Decollo,Rotta 191.4°,3275,191.41,7.84,N/D,2112,adsb.lol,2026-10-08
2026-10-08 05:50:19,AFR1391,39e681,N/D,Sorvolo,N/D,36000,286.25,12.25,N/D,32,adsb.lol,2026-10-08
2026-10-08 05:51:20,RYR5LG,4caa58,N/D,Sorvolo,N/D,6250,143.08,10.84,N/D,3520,adsb.lol,2026-10-08
2026-10-08 05:51:20,AFR1391,39e681,N/D,Sorvolo,N/D,36000,286.23,9.18,N/D,0,adsb.lol,2026-10-08
2026-10-08 05:51:20,RYR3TW,4ca8db,RWY 10,Decollo,Ovest -> Est,2275,104.71,3.51,N/D,2048,adsb.lol,2026-10-08
2026-10-08 05:52:21,RYR3TW,4ca8db,N/D,Decollo,Rotta 214.1°,4225,214.05,8.34,N/D,3008,adsb.lol,2026-10-08
2026-10-08 05:53:22,RYR3TW,4ca8db,N/D,Sorvolo,N/D,7400,276.94,8.09,N/D,3072,adsb.lol,2026-10-08
2026-10-08 05:54:23,RYR3TW,4ca8db,N/D,Sorvolo,N/D,10250,276.42,10.49,N/D,1472,adsb.lol,2026-10-08
2026-10-08 05:56:27,RYR46YA,4ca760,N/D,Decollo,Rotta 147.6°,3075,147.59,6.75,N/D,1344,adsb.lol,2026-10-08
2026-10-08 05:57:28,RYR46YA,4ca760,N/D,Decollo,Rotta 227.7°,4875,227.73,8.82,N/D,960,adsb.lol,2026-10-08
2026-10-08 05:58:29,RYR2261,4ca6fb,RWY 10,Decollo,Ovest -> Est,2675,117.07,5.82,N/D,768,adsb.lol,2026-10-08
2026-10-08 05:59:30,RYR2261,4ca6fb,N/D,Decollo,Rotta 233.5°,4025,233.52,8.54,N/D,2432,adsb.lol,2026-10-08
2026-10-08 06:00:33,RYR9065,4d234c,N/D,Decollo,Rotta 176.4°,3025,176.42,7.12,N/D,1472,adsb.lol,2026-10-08
2026-10-08 06:00:33,RYR2261,4ca6fb,N/D,Sorvolo,N/D,6700,154.31,13.66,N/D,1216,adsb.lol,2026-10-08
2026-10-08 06:02:34,RYR62DA,4cae48,N/D,Decollo,Rotta 224.7°,4300,224.66,9.16,N/D,3520,adsb.lol,2026-10-08
2026-10-08 06:02:34,RYR9065,4d234c,N/D,Sorvolo,N/D,8175,200.59,13.61,N/D,2496,adsb.lol,2026-10-08
2026-10-08 06:04:35,RYR8XV,4ca702,N/D,Sorvolo,N/D,6100,233.23,8.58,N/D,3456,adsb.lol,2026-10-08
2026-10-08 06:04:35,WMT5GC,4d24b5,N/D,Sorvolo,N/D,20250,76.73,14.77,N/D,1280,adsb.lol,2026-10-08
2026-10-08 06:08:40,RYR83EB,4d244a,RWY 10,Decollo,Ovest -> Est,1275,106.25,2.18,Malta,3007,opensky,2026-10-08
2026-10-08 06:10:41,RYR83EB,4d244a,N/D,Sorvolo,N/D,5450,234.43,9.18,N/D,3520,adsb.lol,2026-10-08
2026-10-08 06:14:45,RYR62MD,4caa57,N/D,Sorvolo,N/D,5625,231.18,8.99,N/D,3776,adsb.lol,2026-10-08
2026-10-08 06:22:53,RYR6QU,4d21ed,N/D,Decollo,Rotta 174.1°,3075,174.09,7.7,N/D,1984,adsb.lol,2026-10-08
2026-10-08 06:24:54,RYR57YY,4cae4b,N/D,Decollo,Rotta 233.1°,4100,233.08,8.25,N/D,2688,adsb.lol,2026-10-08
2026-10-08 06:24:54,RYR6QU,4d21ed,N/D,Sorvolo,N/D,8850,275.97,9.74,N/D,2368,adsb.lol,2026-10-08
2026-10-08 06:26:55,RYR8AQ,4cad28,N/D,Decollo,Rotta 215.5°,4875,215.54,8.51,N/D,1472,adsb.lol,2026-10-08
2026-10-08 06:28:56,RYR6854,4ca647,N/D,Decollo,Rotta 152.2°,3100,152.16,7.33,N/D,2048,adsb.lol,2026-10-08
2026-10-08 06:28:56,FBU77U,39b101,N/D,Sorvolo,N/D,40000,284.0,12.5,N/D,0,adsb.lol,2026-10-08
2026-10-08 06:30:58,RYR982M,4caecb,N/D,Decollo,Rotta 215.2°,3450,215.22,8.43,N/D,1856,adsb.lol,2026-10-08
2026-10-08 06:30:58,GFA023,8940ca,N/D,Sorvolo,N/D,20550,272.34,2.93,N/D,-1408,adsb.lol,2026-10-08
2026-10-08 06:32:59,WMT743,4d206b,N/D,Sorvolo,N/D,17025,84.17,10.56,N/D,1920,adsb.lol,2026-10-08
2026-10-08 06:32:59,RYR86CZ,4d227d,N/D,Sorvolo,N/D,5475,212.16,8.43,N/D,4032,adsb.lol,2026-10-08
2026-10-08 06:32:59,AFR11QX,39bdac,N/D,Sorvolo,N/D,36000,281.15,12.55,N/D,-32,adsb.lol,2026-10-08
2026-10-08 06:35:00,SRR6498,45cf21,N/D,Sorvolo,N/D,5925,190.39,8.4,N/D,1024,adsb.lol,2026-10-08
2026-10-08 06:36:01,SRR6498,45cf21,N/D,Sorvolo,N/D,8700,88.56,14.52,N/D,1984,adsb.lol,2026-10-08
2026-10-08 06:36:01,RYR431F,4caa5f,RWY 10,Decollo,Ovest -> Est,2075,105.13,3.17,N/D,2496,adsb.lol,2026-10-08
2026-10-08 06:38:02,RYR431F,4caa5f,N/D,Sorvolo,N/D,6300,233.59,9.98,N/D,1856,adsb.lol,2026-10-08
2026-10-08 06:40:03,DLA3TN,3003ad,N/D,Sorvolo,N/D,18450,86.18,11.62,N/D,1856,adsb.lol,2026-10-08
2026-10-08 06:40:03,MASBA,424c9d,RWY 10,Avvicinamento,Ovest -> Est,1900,104.72,5.88,N/D,-768,adsb.lol,2026-10-08
2026-10-08 06:42:04,MASBA,424c9d,RWY 10,Atterraggio,Ovest -> Est,1100,104.96,1.81,N/D,-864,adsb.lol,2026-10-08
2026-10-08 06:42:04,RYR967Q,4d22b2,N/D,Sorvolo,N/D,38000,285.23,10.62,N/D,0,adsb.lol,2026-10-08
2026-10-08 06:44:07,MASBA,424c9d,RWY 10,Atterraggio,Ovest -> Est,975,103.68,1.24,United Kingdom,-576,opensky,2026-10-08
2026-10-08 06:46:08,VOE1784,34714e,N/D,Sorvolo,N/D,23825,290.11,5.87,N/D,1664,adsb.lol,2026-10-08
2026-10-08 06:48:09,RYR85ZR,4ca4ee,N/D,Decollo,Rotta 220.6°,2575,220.64,3.81,N/D,2752,adsb.lol,2026-10-08
2026-10-08 06:50:10,RYR7RN,4d2217,N/D,Decollo,Rotta 222.2°,2525,222.23,3.64,N/D,2432,adsb.lol,2026-10-08
2026-10-08 06:50:10,RYR88YJ,4d23fd,RWY 28,Avvicinamento,Est -> Ovest,1725,284.65,6.83,N/D,-832,adsb.lol,2026-10-08
2026-10-08 06:50:10,RYR85ZR,4ca4ee,N/D,Sorvolo,N/D,7325,161.97,14.85,N/D,2304,adsb.lol,2026-10-08
2026-10-08 06:52:11,RYR85ZR,4ca4ee,N/D,Sorvolo,N/D,10625,90.66,14.08,N/D,1856,adsb.lol,2026-10-08
2026-10-08 06:52:11,RYR7RN,4d2217,N/D,Sorvolo,N/D,7475,216.51,14.78,N/D,2560,adsb.lol,2026-10-08
2026-10-08 06:54:13,RYR88YJ,4d23fd,RWY 28,Atterraggio,Est -> Ovest,875,284.86,1.8,Malta,-767,opensky,2026-10-08
2026-10-08 06:56:16,RYR88YJ,4d23fd,RWY 28,Atterraggio,Est -> Ovest,875,284.86,1.8,Malta,-767,opensky,2026-10-08
2026-10-08 06:58:17,SRR6402,45cf24,RWY 28,Decollo,Est -> Ovest,2150,278.23,1.23,N/D,3328,adsb.lol,2026-10-08
2026-10-08 06:58:17,WMT625,4d2430,RWY 28,Avvicinamento,Est -> Ovest,2100,284.83,8.91,N/D,-704,adsb.lol,2026-10-08
2026-10-08 07:00:18,SRR6402,45cf24,N/D,Sorvolo,N/D,7675,142.5,10.65,N/D,4160,adsb.lol,2026-10-08
2026-10-08 07:00:18,LHX94M,3c6552,N/D,Sorvolo,N/D,39025,222.96,8.53,N/D,64,adsb.lol,2026-10-08
2026-10-08 07:02:19,RYR93HA,4ca9d4,RWY 28,Avvicinamento,Est -> Ovest,1750,285.38,6.83,N/D,-768,adsb.lol,2026-10-08
2026-10-08 07:02:19,EVA095,89913f,N/D,Sorvolo,N/D,19950,270.78,11.46,N/D,-1856,adsb.lol,2026-10-08
2026-10-08 07:04:26,EVA095,89913f,N/D,Sorvolo,N/D,16125,254.79,11.56,N/D,-2496,adsb.lol,2026-10-08
2026-10-08 07:06:27,THA940,8852e4,N/D,Sorvolo,N/D,19200,270.49,8.51,N/D,-1728,adsb.lol,2026-10-08
2026-10-08 07:06:27,WMT6NA,4d2429,RWY 28,Avvicinamento,Est -> Ovest,2025,284.31,8.32,N/D,-704,adsb.lol,2026-10-08
2026-10-08 07:06:27,RYR34XQ,48c134,N/D,Sorvolo,N/D,11050,201.56,14.9,N/D,-704,adsb.lol,2026-10-08
2026-10-08 07:08:28,RYR34XQ,48c134,N/D,Sorvolo,N/D,7675,192.51,14.9,N/D,-1280,adsb.lol,2026-10-08
2026-10-08 07:08:28,THA940,8852e4,N/D,Sorvolo,N/D,16575,270.0,13.44,N/D,-1824,adsb.lol,2026-10-08
2026-10-08 07:08:28,RYR41CA,48c229,N/D,Sorvolo,N/D,12600,217.64,11.4,N/D,-1408,adsb.lol,2026-10-08
2026-10-08 07:10:29,RYR465X,4cafb4,RWY 28,Avvicinamento,Est -> Ovest,2025,284.97,8.46,N/D,-896,adsb.lol,2026-10-08
2026-10-08 07:10:29,RYR41CA,48c229,N/D,Sorvolo,N/D,9625,155.8,6.91,N/D,-1088,adsb.lol,2026-10-08
2026-10-08 07:12:38,WMT6NA,4d2429,RWY 28,Atterraggio,Est -> Ovest,900,284.72,1.91,Malta,-704,opensky,2026-10-08
2026-10-08 07:12:38,RYR465X,4cafb4,RWY 28,Atterraggio,Est -> Ovest,875,284.88,1.94,Ireland,-767,opensky,2026-10-08
2026-10-08 07:14:39,AUA50E,440822,N/D,Sorvolo,N/D,11750,116.73,14.48,N/D,2880,adsb.lol,2026-10-08
2026-10-08 07:14:39,RYR34XQ,48c134,RWY 28,Avvicinamento,Est -> Ovest,1500,284.67,5.37,N/D,-832,adsb.lol,2026-10-08
2026-10-08 07:16:40,AUA50E,440822,N/D,Sorvolo,N/D,16150,63.8,11.72,N/D,2304,adsb.lol,2026-10-08
2026-10-08 07:16:40,WMT3131,4d24b2,N/D,Sorvolo,N/D,2600,284.8,11.64,N/D,-896,adsb.lol,2026-10-08
2026-10-08 07:18:41,WMT3131,4d24b2,RWY 28,Atterraggio,Est -> Ovest,1400,285.01,4.84,N/D,-768,adsb.lol,2026-10-08
2026-10-08 07:20:46,RYR41CA,48c229,RWY 28,Avvicinamento,Est -> Ovest,1475,284.76,5.34,N/D,-768,adsb.lol,2026-10-08
2026-10-08 07:22:48,WMT3131,4d24b2,RWY 28,Atterraggio,Est -> Ovest,900,284.74,1.83,Malta,-576,opensky,2026-10-08
2026-10-08 07:22:48,RYR41CA,48c229,RWY 28,Atterraggio,Est -> Ovest,900,285.36,1.94,Poland,-832,opensky,2026-10-08
2026-10-08 07:24:49,NJE6BG,493283,N/D,Sorvolo,N/D,19950,75.79,3.74,N/D,3200,adsb.lol,2026-10-08
2026-10-08 07:24:49,RYR3GD,4d224c,N/D,Decollo,Rotta 223.6°,3375,223.6,5.27,N/D,2304,adsb.lol,2026-10-08
2026-10-08 07:24:49,WZZ802,4d248e,N/D,Sorvolo,N/D,27525,91.71,5.12,N/D,1664,adsb.lol,2026-10-08
2026-10-08 07:24:49,WZZ5KX,4d200c,N/D,Sorvolo,N/D,2775,284.97,12.75,N/D,-960,adsb.lol,2026-10-08
2026-10-08 07:26:50,RYR7BV,4d22ca,N/D,Sorvolo,N/D,38050,40.16,9.67,N/D,64,adsb.lol,2026-10-08
2026-10-08 07:26:50,WZZ5KX,4d200c,RWY 28,Atterraggio,Est -> Ovest,1350,285.19,4.49,N/D,-768,adsb.lol,2026-10-08
2026-10-08 07:26:50,RYR2WZ,4caeca,N/D,Decollo,Rotta 225.2°,4250,225.22,8.25,N/D,896,adsb.lol,2026-10-08
2026-10-08 07:26:50,RYR3GD,4d224c,N/D,Sorvolo,N/D,7900,117.32,9.49,N/D,2624,adsb.lol,2026-10-08
2026-10-08 07:26:50,WZZ39GE,471d61,N/D,Sorvolo,N/D,37025,225.1,4.02,N/D,0,adsb.lol,2026-10-08
2026-10-08 07:28:51,RYR2WZ,4caeca,N/D,Sorvolo,N/D,8375,81.63,10.38,N/D,896,adsb.lol,2026-10-08
2026-10-08 07:28:51,RYR27QC,4cafc3,RWY 28,Avvicinamento,Est -> Ovest,1975,284.69,8.37,N/D,-832,adsb.lol,2026-10-08
2026-10-08 07:30:52,WZZ983,4d2402,N/D,Sorvolo,N/D,37050,229.86,11.65,N/D,0,adsb.lol,2026-10-08
2026-10-08 07:32:53,WZZ983,4d2402,N/D,Sorvolo,N/D,36950,231.06,14.52,N/D,-64,adsb.lol,2026-10-08
2026-10-08 07:34:54,WMT7HK,4d2433,N/D,Sorvolo,N/D,2900,285.1,13.41,N/D,-1024,adsb.lol,2026-10-08
2026-10-08 07:36:55,WMT7HK,4d2433,RWY 28,Avvicinamento,Est -> Ovest,1450,285.11,5.0,N/D,-704,adsb.lol,2026-10-08
2026-10-08 07:36:55,RYR43DL,48c12f,N/D,Sorvolo,N/D,9850,194.67,10.98,N/D,-2688,adsb.lol,2026-10-08
2026-10-08 07:38:56,RYR8ZQ,4d22af,N/D,Sorvolo,N/D,12650,194.56,12.1,N/D,-1728,adsb.lol,2026-10-08
2026-10-08 07:40:59,WMT7HK,4d2433,RWY 28,Atterraggio,Est -> Ovest,900,284.96,1.9,Malta,-639,opensky,2026-10-08
2026-10-08 07:40:59,RYR8ZQ,4d22af,N/D,Sorvolo,N/D,9400,194.44,14.97,Malta,-895,opensky,2026-10-08
2026-10-08 07:43:00,RYR43DL,48c12f,N/D,Sorvolo,N/D,2350,285.06,10.32,N/D,-832,adsb.lol,2026-10-08
2026-10-08 07:44:01,RYR43DL,48c12f,RWY 28,Avvicinamento,Est -> Ovest,1475,285.29,5.3,N/D,-896,adsb.lol,2026-10-08
2026-10-08 07:44:01,RYR207V,4cadbf,N/D,Decollo,Rotta 222.8°,3450,222.84,5.18,N/D,2624,adsb.lol,2026-10-08
2026-10-08 07:46:02,ITY450,300a87,N/D,Sorvolo,N/D,13825,71.25,7.93,N/D,3872,adsb.lol,2026-10-08
2026-10-08 07:46:02,RYR207V,4cadbf,N/D,Sorvolo,N/D,7625,81.9,7.25,N/D,3264,adsb.lol,2026-10-08
2026-10-08 07:48:03,RYR8ZQ,4d22af,RWY 28,Avvicinamento,Est -> Ovest,1575,284.96,5.72,N/D,-768,adsb.lol,2026-10-08
2026-10-08 07:48:03,ITY450,300a87,N/D,Sorvolo,N/D,17925,74.55,12.35,N/D,1120,adsb.lol,2026-10-08
2026-10-08 07:50:06,RYR8ZQ,4d22af,RWY 28,Atterraggio,Est -> Ovest,900,285.11,1.86,Malta,-639,opensky,2026-10-08
2026-10-08 07:50:06,RYR43DL,48c12f,RWY 28,Atterraggio,Est -> Ovest,900,285.1,1.91,Poland,-832,opensky,2026-10-08
2026-10-08 07:52:07,RYR4YZ,4d23fd,N/D,Decollo,Rotta 222.8°,3350,222.79,4.86,N/D,2368,adsb.lol,2026-10-08
2026-10-08 07:52:07,RYR35ZQ,48c232,N/D,Sorvolo,N/D,11075,195.68,12.32,N/D,-960,adsb.lol,2026-10-08
2026-10-08 07:54:08,RYR205A,4d22b3,N/D,Sorvolo,N/D,35050,226.33,12.67,N/D,-32,adsb.lol,2026-10-08
2026-10-08 08:00:15,RYR35ZQ,48c232,RWY 28,Avvicinamento,Est -> Ovest,1475,285.0,5.33,N/D,-832,adsb.lol,2026-10-08
2026-10-08 08:02:17,RYR35ZQ,48c232,RWY 28,Atterraggio,Est -> Ovest,900,284.86,1.97,Poland,-767,opensky,2026-10-08
2026-10-08 08:04:18,RYR7HH,48c134,N/D,Decollo,Rotta 223.2°,3875,223.25,5.96,N/D,1984,adsb.lol,2026-10-08
2026-10-08 08:04:18,RYR9GR,4ca225,N/D,Sorvolo,N/D,3000,284.74,14.09,N/D,-1024,adsb.lol,2026-10-08
2026-10-08 08:04:18,WZZ8PV,4d24b1,N/D,Sorvolo,N/D,12000,158.99,11.27,N/D,-1024,adsb.lol,2026-10-08
2026-10-08 08:06:19,ASL58V,4c0263,N/D,Sorvolo,N/D,18500,263.94,12.46,N/D,-960,adsb.lol,2026-10-08
2026-10-08 08:06:19,RYR9GR,4ca225,RWY 28,Avvicinamento,Est -> Ovest,1450,284.56,5.15,N/D,-832,adsb.lol,2026-10-08
2026-10-08 08:06:19,RYR9837,48c2b7,N/D,Sorvolo,N/D,35000,238.5,7.11,N/D,-64,adsb.lol,2026-10-08
2026-10-08 08:06:19,RYR65HL,4cafb4,N/D,Decollo,Rotta 225.2°,4300,225.24,7.01,N/D,1600,adsb.lol,2026-10-08
2026-10-08 08:08:20,RYR2TY,4cae65,N/D,Sorvolo,N/D,17275,254.08,13.78,N/D,-1344,adsb.lol,2026-10-08
2026-10-08 08:10:21,WMT1YY,4d2430,N/D,Decollo,Rotta 226.7°,3675,226.67,4.83,N/D,2560,adsb.lol,2026-10-08
2026-10-08 08:12:22,THY2WM,4bb0e9,N/D,Sorvolo,N/D,40000,275.4,9.91,N/D,0,adsb.lol,2026-10-08
2026-10-08 08:12:22,WMT1YY,4d2430,N/D,Sorvolo,N/D,8375,178.77,14.73,N/D,3264,adsb.lol,2026-10-08
2026-10-08 08:12:22,CPA233,780205,N/D,Sorvolo,N/D,18300,264.22,12.93,N/D,-1600,adsb.lol,2026-10-08
2026-10-08 08:14:23,RYR733U,4cae49,N/D,Sorvolo,N/D,5475,213.83,12.39,N/D,896,adsb.lol,2026-10-08
2026-10-08 08:14:23,AUA373Z,440606,N/D,Sorvolo,N/D,35025,239.18,14.88,N/D,64,adsb.lol,2026-10-08
2026-10-08 08:14:23,WZZ8PV,4d24b1,RWY 28,Avvicinamento,Est -> Ovest,2075,284.41,8.75,N/D,-832,adsb.lol,2026-10-08
2026-10-08 08:16:24,RYR6YM,48c229,N/D,Sorvolo,N/D,6375,224.3,11.24,N/D,1728,adsb.lol,2026-10-08
2026-10-08 08:16:24,AUA373Z,440606,N/D,Sorvolo,N/D,34950,239.01,12.9,N/D,-64,adsb.lol,2026-10-08
2026-10-08 08:18:25,RYR6YM,48c229,N/D,Sorvolo,N/D,11475,79.09,9.91,N/D,3264,adsb.lol,2026-10-08
2026-10-08 08:20:26,RYR59RR,4ca9d4,N/D,Sorvolo,N/D,5400,224.8,10.71,N/D,3136,adsb.lol,2026-10-08
2026-10-08 08:20:26,THY9FP,4ba954,N/D,Sorvolo,N/D,19050,272.21,3.81,N/D,-1856,adsb.lol,2026-10-08
2026-10-08 08:22:27,WMT775,4d2429,N/D,Decollo,Rotta 220.4°,4325,220.45,7.36,N/D,1344,adsb.lol,2026-10-08
2026-10-08 08:24:28,WMT775,4d2429,N/D,Sorvolo,N/D,8475,84.1,9.38,N/D,3008,adsb.lol,2026-10-08
2026-10-08 08:26:29,EWG84G,3c56ea,N/D,Sorvolo,N/D,39025,157.61,8.41,N/D,-32,adsb.lol,2026-10-08
2026-10-08 08:30:33,WZZ6779,4d200c,N/D,Decollo,Rotta 218.3°,4400,218.33,6.61,N/D,1920,adsb.lol,2026-10-08
2026-10-08 08:32:35,RYR23VX,4cafb5,N/D,Sorvolo,N/D,11850,143.91,12.71,N/D,-576,adsb.lol,2026-10-08
2026-10-08 08:32:35,NSZ3LZ,4aca0d,N/D,Sorvolo,N/D,36000,41.13,7.54,N/D,-32,adsb.lol,2026-10-08
2026-10-08 08:32:35,RYR605H,4cafc3,N/D,Decollo,Rotta 223.2°,4575,223.23,7.14,N/D,2560,adsb.lol,2026-10-08
2026-10-08 08:32:35,WZZ6779,4d200c,N/D,Sorvolo,N/D,7825,117.64,12.82,N/D,960,adsb.lol,2026-10-08
2026-10-08 08:34:36,RYR80GB,4ca56d,N/D,Sorvolo,N/D,12000,127.99,4.44,N/D,-1344,adsb.lol,2026-10-08
2026-10-08 08:36:37,RYR80GB,4ca56d,N/D,Sorvolo,N/D,9125,157.16,14.91,N/D,-704,adsb.lol,2026-10-08
2026-10-08 08:36:37,RYR6WT,4ca9d0,N/D,Sorvolo,N/D,19750,73.83,14.93,N/D,832,adsb.lol,2026-10-08
2026-10-08 08:38:38,RYR18JC,4caa58,RWY 28,Avvicinamento,Est -> Ovest,1575,284.82,5.73,N/D,-832,adsb.lol,2026-10-08
2026-10-08 08:38:38,RYR6WT,4ca9d0,N/D,Sorvolo,N/D,23125,73.9,12.15,N/D,960,adsb.lol,2026-10-08
2026-10-08 08:40:39,RYR23VX,4cafb5,N/D,Sorvolo,N/D,2675,285.07,12.18,N/D,-1088,adsb.lol,2026-10-08
2026-10-08 08:40:39,TVF55JD,39de43,N/D,Sorvolo,N/D,34025,86.22,12.08,N/D,-960,adsb.lol,2026-10-08
2026-10-08 08:42:41,TJD265,30093a,N/D,Sorvolo,N/D,12050,78.86,13.8,N/D,1632,adsb.lol,2026-10-08
2026-10-08 08:42:41,WMT3132,4d24b2,N/D,Decollo,Rotta 223.7°,3650,223.74,5.0,N/D,3072,adsb.lol,2026-10-08
2026-10-08 08:42:41,RYR23VX,4cafb5,RWY 28,Avvicinamento,Est -> Ovest,1475,284.85,5.25,N/D,-896,adsb.lol,2026-10-08
2026-10-08 08:44:42,RYR80GB,4ca56d,N/D,Sorvolo,N/D,2850,285.09,13.12,N/D,-960,adsb.lol,2026-10-08
2026-10-08 08:44:42,WMT3132,4d24b2,N/D,Sorvolo,N/D,8475,87.32,10.2,N/D,3392,adsb.lol,2026-10-08
2026-10-08 08:44:42,VLG9PX,3424d2,N/D,Sorvolo,N/D,34050,39.84,10.92,N/D,-32,adsb.lol,2026-10-08
2026-10-08 08:44:42,TJD265,30093a,N/D,Sorvolo,N/D,15650,64.54,3.44,N/D,1664,adsb.lol,2026-10-08
2026-10-08 08:46:43,RYR9095,48e9f0,N/D,Sorvolo,N/D,5725,224.77,8.25,N/D,2176,adsb.lol,2026-10-08
2026-10-08 08:46:43,RYR80GB,4ca56d,RWY 28,Avvicinamento,Est -> Ovest,1500,284.8,5.35,N/D,-896,adsb.lol,2026-10-08
2026-10-08 08:46:43,NSZ3880,45aa53,N/D,Sorvolo,N/D,9675,143.5,14.65,N/D,-1728,adsb.lol,2026-10-08
2026-10-08 08:46:43,TJD265,30093a,N/D,Sorvolo,N/D,19100,51.78,14.51,N/D,1472,adsb.lol,2026-10-08
2026-10-08 08:48:45,RYR9095,48e9f0,N/D,Sorvolo,N/D,8975,75.37,9.72,N/D,4032,adsb.lol,2026-10-08
2026-10-08 08:50:46,RYR32NJ,4cada4,N/D,Sorvolo,N/D,10625,121.16,3.72,N/D,-1280,adsb.lol,2026-10-08
2026-10-08 08:50:46,RYR97KC,4ca760,RWY 28,Avvicinamento,Est -> Ovest,2275,285.26,9.81,N/D,-1088,adsb.lol,2026-10-08
2026-10-08 08:50:46,WMT8901,4d2433,N/D,Sorvolo,N/D,5175,220.63,9.57,N/D,1408,adsb.lol,2026-10-08
2026-10-08 08:52:47,RYR32NJ,4cada4,N/D,Sorvolo,N/D,8725,155.92,12.48,N/D,-1344,adsb.lol,2026-10-08
2026-10-08 08:52:47,NJE370T,490d09,N/D,Sorvolo,N/D,40000,274.0,3.64,N/D,32,adsb.lol,2026-10-08
2026-10-08 08:52:47,RYR4AY,48c232,N/D,Sorvolo,N/D,5050,225.95,8.52,N/D,1024,adsb.lol,2026-10-08
2026-10-08 08:54:48,NSZ3880,45aa53,N/D,Sorvolo,N/D,3150,285.28,14.84,N/D,-960,adsb.lol,2026-10-08
2026-10-08 08:56:50,NSZ3880,45aa53,RWY 28,Avvicinamento,Est -> Ovest,1500,284.86,5.33,N/D,-768,adsb.lol,2026-10-08
2026-10-08 08:56:50,RYR4AY,48c232,N/D,Sorvolo,N/D,12525,65.5,10.69,N/D,2880,adsb.lol,2026-10-08
2026-10-08 08:56:50,AUA431,440c8d,N/D,Sorvolo,N/D,35000,226.54,10.21,N/D,32,adsb.lol,2026-10-08
2026-10-08 08:56:50,OCN5JU,3c66e2,N/D,Sorvolo,N/D,36975,222.82,10.98,N/D,0,adsb.lol,2026-10-08
2026-10-08 08:58:51,EDW2828,4b18f4,N/D,Sorvolo,N/D,35600,118.13,13.31,N/D,1152,adsb.lol,2026-10-08
2026-10-08 08:58:51,RYR7FX,4ca8db,N/D,Sorvolo,N/D,12325,136.49,7.72,N/D,-1792,adsb.lol,2026-10-08
2026-10-08 09:00:53,RYR7FX,4ca8db,N/D,Sorvolo,N/D,8350,156.06,11.43,N/D,-1664,adsb.lol,2026-10-08
2026-10-08 09:00:53,BCS9114,440bca,N/D,Sorvolo,N/D,19600,90.86,7.68,N/D,1024,adsb.lol,2026-10-08
2026-10-08 09:00:53,RYR32NJ,4cada4,RWY 28,Avvicinamento,Est -> Ovest,1700,284.87,6.67,N/D,-896,adsb.lol,2026-10-08
2026-10-08 09:00:53,RYR31ZH,4cae93,N/D,Sorvolo,N/D,38000,73.06,12.42,N/D,64,adsb.lol,2026-10-08
2026-10-08 09:00:53,EZY2863,408011,N/D,Sorvolo,N/D,21025,124.35,6.11,N/D,-128,adsb.lol,2026-10-08
2026-10-08 09:00:53,EDW2828,4b18f4,N/D,Sorvolo,N/D,37000,118.13,14.89,N/D,32,adsb.lol,2026-10-08
2026-10-08 09:02:54,RYR7GZ,4d227d,N/D,Sorvolo,N/D,2625,284.93,11.89,N/D,-1088,adsb.lol,2026-10-08
2026-10-08 09:02:54,RYR54TQ,4ca9c1,N/D,Sorvolo,N/D,10225,151.24,1.86,N/D,-1344,adsb.lol,2026-10-08
2026-10-08 09:04:56,RYR4BJ,4d22af,N/D,Decollo,Rotta 225.8°,3250,225.82,4.85,N/D,2048,adsb.lol,2026-10-08
2026-10-08 09:04:56,RYR7GZ,4d227d,RWY 28,Avvicinamento,Est -> Ovest,1450,284.4,5.16,N/D,-832,adsb.lol,2026-10-08
2026-10-08 09:04:56,SWR187D,4b1808,N/D,Sorvolo,N/D,31000,149.7,9.6,N/D,-32,adsb.lol,2026-10-08
2026-10-08 09:04:56,AUA521S,44082b,N/D,Sorvolo,N/D,15100,209.72,6.58,N/D,-2048,adsb.lol,2026-10-08
2026-10-08 09:06:57,RYR2AL,4d22b7,N/D,Sorvolo,N/D,37000,216.98,2.39,N/D,32,adsb.lol,2026-10-08
2026-10-08 09:06:57,RYR7FX,4ca8db,N/D,Sorvolo,N/D,2625,285.07,11.85,N/D,-1088,adsb.lol,2026-10-08
2026-10-08 09:08:59,RYR61ED,4d21ed,N/D,Sorvolo,N/D,8450,111.04,12.08,N/D,-448,adsb.lol,2026-10-08
2026-10-08 09:08:59,WZZ488R,4d24b1,N/D,Sorvolo,N/D,5225,222.42,8.71,N/D,2816,adsb.lol,2026-10-08
2026-10-08 09:08:59,RYR7FX,4ca8db,RWY 28,Avvicinamento,Est -> Ovest,1500,284.93,5.38,N/D,-832,adsb.lol,2026-10-08
2026-10-08 09:11:00,OEFSQ,4402b0,N/D,Sorvolo,N/D,40000,252.69,11.44,N/D,0,adsb.lol,2026-10-08
2026-10-08 09:11:00,RYR54TQ,4ca9c1,N/D,Sorvolo,N/D,2575,284.93,11.69,N/D,-1024,adsb.lol,2026-10-08
2026-10-08 09:12:01,OEFSQ,4402b0,N/D,Sorvolo,N/D,40000,252.74,12.43,N/D,128,adsb.lol,2026-10-08
2026-10-08 09:12:01,RYR2NR,4ca225,N/D,Decollo,Rotta 225.2°,3875,225.24,5.56,N/D,3136,adsb.lol,2026-10-08
2026-10-08 09:12:01,RYR54TQ,4ca9c1,RWY 28,Avvicinamento,Est -> Ovest,1675,285.39,6.42,N/D,-832,adsb.lol,2026-10-08
2026-10-08 09:12:01,LOT341,48af12,N/D,Sorvolo,N/D,35000,237.89,8.1,N/D,0,adsb.lol,2026-10-08
2026-10-08 09:14:02,WMT1280,4d2090,N/D,Sorvolo,N/D,23150,84.43,9.41,N/D,1792,adsb.lol,2026-10-08
2026-10-08 09:14:02,RYR61ED,4d21ed,N/D,Sorvolo,N/D,2925,285.15,13.62,N/D,-960,adsb.lol,2026-10-08
2026-10-08 09:14:02,RYR2NR,4ca225,N/D,Sorvolo,N/D,8075,124.86,12.77,N/D,3776,adsb.lol,2026-10-08
2026-10-08 09:14:02,DLH3XN,3c6445,N/D,Sorvolo,N/D,33025,151.35,9.2,N/D,64,adsb.lol,2026-10-08
2026-10-08 09:16:03,RYR61ED,4d21ed,RWY 28,Avvicinamento,Est -> Ovest,1425,285.11,5.07,N/D,-960,adsb.lol,2026-10-08
2026-10-08 09:18:04,EZY83DY,405638,N/D,Sorvolo,N/D,30100,101.38,9.57,N/D,-1024,adsb.lol,2026-10-08
2026-10-08 09:20:07,RYR61ED,4d21ed,RWY 28,Atterraggio,Est -> Ovest,875,284.86,1.92,Malta,-767,opensky,2026-10-08
2026-10-08 09:22:10,SWR8MB,4b0295,N/D,Sorvolo,N/D,29000,156.52,13.89,N/D,-64,adsb.lol,2026-10-08
2026-10-08 09:26:13,RYR85CT,4caa58,RWY 28,Decollo,Est -> Ovest,1350,284.79,1.51,N/D,2816,adsb.lol,2026-10-08
2026-10-08 09:28:15,RYR85CT,4caa58,N/D,Sorvolo,N/D,6300,267.48,14.53,N/D,2688,adsb.lol,2026-10-08
2026-10-08 09:28:15,RYR4BN,4cafb5,RWY 28,Decollo,Est -> Ovest,1600,271.7,1.88,N/D,2304,adsb.lol,2026-10-08
2026-10-08 09:30:16,RYR4BN,4cafb5,N/D,Sorvolo,N/D,6425,224.8,12.57,N/D,1152,adsb.lol,2026-10-08
2026-10-08 09:30:16,SPARG,488206,N/D,Sorvolo,N/D,21700,211.77,7.5,N/D,-2048,adsb.lol,2026-10-08
2026-10-08 09:32:17,RYR4BN,4cafb5,N/D,Sorvolo,N/D,12350,67.49,9.83,N/D,3520,adsb.lol,2026-10-08
2026-10-08 09:32:17,RYR7CB,4ca702,N/D,Sorvolo,N/D,2450,284.85,10.91,N/D,-960,adsb.lol,2026-10-08
2026-10-08 09:34:18,EZS47HC,4b1a24,N/D,Sorvolo,N/D,37000,282.89,14.6,N/D,64,adsb.lol,2026-10-08
2026-10-08 09:34:18,RYR9JX,4caecb,N/D,Sorvolo,N/D,2975,284.47,13.91,N/D,-960,adsb.lol,2026-10-08
2026-10-08 09:34:18,RYR7CB,4ca702,RWY 28,Avvicinamento,Est -> Ovest,1450,286.0,5.07,N/D,0,adsb.lol,2026-10-08
2026-10-08 09:36:19,DLA8269,300a7c,N/D,Sorvolo,N/D,23475,86.36,12.64,N/D,1664,adsb.lol,2026-10-08
2026-10-08 09:36:19,RYR9JX,4caecb,RWY 28,Avvicinamento,Est -> Ovest,1450,284.38,5.09,N/D,-832,adsb.lol,2026-10-08
2026-10-08 09:38:20,WMT9984,4d206b,N/D,Sorvolo,N/D,15650,212.12,10.68,N/D,-1024,adsb.lol,2026-10-08
2026-10-08 09:40:21,RYR76PX,4ca760,N/D,Decollo,Rotta 222.4°,3475,222.41,5.96,N/D,1984,adsb.lol,2026-10-08
2026-10-08 09:40:21,WMT9984,4d206b,N/D,Sorvolo,N/D,13425,251.92,12.49,N/D,-896,adsb.lol,2026-10-08
2026-10-08 09:42:22,NJE942D,4932a4,N/D,Sorvolo,N/D,35000,215.76,6.14,N/D,0,adsb.lol,2026-10-08
2026-10-08 09:42:22,RYR76PX,4ca760,N/D,Sorvolo,N/D,8050,99.86,14.3,N/D,2432,adsb.lol,2026-10-08
2026-10-08 09:42:22,RYR988,48c238,N/D,Sorvolo,N/D,18325,202.32,6.48,N/D,-1984,adsb.lol,2026-10-08
2026-10-08 09:44:23,RYR10AQ,4cae4b,N/D,Sorvolo,N/D,3050,284.7,14.36,N/D,-960,adsb.lol,2026-10-08
2026-10-08 09:44:23,RYR76PX,4ca760,N/D,Sorvolo,N/D,12050,67.03,11.35,N/D,2624,adsb.lol,2026-10-08
2026-10-08 09:44:23,RYR988,48c238,N/D,Sorvolo,N/D,16925,252.09,13.24,N/D,-1280,adsb.lol,2026-10-08
2026-10-08 09:46:24,RYR10AQ,4cae4b,RWY 28,Atterraggio,Est -> Ovest,1425,284.93,4.92,N/D,-896,adsb.lol,2026-10-08
2026-10-08 09:48:25,RYR33FG,4ca6fb,RWY 28,Avvicinamento,Est -> Ovest,2075,284.93,8.62,N/D,-896,adsb.lol,2026-10-08
2026-10-08 09:50:28,RYR10AQ,4cae4b,RWY 28,Atterraggio,Est -> Ovest,875,285.15,1.88,Ireland,-511,opensky,2026-10-08
2026-10-08 09:50:28,RYR33FG,4ca6fb,RWY 28,Atterraggio,Est -> Ovest,875,285.42,1.86,Ireland,-767,opensky,2026-10-08
2026-10-08 09:52:29,MAC457,020175,N/D,Sorvolo,N/D,2350,285.19,10.3,N/D,-768,adsb.lol,2026-10-08
2026-10-08 09:54:30,RYR65ER,4ca56d,N/D,Sorvolo,N/D,6025,278.69,11.99,N/D,1664,adsb.lol,2026-10-08
2026-10-08 09:54:30,EJU13MF,440175,N/D,Sorvolo,N/D,34000,274.33,3.63,N/D,64,adsb.lol,2026-10-08
2026-10-08 09:56:32,AEZ2911,4d207a,N/D,Sorvolo,N/D,11475,133.8,12.36,N/D,1024,adsb.lol,2026-10-08
2026-10-08 09:56:32,VAJ91B,5001ac,N/D,Sorvolo,N/D,10525,201.09,12.31,N/D,-1536,adsb.lol,2026-10-08
2026-10-08 09:56:32,WMT4793,4d2532,N/D,Sorvolo,N/D,31375,75.76,13.94,N/D,-1472,adsb.lol,2026-10-08
2026-10-08 09:58:33,RYR20SE,4d227d,N/D,Decollo,Rotta 231.7°,2225,231.71,3.32,N/D,2112,adsb.lol,2026-10-08
2026-10-08 09:58:33,AIZ337,4a3122,N/D,Sorvolo,N/D,13725,270.36,3.3,N/D,-896,adsb.lol,2026-10-08
2026-10-08 10:00:38,NJE638B,494142,N/D,Sorvolo,N/D,16275,212.82,9.93,N/D,-2048,adsb.lol,2026-10-08
2026-10-08 10:00:38,RYR20SE,4d227d,N/D,Sorvolo,N/D,6900,133.96,12.8,N/D,2560,adsb.lol,2026-10-08
2026-10-08 10:00:38,CVK7127,50808f,N/D,Sorvolo,N/D,25050,222.81,13.98,N/D,0,adsb.lol,2026-10-08
2026-10-08 10:02:39,RYR20SE,4d227d,N/D,Sorvolo,N/D,11125,76.72,12.29,N/D,1152,adsb.lol,2026-10-08
2026-10-08 10:04:41,ASL16G,4c0263,N/D,Sorvolo,N/D,15075,89.34,12.78,N/D,1856,adsb.lol,2026-10-08
2026-10-08 10:06:42,ASL16G,4c0263,N/D,Sorvolo,N/D,18500,90.16,10.01,N/D,1600,adsb.lol,2026-10-08
2026-10-08 10:08:43,DLH2YN,3c65d5,N/D,Sorvolo,N/D,18475,83.87,7.53,N/D,1984,adsb.lol,2026-10-08
2026-10-08 10:08:43,RYR7WW,4cac85,N/D,Avvicinamento,Rotta 348.9°,1500,348.93,5.36,N/D,-832,adsb.lol,2026-10-08
2026-10-08 10:08:43,RYR4EB,4cada4,N/D,Decollo,Rotta 222.8°,3625,222.77,5.2,N/D,2816,adsb.lol,2026-10-08
2026-10-08 10:10:44,ELY381,738058,N/D,Sorvolo,N/D,19875,265.29,10.93,N/D,-4416,adsb.lol,2026-10-08
2026-10-08 10:10:44,RYR8SL,4d224c,N/D,Sorvolo,N/D,3000,284.67,14.15,N/D,-960,adsb.lol,2026-10-08
2026-10-08 10:10:44,DAL288,a05614,N/D,Sorvolo,N/D,35900,98.95,10.71,N/D,-1536,adsb.lol,2026-10-08
2026-10-08 10:12:45,RYR4EB,4cada4,N/D,Sorvolo,N/D,12125,340.41,5.82,N/D,1152,adsb.lol,2026-10-08
2026-10-08 10:12:45,RYR8SL,4d224c,RWY 28,Avvicinamento,Est -> Ovest,1500,285.26,5.41,N/D,-832,adsb.lol,2026-10-08
2026-10-08 10:12:45,RYR6CM,4ca8db,N/D,Decollo,Rotta 222.8°,3950,222.75,6.14,N/D,2944,adsb.lol,2026-10-08
2026-10-08 10:14:46,RYR6CM,4ca8db,N/D,Sorvolo,N/D,8450,93.01,13.81,N/D,2560,adsb.lol,2026-10-08
2026-10-08 10:16:47,RYR8TT,4ca9c1,N/D,Decollo,Rotta 202.6°,4725,202.64,8.77,N/D,1408,adsb.lol,2026-10-08
2026-10-08 10:16:47,RYR6CM,4ca8db,N/D,Sorvolo,N/D,12875,77.1,13.14,N/D,2240,adsb.lol,2026-10-08
2026-10-08 10:18:48,NSZ3881,45aa53,N/D,Sorvolo,N/D,5425,212.87,11.05,N/D,1152,adsb.lol,2026-10-08
2026-10-08 10:20:50,EZY43FJ,408011,N/D,Sorvolo,N/D,25875,298.93,4.5,N/D,1600,adsb.lol,2026-10-08
2026-10-08 10:20:50,NSZ3881,45aa53,N/D,Sorvolo,N/D,10625,75.79,9.54,N/D,3520,adsb.lol,2026-10-08
2026-10-08 10:22:51,RYR79WD,4d21ed,N/D,Decollo,Rotta 224.0°,4675,223.98,6.87,N/D,2880,adsb.lol,2026-10-08
2026-10-08 10:26:54,RYR87KH,4d2247,N/D,Sorvolo,N/D,37000,217.07,13.27,N/D,-32,adsb.lol,2026-10-08
2026-10-08 10:28:55,SIO618,30047d,N/D,Sorvolo,N/D,20025,72.95,8.94,N/D,64,adsb.lol,2026-10-08
2026-10-08 10:28:55,PGT82MC,4bc8d0,RWY 28,Avvicinamento,Est -> Ovest,2325,284.31,10.0,N/D,-768,adsb.lol,2026-10-08
2026-10-08 10:30:56,EZS63KJ,4b1a1d,N/D,Sorvolo,N/D,27000,86.73,6.68,N/D,-32,adsb.lol,2026-10-08
2026-10-08 10:32:57,RYR81LE,4cad28,RWY 28,Avvicinamento,Est -> Ovest,1850,285.85,7.41,N/D,-832,adsb.lol,2026-10-08
2026-10-08 10:34:58,LOT7FE,48ada4,N/D,Sorvolo,N/D,21650,177.92,12.86,N/D,-896,adsb.lol,2026-10-08
2026-10-08 10:36:59,LOT7FE,48ada4,N/D,Sorvolo,N/D,18625,246.99,7.1,N/D,-2176,adsb.lol,2026-10-08
2026-10-08 10:38:01,AUA52HS,44082b,N/D,Sorvolo,N/D,11750,88.92,8.64,N/D,2752,adsb.lol,2026-10-08
2026-10-08 10:38:01,UNKNOWN,4caecb,RWY 28,Decollo,Est -> Ovest,2075,271.01,2.66,N/D,2560,adsb.lol,2026-10-08
2026-10-08 10:40:02,WMT1UV,4d24b5,N/D,Sorvolo,N/D,19175,245.56,5.39,N/D,-1408,adsb.lol,2026-10-08
2026-10-08 10:40:02,RYR7EK,4caecb,N/D,Sorvolo,N/D,6200,146.61,11.54,N/D,2304,adsb.lol,2026-10-08
2026-10-08 10:40:02,AUA52HS,44082b,N/D,Sorvolo,N/D,15825,88.46,11.59,N/D,1536,adsb.lol,2026-10-08
2026-10-08 10:42:03,LOT437,48af19,N/D,Sorvolo,N/D,37000,226.0,4.49,N/D,0,adsb.lol,2026-10-08
2026-10-08 10:44:04,RYR1536,4ca6fb,N/D,Sorvolo,N/D,6550,225.16,11.95,N/D,1664,adsb.lol,2026-10-08
2026-10-08 10:50:10,RYR13DX,4cae4b,N/D,Decollo,Rotta 224.8°,4225,224.75,7.2,N/D,2112,adsb.lol,2026-10-08
2026-10-08 10:50:10,WMT1717,4d2186,N/D,Sorvolo,N/D,19325,270.85,6.46,N/D,-2752,adsb.lol,2026-10-08
2026-10-08 10:52:11,TVF73JT,39de43,N/D,Sorvolo,N/D,35175,274.66,12.94,N/D,2432,adsb.lol,2026-10-08
2026-10-08 10:54:13,TVF73JT,39de43,N/D,Sorvolo,N/D,37600,274.48,13.81,N/D,-128,adsb.lol,2026-10-08
2026-10-08 10:56:14,RYR348J,48c127,N/D,Sorvolo,N/D,21150,85.26,10.17,N/D,2496,adsb.lol,2026-10-08
2026-10-08 10:58:15,RYR96TQ,4d234f,RWY 28,Avvicinamento,Est -> Ovest,1475,285.48,5.37,N/D,-832,adsb.lol,2026-10-08
2026-10-08 11:00:16,RYR84PJ,4d234c,N/D,Sorvolo,N/D,2425,284.76,10.72,N/D,-768,adsb.lol,2026-10-08
2026-10-08 11:00:16,MSR703,010244,N/D,Sorvolo,N/D,19100,270.3,3.9,N/D,-1152,adsb.lol,2026-10-08
2026-10-08 11:02:17,RYR7GG,48c2a9,N/D,Sorvolo,N/D,13900,234.49,14.2,N/D,-1856,adsb.lol,2026-10-08
2026-10-08 11:02:17,RYR84PJ,4d234c,RWY 28,Avvicinamento,Est -> Ovest,1475,284.76,5.25,N/D,-832,adsb.lol,2026-10-08
2026-10-08 11:02:17,LSI114,300a44,N/D,Sorvolo,N/D,16900,270.35,13.53,N/D,-896,adsb.lol,2026-10-08
2026-10-08 11:04:18,RYR7GG,48c2a9,N/D,Sorvolo,N/D,11275,157.45,5.1,N/D,-768,adsb.lol,2026-10-08
2026-10-08 11:04:18,LSI114,300a44,N/D,Sorvolo,N/D,15350,270.19,6.46,N/D,-1280,adsb.lol,2026-10-08
2026-10-08 11:04:18,RYR57TF,4cad3b,RWY 28,Avvicinamento,Est -> Ovest,1825,284.65,7.36,N/D,-960,adsb.lol,2026-10-08
2026-10-08 11:06:19,RYR328T,4d21ee,N/D,Sorvolo,N/D,3125,285.23,14.71,N/D,-1088,adsb.lol,2026-10-08
2026-10-08 11:08:20,MAC458,020175,N/D,Decollo,Rotta 226.1°,3425,226.13,4.57,N/D,2560,adsb.lol,2026-10-08
2026-10-08 11:08:20,RYR328T,4d21ee,RWY 28,Avvicinamento,Est -> Ovest,1475,285.12,5.25,N/D,-768,adsb.lol,2026-10-08
2026-10-08 11:10:21,RYR78FR,4d2217,N/D,Sorvolo,N/D,2350,285.51,10.35,N/D,-960,adsb.lol,2026-10-08
2026-10-08 11:12:22,RYR45MK,4d224c,N/D,Decollo,Rotta 225.2°,3950,225.25,6.2,N/D,2560,adsb.lol,2026-10-08
2026-10-08 11:14:23,RYR7GG,48c2a9,RWY 28,Avvicinamento,Est -> Ovest,2150,284.19,9.24,N/D,-960,adsb.lol,2026-10-08
2026-10-08 11:16:24,THY3ES,4ba954,N/D,Sorvolo,N/D,23350,96.59,10.52,N/D,2496,adsb.lol,2026-10-08
2026-10-08 11:18:26,FIN4LK,461fa1,N/D,Sorvolo,N/D,18600,85.7,11.73,N/D,1216,adsb.lol,2026-10-08
2026-10-08 11:20:42,RYR18RQ,4cadbf,N/D,Sorvolo,N/D,9075,211.2,14.93,N/D,-1408,adsb.fi,2026-10-08
2026-10-08 11:20:42,RYR63TC,4ca702,N/D,Sorvolo,N/D,5000,224.59,7.96,N/D,1088,adsb.fi,2026-10-08
2026-10-08 11:22:43,MASBA,424c9d,N/D,Sorvolo,N/D,6125,211.19,8.74,N/D,2816,adsb.lol,2026-10-08
2026-10-08 11:24:45,TKJ3LB,4bb886,N/D,Sorvolo,N/D,2725,285.26,12.26,N/D,-832,adsb.lol,2026-10-08
2026-10-08 11:24:45,EJU58NR,44061d,N/D,Sorvolo,N/D,16125,44.52,12.61,N/D,2368,adsb.lol,2026-10-08
2026-10-08 11:26:46,EJU36NP,440582,N/D,Sorvolo,N/D,21600,82.09,8.01,N/D,2048,adsb.lol,2026-10-08
2026-10-08 11:26:46,TKJ3LB,4bb886,RWY 28,Avvicinamento,Est -> Ovest,1600,284.98,5.86,N/D,-704,adsb.lol,2026-10-08
2026-10-08 11:28:47,RYR18RQ,4cadbf,N/D,Sorvolo,N/D,2650,284.57,12.09,N/D,-1024,adsb.lol,2026-10-08
2026-10-08 11:30:48,RYR18RQ,4cadbf,RWY 28,Avvicinamento,Est -> Ovest,1450,284.67,5.19,N/D,-832,adsb.lol,2026-10-08
2026-10-08 11:30:48,RYR7KQ,4cac85,N/D,Decollo,Rotta 223.6°,4450,223.58,7.53,N/D,1792,adsb.lol,2026-10-08
2026-10-08 11:32:49,RYR5UD,4d2369,N/D,Sorvolo,N/D,37000,218.92,10.2,N/D,0,adsb.lol,2026-10-08
2026-10-08 11:34:50,RYR3HF,4d2223,N/D,Sorvolo,N/D,37000,214.28,7.2,N/D,-32,adsb.lol,2026-10-08
2026-10-08 11:36:51,WZZ8027,4d248e,N/D,Sorvolo,N/D,35000,220.25,13.88,N/D,-32,adsb.lol,2026-10-08
2026-10-08 11:36:51,FIN07RT,342189,N/D,Sorvolo,N/D,33975,40.05,9.56,N/D,64,adsb.lol,2026-10-08
2026-10-08 11:38:52,NSZ2901,4aca85,N/D,Sorvolo,N/D,36000,39.92,12.39,N/D,0,adsb.lol,2026-10-08
2026-10-08 11:44:58,RYR6GQ,4d2286,N/D,Sorvolo,N/D,36000,34.65,10.68,N/D,-64,adsb.lol,2026-10-08
2026-10-08 11:46:59,RYR12XM,4cad28,N/D,Sorvolo,N/D,6450,225.0,13.22,N/D,960,adsb.lol,2026-10-08
2026-10-08 11:46:59,VLG2WM,34535a,N/D,Sorvolo,N/D,33975,40.07,9.85,N/D,32,adsb.lol,2026-10-08
2026-10-08 11:49:02,RYR9017,48c2b8,N/D,Sorvolo,N/D,39000,228.37,14.32,Poland,64,opensky,2026-10-08
2026-10-08 11:50:04,SAS63Z,4acb58,N/D,Sorvolo,N/D,17475,228.29,7.41,N/D,-2880,adsb.lol,2026-10-08
2026-10-08 11:52:05,DLA6YF,300557,N/D,Sorvolo,N/D,19475,241.27,9.51,N/D,-1856,adsb.lol,2026-10-08
2026-10-08 11:52:05,RYR3YU,4caeca,RWY 28,Avvicinamento,Est -> Ovest,1850,285.22,7.58,N/D,-768,adsb.lol,2026-10-08
2026-10-08 11:54:06,RYR4UL,4d234f,N/D,Sorvolo,N/D,5975,225.37,11.92,N/D,2624,adsb.lol,2026-10-08
2026-10-08 11:54:06,EVA096,89913f,N/D,Sorvolo,N/D,15000,94.44,14.93,N/D,64,adsb.lol,2026-10-08
2026-10-08 11:54:06,DLA6YF,300557,N/D,Sorvolo,N/D,16000,241.22,9.43,N/D,-576,adsb.lol,2026-10-08
2026-10-08 11:54:06,RYR90EJ,4d225b,N/D,Sorvolo,N/D,2600,284.91,11.81,N/D,-1088,adsb.lol,2026-10-08
2026-10-08 11:56:07,EVA096,89913f,N/D,Sorvolo,N/D,16775,94.73,10.76,N/D,1856,adsb.lol,2026-10-08
2026-10-08 11:56:07,RYR4UL,4d234f,N/D,Sorvolo,N/D,10900,45.81,13.84,N/D,1216,adsb.lol,2026-10-08
2026-10-08 11:56:07,DLH99H,3c66a5,N/D,Sorvolo,N/D,35025,233.53,14.35,N/D,0,adsb.lol,2026-10-08
2026-10-08 11:56:07,RYR90EJ,4d225b,RWY 28,Avvicinamento,Est -> Ovest,1450,284.65,5.28,N/D,-896,adsb.lol,2026-10-08
2026-10-08 11:58:08,ANA208,86e79a,N/D,Sorvolo,N/D,19000,94.35,5.93,N/D,2048,adsb.lol,2026-10-08
2026-10-08 11:58:08,RYR4UL,4d234f,N/D,Sorvolo,N/D,15000,66.96,14.47,N/D,2432,adsb.lol,2026-10-08
2026-10-08 12:00:11,NSZ3750,4ab826,N/D,Sorvolo,N/D,12200,128.69,1.08,N/D,-1152,adsb.lol,2026-10-08
2026-10-08 12:00:11,PGT774R,4bc8d0,N/D,Sorvolo,N/D,5200,190.84,8.6,N/D,1728,adsb.lol,2026-10-08
2026-10-08 12:02:12,RYR57ME,4d234c,N/D,Sorvolo,N/D,5275,225.75,9.3,N/D,2048,adsb.lol,2026-10-08
2026-10-08 12:02:12,RYR58NF,4caa57,RWY 28,Avvicinamento,Est -> Ovest,1975,284.56,8.26,N/D,-832,adsb.lol,2026-10-08
2026-10-08 12:04:13,RYR477H,4cad3b,N/D,Sorvolo,N/D,5525,224.62,10.52,N/D,2432,adsb.lol,2026-10-08
2026-10-08 12:04:13,BAW541A,40688a,N/D,Sorvolo,N/D,32900,310.07,10.74,N/D,256,adsb.lol,2026-10-08
2026-10-08 12:04:13,RYR5HT,4ca73f,N/D,Sorvolo,N/D,11600,120.44,9.95,N/D,-704,adsb.lol,2026-10-08
2026-10-08 12:06:14,RYR5HT,4ca73f,N/D,Sorvolo,N/D,8450,156.53,8.38,N/D,-1664,adsb.lol,2026-10-08
2026-10-08 12:08:15,SCR187,3cefbd,N/D,Sorvolo,N/D,41000,222.86,8.04,N/D,96,adsb.lol,2026-10-08
2026-10-08 12:08:15,NSZ3750,4ab826,N/D,Sorvolo,N/D,2725,285.18,12.64,N/D,-1152,adsb.lol,2026-10-08
2026-10-08 12:10:17,NSZ3750,4ab826,RWY 28,Avvicinamento,Est -> Ovest,1450,285.19,5.29,N/D,-768,adsb.lol,2026-10-08
2026-10-08 12:10:17,RYR62PQ,48c2a9,N/D,Decollo,Rotta 193.8°,4825,193.76,8.61,N/D,1600,adsb.lol,2026-10-08
2026-10-08 12:12:18,EZY59TK,406446,N/D,Sorvolo,N/D,38025,327.51,14.3,N/D,32,adsb.lol,2026-10-08
2026-10-08 12:12:18,RYR62PQ,48c2a9,N/D,Sorvolo,N/D,10025,68.36,8.07,N/D,3072,adsb.lol,2026-10-08
2026-10-08 12:12:18,RYR5HT,4ca73f,N/D,Sorvolo,N/D,2525,285.2,11.53,N/D,-960,adsb.lol,2026-10-08
2026-10-08 12:14:19,RYR5HT,4ca73f,RWY 28,Avvicinamento,Est -> Ovest,1550,284.39,5.72,N/D,-832,adsb.lol,2026-10-08
2026-10-08 12:14:19,LOT5JB,48e95b,N/D,Sorvolo,N/D,37000,223.39,9.63,N/D,-64,adsb.lol,2026-10-08
2026-10-08 12:14:19,DAL193,ab4bf7,N/D,Sorvolo,N/D,28000,273.07,6.35,N/D,0,adsb.lol,2026-10-08
2026-10-08 12:16:22,RYR5HT,4ca73f,RWY 28,Atterraggio,Est -> Ovest,875,284.49,1.89,Ireland,-704,opensky,2026-10-08
2026-10-08 12:18:23,FDB64C,89656b,N/D,Sorvolo,N/D,2600,284.96,11.79,N/D,-832,adsb.lol,2026-10-08
2026-10-08 12:18:23,RYR2JT,4d2217,N/D,Decollo,Rotta 224.4°,4875,224.39,8.32,N/D,1344,adsb.lol,2026-10-08
2026-10-08 12:20:24,RYR1JK,4ca4ee,N/D,Sorvolo,N/D,9625,202.49,12.8,N/D,-1920,adsb.lol,2026-10-08
2026-10-08 12:20:24,FDB64C,89656b,RWY 28,Avvicinamento,Est -> Ovest,1450,284.86,5.18,N/D,-768,adsb.lol,2026-10-08
2026-10-08 12:22:25,RYR2JT,4d2217,N/D,Sorvolo,N/D,14650,61.76,14.43,N/D,2176,adsb.lol,2026-10-08
2026-10-08 12:24:26,RYR1NA,4d21ee,N/D,Decollo,Rotta 224.8°,3625,224.77,5.5,N/D,3392,adsb.lol,2026-10-08
2026-10-08 12:26:27,RYR1JK,4ca4ee,RWY 28,Avvicinamento,Est -> Ovest,2275,284.89,9.9,N/D,-1088,adsb.lol,2026-10-08
2026-10-08 12:26:27,SAS23A,4cad40,N/D,Sorvolo,N/D,20175,85.84,11.03,N/D,3136,adsb.lol,2026-10-08
2026-10-08 12:28:28,VLG22UK,348206,N/D,Sorvolo,N/D,35000,227.59,14.65,N/D,64,adsb.lol,2026-10-08
2026-10-08 12:30:29,RYR80VE,4cad3c,RWY 28,Avvicinamento,Est -> Ovest,1900,284.78,7.92,N/D,-1024,adsb.lol,2026-10-08
2026-10-08 12:32:30,RYR6JD,4cadbf,N/D,Sorvolo,N/D,5375,125.15,9.94,N/D,2112,adsb.lol,2026-10-08
2026-10-08 12:32:30,PGT43WU,4bc845,N/D,Sorvolo,N/D,35025,277.3,9.46,N/D,32,adsb.lol,2026-10-08
2026-10-08 12:32:30,EZS79KV,4b1a1d,N/D,Sorvolo,N/D,33950,276.29,7.03,N/D,-64,adsb.lol,2026-10-08
2026-10-08 12:34:31,DLH1LU,300393,N/D,Sorvolo,N/D,17900,211.61,13.01,N/D,-2304,adsb.lol,2026-10-08
2026-10-08 12:34:31,RYR6JD,4cadbf,N/D,Sorvolo,N/D,8925,90.49,14.36,N/D,896,adsb.lol,2026-10-08
2026-10-08 12:34:31,WMT5065,4d2433,RWY 28,Avvicinamento,Est -> Ovest,1700,284.52,6.62,N/D,-704,adsb.lol,2026-10-08
2026-10-08 12:36:33,DLH1LU,300393,N/D,Sorvolo,N/D,13075,214.91,11.94,N/D,-2368,adsb.lol,2026-10-08
2026-10-08 12:38:34,EZY95BM,406544,N/D,Sorvolo,N/D,23375,306.09,14.15,N/D,1664,adsb.lol,2026-10-08
2026-10-08 12:38:34,RYR8LX,4ca225,RWY 28,Avvicinamento,Est -> Ovest,1475,285.12,5.34,N/D,-832,adsb.lol,2026-10-08
2026-10-08 12:40:35,DLH323,3c666c,N/D,Sorvolo,N/D,34025,315.0,10.51,N/D,-128,adsb.lol,2026-10-08
2026-10-08 12:42:37,RYR9MW,4d225b,N/D,Decollo,Rotta 224.1°,2950,224.06,3.93,N/D,3904,adsb.lol,2026-10-08
2026-10-08 12:42:37,NSZ5700,4aca92,N/D,Sorvolo,N/D,36000,40.52,10.22,N/D,32,adsb.lol,2026-10-08
2026-10-08 12:44:38,TVS4PN,49d403,N/D,Sorvolo,N/D,37000,223.52,6.34,N/D,0,adsb.lol,2026-10-08
2026-10-08 12:44:38,RYR9MW,4d225b,N/D,Sorvolo,N/D,7875,154.62,13.13,N/D,3008,adsb.lol,2026-10-08
2026-10-08 12:46:39,NJE066F,490d04,N/D,Sorvolo,N/D,28700,198.93,9.84,N/D,-1120,adsb.lol,2026-10-08
2026-10-08 12:48:40,RYR12SL,4d2209,N/D,Sorvolo,N/D,36975,226.6,9.12,N/D,64,adsb.lol,2026-10-08
2026-10-08 12:56:49,THY9CH,4bb267,N/D,Sorvolo,N/D,34050,280.25,13.94,N/D,32,adsb.lol,2026-10-08
2026-10-08 12:58:50,THY9CH,4bb267,N/D,Sorvolo,N/D,33975,279.53,13.11,N/D,-32,adsb.lol,2026-10-08
2026-10-08 13:03:17,RYR1GX,4d224d,N/D,Sorvolo,N/D,35375,312.22,3.56,N/D,1152,adsb.fi,2026-10-08
2026-10-08 13:03:17,RYR764N,4cadb9,RWY 28,Avvicinamento,Est -> Ovest,1475,285.03,5.32,N/D,-832,adsb.fi,2026-10-08
2026-10-08 13:04:19,RYR1GX,4d224d,N/D,Sorvolo,N/D,36000,312.33,12.13,N/D,0,adsb.lol,2026-10-08
2026-10-08 13:04:19,CCA968,781ac5,N/D,Sorvolo,N/D,18000,87.08,13.75,N/D,1664,adsb.lol,2026-10-08
2026-10-08 13:06:22,TKJ20Q,4bb886,RWY 28,Decollo,Est -> Ovest,1900,272.3,2.16,N/D,2624,adsb.lol,2026-10-08
2026-10-08 13:08:24,ACA819,c051e6,N/D,Sorvolo,N/D,33675,273.83,4.44,N/D,832,adsb.lol,2026-10-08
2026-10-08 13:08:24,TKJ20Q,4bb886,N/D,Sorvolo,N/D,5550,227.58,12.62,N/D,960,adsb.lol,2026-10-08
2026-10-08 13:08:24,RYR46YM,4d2215,N/D,Sorvolo,N/D,8425,132.0,7.67,N/D,-1088,adsb.lol,2026-10-08
2026-10-08 13:08:24,RYR97WV,4caeca,N/D,Decollo,Rotta 226.4°,3175,226.42,4.81,N/D,2688,adsb.lol,2026-10-08
2026-10-08 13:10:25,RYR68QK,4caa57,N/D,Decollo,Rotta 224.1°,4050,224.05,6.03,N/D,3136,adsb.lol,2026-10-08
2026-10-08 13:10:25,RYR52XB,4ca760,N/D,Sorvolo,N/D,12100,217.1,12.59,N/D,-576,adsb.lol,2026-10-08
2026-10-08 13:10:25,RYR6855,4ca647,N/D,Sorvolo,N/D,11000,217.89,1.18,N/D,0,adsb.lol,2026-10-08
2026-10-08 13:10:25,EJU57RF,440cfe,N/D,Sorvolo,N/D,36025,43.65,14.07,N/D,0,adsb.lol,2026-10-08
2026-10-08 13:12:26,RYR52XB,4ca760,N/D,Sorvolo,N/D,11000,211.32,4.27,N/D,32,adsb.lol,2026-10-08
2026-10-08 13:12:26,RYR97WV,4caeca,N/D,Sorvolo,N/D,9000,59.77,14.57,N/D,128,adsb.lol,2026-10-08
2026-10-08 13:12:26,NSZ3751,4ab826,N/D,Decollo,Rotta 225.5°,4375,225.47,7.81,N/D,704,adsb.lol,2026-10-08
2026-10-08 13:12:26,RYR6855,4ca647,N/D,Sorvolo,N/D,10000,134.56,14.85,N/D,0,adsb.lol,2026-10-08
2026-10-08 13:14:27,RYR46YM,4d2215,N/D,Sorvolo,N/D,2425,284.79,10.84,N/D,-960,adsb.lol,2026-10-08
2026-10-08 13:16:29,RYR46YM,4d2215,RWY 28,Avvicinamento,Est -> Ovest,1475,284.67,5.28,N/D,-832,adsb.lol,2026-10-08
2026-10-08 13:16:29,NSZ3751,4ab826,N/D,Sorvolo,N/D,12525,356.38,6.34,N/D,960,adsb.lol,2026-10-08
2026-10-08 13:18:30,CTN394,501c5a,N/D,Sorvolo,N/D,19550,248.82,8.45,N/D,-2176,adsb.lol,2026-10-08
2026-10-08 13:20:31,RYR6855,4ca647,RWY 28,Avvicinamento,Est -> Ovest,1825,284.8,7.39,N/D,-896,adsb.lol,2026-10-08
2026-10-08 13:20:31,BTX6F,3c5c46,N/D,Sorvolo,N/D,19275,215.32,7.71,N/D,-1408,adsb.lol,2026-10-08
2026-10-08 13:22:33,RYR52XB,4ca760,N/D,Sorvolo,N/D,2575,285.17,11.63,N/D,-960,adsb.lol,2026-10-08
2026-10-08 13:22:33,NJE003Y,490d82,N/D,Sorvolo,N/D,10900,196.43,11.91,N/D,-1664,adsb.lol,2026-10-08
2026-10-08 13:24:34,RYR52XB,4ca760,RWY 28,Avvicinamento,Est -> Ovest,1475,285.32,5.36,N/D,-896,adsb.lol,2026-10-08
2026-10-08 13:26:35,UNKNOWN,300a8c,N/D,Sorvolo,N/D,1400,277.38,11.08,N/D,0,adsb.lol,2026-10-08
2026-10-08 13:28:36,DLA3MJ,300557,N/D,Sorvolo,N/D,21725,72.24,5.26,N/D,2112,adsb.lol,2026-10-08
2026-10-08 13:28:36,NJE003Y,490d82,N/D,Sorvolo,N/D,2550,284.83,11.42,N/D,-1120,adsb.lol,2026-10-08
2026-10-08 13:28:36,TVS1AB,49d13f,N/D,Sorvolo,N/D,34750,233.65,14.83,N/D,-1152,adsb.lol,2026-10-08
2026-10-08 13:30:37,NJE003Y,490d82,RWY 28,Atterraggio,Est -> Ovest,1375,284.33,4.71,N/D,-768,adsb.lol,2026-10-08
2026-10-08 13:30:37,JSD864,471843,N/D,Sorvolo,N/D,40975,226.5,9.54,N/D,0,adsb.lol,2026-10-08
2026-10-08 13:32:38,SAS58M,4acb58,N/D,Sorvolo,N/D,17075,82.11,8.49,N/D,1984,adsb.lol,2026-10-08
2026-10-08 13:32:38,EJU85JE,440053,N/D,Sorvolo,N/D,34000,274.15,14.31,N/D,64,adsb.lol,2026-10-08
2026-10-08 13:34:39,RYR46XX,4ca73f,N/D,Sorvolo,N/D,6250,224.64,11.27,N/D,2944,adsb.lol,2026-10-08
2026-10-08 13:34:39,IXMPX,300a74,N/D,Sorvolo,N/D,18000,93.5,2.76,N/D,2880,adsb.lol,2026-10-08
2026-10-08 13:34:39,CPA234,780205,N/D,Sorvolo,N/D,17700,83.27,11.96,N/D,1984,adsb.lol,2026-10-08
2026-10-08 13:34:39,RYR5XF,4cad3c,RWY 28,Decollo,Est -> Ovest,1800,262.88,2.45,N/D,2496,adsb.lol,2026-10-08
2026-10-08 13:34:39,EJU85JE,440053,N/D,Sorvolo,N/D,33950,273.71,11.92,N/D,0,adsb.lol,2026-10-08
2026-10-08 13:36:40,WMT154,4d2433,N/D,Decollo,Rotta 234.3°,2725,234.32,4.11,N/D,2176,adsb.lol,2026-10-08
2026-10-08 13:36:40,RYR46XX,4ca73f,N/D,Sorvolo,N/D,12175,39.57,14.22,N/D,2752,adsb.lol,2026-10-08
2026-10-08 13:36:40,RYR5XF,4cad3c,N/D,Sorvolo,N/D,6150,224.82,13.73,N/D,2176,adsb.lol,2026-10-08
2026-10-08 13:38:41,RYR17TD,4ca225,N/D,Decollo,Rotta 224.0°,4900,224.03,6.48,N/D,3264,adsb.lol,2026-10-08
2026-10-08 13:38:41,RYR46XX,4ca73f,N/D,Sorvolo,N/D,15100,354.95,10.14,N/D,2624,adsb.lol,2026-10-08
2026-10-08 13:44:48,RYR51FQ,4ca8db,N/D,Sorvolo,N/D,11300,187.88,11.58,N/D,-1472,adsb.lol,2026-10-08
2026-10-08 13:44:48,SWR11P,4b0294,N/D,Sorvolo,N/D,29000,158.23,6.98,N/D,-64,adsb.lol,2026-10-08
2026-10-08 13:44:48,VOE5WL,34660e,N/D,Sorvolo,N/D,36975,159.71,12.64,N/D,32,adsb.lol,2026-10-08
2026-10-08 13:46:49,RYR51FQ,4ca8db,N/D,Sorvolo,N/D,7725,187.02,14.13,N/D,-576,adsb.lol,2026-10-08
2026-10-08 13:50:52,WMT4646,4d24ae,N/D,Sorvolo,N/D,20100,280.09,3.32,N/D,-1024,adsb.lol,2026-10-08
2026-10-08 13:52:53,AUA52UE,44081f,N/D,Sorvolo,N/D,13800,214.99,7.35,N/D,-1600,adsb.lol,2026-10-08
2026-10-08 13:52:53,RYR51FQ,4ca8db,RWY 28,Avvicinamento,Est -> Ovest,1750,285.03,6.82,N/D,-832,adsb.lol,2026-10-08
2026-10-08 13:54:55,MSR704,010244,N/D,Sorvolo,N/D,15050,106.14,13.67,N/D,2176,adsb.lol,2026-10-08
2026-10-08 13:54:55,RYR64SP,4cae4b,N/D,Sorvolo,N/D,2625,284.77,11.95,N/D,-960,adsb.lol,2026-10-08
2026-10-08 13:56:56,MSR704,010244,N/D,Sorvolo,N/D,18950,106.0,14.43,N/D,2304,adsb.lol,2026-10-08
2026-10-08 13:56:56,FDB1574,89656b,N/D,Decollo,Rotta 213.8°,3200,213.78,5.42,N/D,1984,adsb.lol,2026-10-08
2026-10-08 13:56:56,RYR64SP,4cae4b,RWY 28,Avvicinamento,Est -> Ovest,1500,284.84,5.39,N/D,-768,adsb.lol,2026-10-08
2026-10-08 13:58:57,FDB1574,89656b,N/D,Sorvolo,N/D,6475,154.3,14.38,N/D,2048,adsb.lol,2026-10-08
2026-10-08 13:58:57,RYR13HB,4d21ed,N/D,Sorvolo,N/D,2700,285.64,12.33,N/D,-1088,adsb.lol,2026-10-08
2026-10-08 14:00:58,GAF122,3ea1cc,N/D,Sorvolo,N/D,32975,222.78,9.23,N/D,64,adsb.lol,2026-10-08
2026-10-08 14:03:01,RYR13HB,4d21ed,RWY 28,Atterraggio,Est -> Ovest,900,284.32,2.05,Malta,-767,opensky,2026-10-08
2026-10-08 14:04:05,RYR7003,4cadb9,N/D,Decollo,Rotta 225.4°,3275,225.44,5.26,N/D,2304,adsb.lol,2026-10-08
2026-10-08 14:04:05,EJU19EG,4ca82f,N/D,Sorvolo,N/D,11325,73.55,5.84,N/D,1024,adsb.lol,2026-10-08
2026-10-08 14:06:07,RYR70PH,4d2246,N/D,Sorvolo,N/D,9750,161.19,2.19,N/D,-1408,adsb.lol,2026-10-08
2026-10-08 14:06:07,NJE044G,490d02,N/D,Sorvolo,N/D,35000,237.28,8.86,N/D,32,adsb.lol,2026-10-08
2026-10-08 14:10:13,RYR85FA,4ca704,N/D,Sorvolo,N/D,5025,224.82,10.04,N/D,2688,adsb.lol,2026-10-08
2026-10-08 14:10:13,WMT8UN,471f66,N/D,Sorvolo,N/D,22475,269.25,2.5,N/D,-1600,adsb.lol,2026-10-08
2026-10-08 14:12:14,NJE853V,490d0b,N/D,Sorvolo,N/D,15225,123.59,13.14,N/D,-928,adsb.lol,2026-10-08
2026-10-08 14:12:14,RYR3WU,4cae61,N/D,Sorvolo,N/D,39000,227.68,12.03,N/D,0,adsb.lol,2026-10-08
2026-10-08 14:12:14,RYR3BY,4cadbc,RWY 28,Avvicinamento,Est -> Ovest,1800,284.86,7.17,N/D,-768,adsb.lol,2026-10-08
2026-10-08 14:12:14,AFR1566,39e68e,N/D,Sorvolo,N/D,34875,176.39,4.27,N/D,-1504,adsb.lol,2026-10-08
2026-10-08 14:14:15,DLH8FA,300393,N/D,Sorvolo,N/D,11250,55.91,14.9,N/D,1088,adsb.lol,2026-10-08
2026-10-08 14:14:15,CCA950,781346,N/D,Sorvolo,N/D,17675,82.48,7.65,N/D,1984,adsb.lol,2026-10-08
2026-10-08 14:14:15,RYR85FA,4ca704,N/D,Sorvolo,N/D,14000,356.99,8.52,N/D,64,adsb.lol,2026-10-08
2026-10-08 14:16:17,DLH8FA,300393,N/D,Sorvolo,N/D,15000,85.82,14.97,N/D,2624,adsb.lol,2026-10-08
2026-10-08 14:16:17,RYR70PH,4d2246,RWY 28,Avvicinamento,Est -> Ovest,1500,284.49,6.79,N/D,-896,adsb.lol,2026-10-08
2026-10-08 14:18:20,RYR70PH,4d2246,RWY 28,Atterraggio,Est -> Ovest,900,284.88,1.98,Malta,-767,opensky,2026-10-08
2026-10-08 14:18:20,RYR3BY,4cadbc,RWY 28,Atterraggio,Est -> Ovest,875,284.96,1.96,Ireland,-704,opensky,2026-10-08
2026-10-08 14:20:24,RYR70PH,4d2246,RWY 28,Atterraggio,Est -> Ovest,900,284.88,1.98,Malta,-767,opensky,2026-10-08
2026-10-08 14:22:25,RYR8AD,4ca6fb,RWY 28,Avvicinamento,Est -> Ovest,1700,284.84,6.53,N/D,-704,adsb.lol,2026-10-08
2026-10-08 14:24:26,RYR96XP,4caa58,N/D,Sorvolo,N/D,10475,124.89,14.22,N/D,-1728,adsb.lol,2026-10-08
2026-10-08 14:26:27,RYR8RH,4ca4ee,RWY 28,Decollo,Est -> Ovest,3825,253.74,5.55,N/D,2752,adsb.lol,2026-10-08
2026-10-08 14:26:27,RYR96XP,4caa58,N/D,Sorvolo,N/D,9200,116.66,6.84,N/D,-960,adsb.lol,2026-10-08
2026-10-08 14:28:35,WZZ5PA,4d204a,N/D,Sorvolo,N/D,37050,226.54,6.99,N/D,0,adsb.lol,2026-10-08
2026-10-08 14:30:36,EDW2829,4b18f4,N/D,Sorvolo,N/D,33525,302.55,14.55,N/D,-960,adsb.lol,2026-10-08
2026-10-08 14:30:36,RYR96XP,4caa58,N/D,Sorvolo,N/D,2825,285.17,13.09,N/D,-960,adsb.lol,2026-10-08
2026-10-08 14:30:36,RYR439J,4ca760,N/D,Sorvolo,N/D,5425,224.63,10.11,N/D,3072,adsb.lol,2026-10-08
2026-10-08 14:32:42,RYR96XP,4caa58,RWY 28,Avvicinamento,Est -> Ovest,1500,284.76,5.41,N/D,-768,adsb.lol,2026-10-08
2026-10-08 14:34:45,RYR96XP,4caa58,RWY 28,Atterraggio,Est -> Ovest,875,284.51,1.85,Ireland,-832,opensky,2026-10-08
2026-10-08 14:36:48,RYR96XP,4caa58,RWY 28,Atterraggio,Est -> Ovest,875,284.51,1.85,Ireland,-832,opensky,2026-10-08
2026-10-08 14:38:49,RYR75ZH,4caecb,N/D,Sorvolo,N/D,2325,285.2,10.14,N/D,-832,adsb.lol,2026-10-08
2026-10-08 14:40:52,RYR75ZH,4caecb,RWY 28,Atterraggio,Est -> Ovest,900,284.31,1.98,Ireland,-639,opensky,2026-10-08
2026-10-08 14:42:54,RYR28DQ,4ca647,RWY 28,Decollo,Est -> Ovest,1975,260.98,2.24,N/D,2816,adsb.lol,2026-10-08
2026-10-08 14:44:55,RYR28DQ,4ca647,N/D,Sorvolo,N/D,6100,161.06,11.82,N/D,1664,adsb.lol,2026-10-08
2026-10-08 14:44:55,RYR265,4d244a,RWY 28,Avvicinamento,Est -> Ovest,1475,284.93,5.36,N/D,-896,adsb.lol,2026-10-08
2026-10-08 14:46:56,WMT2GP,471efe,RWY 28,Avvicinamento,Est -> Ovest,2200,284.86,9.44,N/D,-960,adsb.lol,2026-10-08
2026-10-08 14:48:57,NJE005P,490d82,N/D,Sorvolo,N/D,5125,225.0,7.68,N/D,2112,adsb.lol,2026-10-08
2026-10-08 14:48:57,THA941,8852e4,N/D,Sorvolo,N/D,15725,101.31,12.4,N/D,1184,adsb.lol,2026-10-08
2026-10-08 14:51:00,WMT2GP,471efe,RWY 28,Atterraggio,Est -> Ovest,900,284.7,2.05,Hungary,-767,opensky,2026-10-08
2026-10-08 14:51:00,RYR265,4d244a,RWY 28,Atterraggio,Est -> Ovest,900,284.96,1.97,Malta,-767,opensky,2026-10-08
2026-10-08 14:52:01,AFR98JB,39856a,N/D,Sorvolo,N/D,32800,274.25,6.34,N/D,832,adsb.lol,2026-10-08
2026-10-08 14:54:04,WMT2GP,471efe,RWY 28,Atterraggio,Est -> Ovest,900,284.7,2.05,Hungary,-767,opensky,2026-10-08
2026-10-08 14:58:10,LSI251,300a44,N/D,Sorvolo,N/D,21400,107.96,10.66,N/D,1728,adsb.lol,2026-10-08
2026-10-08 15:04:17,JFA67K,4d02bc,N/D,Sorvolo,N/D,15125,74.02,13.38,N/D,1408,adsb.lol,2026-10-08
2026-10-08 15:04:17,IXMPX,300a74,N/D,Sorvolo,N/D,12450,235.66,9.61,N/D,-1856,adsb.lol,2026-10-08
2026-10-08 15:04:17,RYR59TN,4cae48,RWY 28,Avvicinamento,Est -> Ovest,1500,284.31,5.42,N/D,-832,adsb.lol,2026-10-08
2026-10-08 15:06:18,JFA67K,4d02bc,N/D,Sorvolo,N/D,17475,86.34,12.43,N/D,1024,adsb.lol,2026-10-08
2026-10-08 15:08:19,EWG14WL,4d240e,N/D,Sorvolo,N/D,38000,41.02,0.61,N/D,-64,adsb.lol,2026-10-08
2026-10-08 15:08:19,RYR2UJ,4cae49,N/D,Sorvolo,N/D,3000,284.42,14.09,N/D,-960,adsb.lol,2026-10-08
2026-10-08 15:10:21,RYR2UJ,4cae49,RWY 28,Avvicinamento,Est -> Ovest,1475,284.93,5.36,N/D,-896,adsb.lol,2026-10-08
2026-10-08 15:10:21,RYR2NN,4d2246,N/D,Decollo,Rotta 225.0°,4375,225.0,6.67,N/D,3136,adsb.lol,2026-10-08
2026-10-08 15:12:22,EWG7DL,3c49cc,N/D,Sorvolo,N/D,38000,40.22,13.42,N/D,64,adsb.lol,2026-10-08
2026-10-08 15:12:22,DLH66J,3c6655,N/D,Sorvolo,N/D,35975,36.4,10.82,N/D,32,adsb.lol,2026-10-08
2026-10-08 15:12:22,RYR6MJ,4d234c,RWY 28,Avvicinamento,Est -> Ovest,2200,284.61,9.75,N/D,-704,adsb.lol,2026-10-08
2026-10-08 15:14:24,RYR2NN,4d2246,N/D,Sorvolo,N/D,13100,354.24,5.91,N/D,2688,adsb.lol,2026-10-08
2026-10-08 15:14:24,TVF36UQ,39d315,N/D,Sorvolo,N/D,38000,309.47,12.93,N/D,0,adsb.lol,2026-10-08
2026-10-08 15:16:26,RYR6MJ,4d234c,RWY 28,Atterraggio,Est -> Ovest,875,284.96,1.89,Malta,-448,opensky,2026-10-08
2026-10-08 15:18:29,UNKNOWN,3009fd,N/D,Sorvolo,N/D,1600,194.39,11.08,N/D,64,adsb.lol,2026-10-08
2026-10-08 15:18:29,EZY52CE,400e13,N/D,Sorvolo,N/D,35950,322.88,12.61,N/D,64,adsb.lol,2026-10-08
2026-10-08 15:20:31,RYR11CV,4cad28,N/D,Sorvolo,N/D,2675,284.81,12.17,N/D,-1024,adsb.lol,2026-10-08
2026-10-08 15:20:31,RYR69NV,4d227d,N/D,Sorvolo,N/D,10550,197.05,13.91,N/D,-896,adsb.lol,2026-10-08
2026-10-08 15:22:32,RYR69NV,4d227d,N/D,Sorvolo,N/D,7150,179.82,14.91,N/D,-1728,adsb.lol,2026-10-08
2026-10-08 15:22:32,AUA524J,44081f,N/D,Sorvolo,N/D,13675,80.84,7.44,N/D,2368,adsb.lol,2026-10-08
2026-10-08 15:22:32,RYR11CV,4cad28,RWY 28,Avvicinamento,Est -> Ovest,1475,284.86,5.28,N/D,-640,adsb.lol,2026-10-08
2026-10-08 15:24:37,RYR11CV,4cad28,RWY 28,Atterraggio,Est -> Ovest,900,284.49,1.96,Ireland,-639,opensky,2026-10-08
2026-10-08 15:26:44,RYR6AQ,4cadbc,N/D,Sorvolo,N/D,5225,219.51,10.92,N/D,2176,adsb.lol,2026-10-08
2026-10-08 15:28:46,RYR69NV,4d227d,N/D,Sorvolo,N/D,1675,284.94,11.63,N/D,-1088,adsb.fi,2026-10-08
2026-10-08 15:32:50,RYR6YV,4ca8db,N/D,Decollo,Rotta 243.9°,2150,243.88,2.8,N/D,2560,adsb.lol,2026-10-08
2026-10-08 15:32:50,RYR363E,4d2382,N/D,Sorvolo,N/D,8950,133.07,7.68,N/D,-1984,adsb.lol,2026-10-08
2026-10-08 15:34:51,RYR6YV,4ca8db,N/D,Sorvolo,N/D,6950,223.92,14.53,N/D,3200,adsb.lol,2026-10-08
2026-10-08 15:36:53,RYR85MR,4d22b0,N/D,Sorvolo,N/D,36550,238.88,11.11,N/D,448,adsb.lol,2026-10-08
2026-10-08 15:36:53,RYR19VQ,4d21ed,N/D,Sorvolo,N/D,5775,225.9,12.12,N/D,2368,adsb.lol,2026-10-08
2026-10-08 15:36:53,JSY4D,501e45,N/D,Sorvolo,N/D,14600,93.24,9.19,N/D,1984,adsb.lol,2026-10-08
2026-10-08 15:36:53,RYR6YV,4ca8db,N/D,Sorvolo,N/D,10700,70.92,13.15,N/D,896,adsb.lol,2026-10-08
2026-10-08 15:38:54,RYR363E,4d2382,N/D,Sorvolo,N/D,2850,284.81,13.34,N/D,-896,adsb.lol,2026-10-08
2026-10-08 15:38:54,WMT5CS,471f66,N/D,Sorvolo,N/D,24750,99.14,6.63,N/D,1536,adsb.lol,2026-10-08
2026-10-08 15:40:55,RYR363E,4d2382,RWY 28,Avvicinamento,Est -> Ovest,1500,284.93,5.47,N/D,-832,adsb.lol,2026-10-08
2026-10-08 15:42:56,LOT7YC,48af00,N/D,Sorvolo,N/D,37000,225.2,13.91,N/D,0,adsb.lol,2026-10-08
2026-10-08 15:45:11,LOT7YC,48af00,N/D,Sorvolo,N/D,37000,225.1,13.87,N/D,0,adsb.lol,2026-10-08
2026-10-08 15:45:11,RYR41WY,4cae4b,N/D,Decollo,Rotta 224.8°,4800,224.78,7.59,N/D,2496,adsb.lol,2026-10-08
2026-10-08 15:46:22,RYR2GQ,4caecb,N/D,Decollo,Rotta 221.7°,3725,221.74,5.75,N/D,3008,adsb.lol,2026-10-08
2026-10-08 15:46:22,EWG64A,4d240d,N/D,Sorvolo,N/D,39000,214.7,5.87,N/D,-64,adsb.lol,2026-10-08
2026-10-08 15:46:22,RYR41WY,4cae4b,N/D,Sorvolo,N/D,6925,214.56,14.69,N/D,704,adsb.lol,2026-10-08
2026-10-08 15:48:40,RYR38HN,4caa58,N/D,Decollo,Rotta 224.8°,4800,224.8,8.72,N/D,1216,adsb.fi,2026-10-08
2026-10-08 15:48:40,RYR2GQ,4caecb,N/D,Sorvolo,N/D,8425,81.0,7.89,N/D,4416,adsb.fi,2026-10-08
2026-10-08 15:48:40,NOS393,4ca8fb,N/D,Sorvolo,N/D,17350,262.54,9.19,N/D,-1344,adsb.fi,2026-10-08
2026-10-08 15:51:03,THY1896,4bb1e3,N/D,Sorvolo,N/D,19050,119.78,5.81,N/D,1792,adsb.fi,2026-10-08
2026-10-08 15:52:10,TVF63YH,39de4d,N/D,Sorvolo,N/D,38975,146.42,13.69,N/D,-64,adsb.lol,2026-10-08
2026-10-08 15:54:11,NOS9142,4cac36,N/D,Sorvolo,N/D,18050,269.69,3.65,N/D,-2240,adsb.lol,2026-10-08
2026-10-08 15:56:18,EJU89JK,440c96,N/D,Sorvolo,N/D,32000,273.9,5.12,N/D,64,adsb.lol,2026-10-08
2026-10-08 15:56:18,RYR28CC,4d234f,N/D,Sorvolo,N/D,9250,148.29,7.03,N/D,-1600,adsb.lol,2026-10-08
2026-10-08 15:56:18,WMT1KW,471efe,N/D,Decollo,Rotta 226.5°,3250,226.51,4.65,N/D,2432,adsb.lol,2026-10-08
2026-10-08 15:58:19,KNE397,711540,N/D,Sorvolo,N/D,20325,271.15,3.89,N/D,-2560,adsb.lol,2026-10-08
2026-10-08 16:00:25,RYR80WD,4d244a,N/D,Decollo,Rotta 247.5°,2175,247.46,2.96,N/D,2624,adsb.lol,2026-10-08
2026-10-08 16:02:27,RYR28CC,4d234f,N/D,Sorvolo,N/D,2300,285.31,10.08,N/D,-960,adsb.lol,2026-10-08
2026-10-08 16:02:27,RYR80WD,4d244a,N/D,Sorvolo,N/D,6750,152.68,13.68,N/D,2688,adsb.lol,2026-10-08
2026-10-08 16:02:27,RYR721U,4cae48,N/D,Decollo,Rotta 232.4°,2400,232.45,3.36,N/D,2368,adsb.lol,2026-10-08
2026-10-08 16:04:48,RYR80WD,4d244a,N/D,Sorvolo,N/D,11350,63.73,10.36,N/D,2048,adsb.fi,2026-10-08
2026-10-08 16:06:49,TWY625,a82a61,N/D,Sorvolo,N/D,34000,276.08,11.35,N/D,0,adsb.lol,2026-10-08
2026-10-08 16:06:49,PGT1213,4bc8c3,N/D,Sorvolo,N/D,2700,285.26,12.28,N/D,-832,adsb.lol,2026-10-08
2026-10-08 16:08:50,JFL251,440432,N/D,Sorvolo,N/D,22750,211.69,10.0,N/D,-2208,adsb.lol,2026-10-08
2026-10-08 16:08:50,PGT1213,4bc8c3,RWY 28,Atterraggio,Est -> Ovest,1425,285.22,4.89,N/D,-768,adsb.lol,2026-10-08
2026-10-08 16:10:51,JFL251,440432,N/D,Sorvolo,N/D,17225,214.88,13.5,N/D,-3008,adsb.lol,2026-10-08
2026-10-08 16:10:51,PGT599L,4b9069,N/D,Sorvolo,N/D,36000,275.98,4.83,N/D,64,adsb.lol,2026-10-08
2026-10-08 16:12:55,PGT1213,4bc8c3,RWY 28,Atterraggio,Est -> Ovest,925,284.83,2.03,Turkey,-767,opensky,2026-10-08
2026-10-08 16:12:55,UNKNOWN,3009fc,N/D,Sorvolo,N/D,1600,297.76,11.42,Italy,767,opensky,2026-10-08
2026-10-08 16:14:56,ICNTX,3009fc,N/D,Sorvolo,N/D,2025,251.57,13.02,N/D,64,adsb.lol,2026-10-08
2026-10-08 16:14:56,RYR74PT,4d2217,N/D,Sorvolo,N/D,2550,284.79,11.48,N/D,-1024,adsb.lol,2026-10-08
2026-10-08 16:16:59,RYR74PT,4d2217,RWY 28,Atterraggio,Est -> Ovest,950,284.7,2.27,Malta,-767,opensky,2026-10-08
2026-10-08 16:19:01,RYR74PT,4d2217,RWY 28,Atterraggio,Est -> Ovest,900,284.8,1.98,Malta,-767,opensky,2026-10-08
2026-10-08 16:20:04,ICNTM,3009fd,N/D,Sorvolo,N/D,1850,82.09,14.68,N/D,0,adsb.lol,2026-10-08
2026-10-08 16:20:04,RYR91CV,4cae49,N/D,Decollo,Rotta 223.6°,3025,223.6,4.65,N/D,2432,adsb.lol,2026-10-08
2026-10-08 16:22:08,RYR41CG,4d234d,N/D,Sorvolo,N/D,11425,121.15,9.63,N/D,-1600,adsb.lol,2026-10-08
2026-10-08 16:22:08,ICNTM,3009fd,N/D,Avvicinamento,Rotta 35.2°,1925,35.17,9.85,N/D,448,adsb.lol,2026-10-08
2026-10-08 16:22:08,RYR91CV,4cae49,N/D,Sorvolo,N/D,7025,160.22,14.13,N/D,1536,adsb.lol,2026-10-08
2026-10-08 16:24:09,ICNTM,3009fd,N/D,Sorvolo,N/D,1350,94.82,10.1,N/D,-1344,adsb.lol,2026-10-08
2026-10-08 16:24:09,RYR41CG,4d234d,N/D,Sorvolo,N/D,8325,156.67,9.43,N/D,-1344,adsb.lol,2026-10-08
2026-10-08 16:26:22,ICNTM,3009fd,N/D,Sorvolo,N/D,1825,203.4,11.41,N/D,0,adsb.lol,2026-10-08
2026-10-08 16:28:23,ICNTM,3009fd,N/D,Avvicinamento,Rotta 17.0°,1400,16.99,9.91,N/D,-512,adsb.lol,2026-10-08
2026-10-08 16:28:23,RYR98RD,4cad28,N/D,Sorvolo,N/D,4875,174.29,10.3,N/D,1024,adsb.lol,2026-10-08
2026-10-08 16:30:24,RYR1QN,4d234c,N/D,Decollo,Rotta 221.3°,4850,221.35,9.39,N/D,640,adsb.lol,2026-10-08
2026-10-08 16:30:24,CSW447,4b193a,N/D,Sorvolo,N/D,34000,311.87,2.36,N/D,-64,adsb.lol,2026-10-08
2026-10-08 16:30:24,RYR41CG,4d234d,RWY 28,Avvicinamento,Est -> Ovest,2100,284.97,8.92,N/D,-960,adsb.lol,2026-10-08
2026-10-08 16:32:25,MSR705,010163,N/D,Sorvolo,N/D,16875,270.0,3.77,N/D,-2112,adsb.lol,2026-10-08
2026-10-08 16:32:25,RYR873M,4ca8e7,N/D,Sorvolo,N/D,10250,152.46,2.63,N/D,-1024,adsb.lol,2026-10-08
2026-10-08 16:34:28,RYR41CG,4d234d,RWY 28,Atterraggio,Est -> Ovest,875,285.11,1.89,Malta,-704,opensky,2026-10-08
2026-10-08 16:36:29,RYR52YR,4d227d,N/D,Decollo,Rotta 222.4°,3925,222.41,5.91,N/D,3264,adsb.lol,2026-10-08
2026-10-08 16:38:30,RYR873M,4ca8e7,N/D,Sorvolo,N/D,2600,285.17,11.86,N/D,-1024,adsb.lol,2026-10-08
2026-10-08 16:38:30,ICNTX,3009fc,RWY 10,Avvicinamento,Ovest -> Est,1975,106.8,9.87,N/D,-448,adsb.lol,2026-10-08
2026-10-08 16:38:30,EJU31LH,4ca82f,N/D,Sorvolo,N/D,21300,225.0,11.54,N/D,-2112,adsb.lol,2026-10-08
2026-10-08 16:40:32,RYR873M,4ca8e7,RWY 28,Avvicinamento,Est -> Ovest,1475,285.26,5.33,N/D,-512,adsb.lol,2026-10-08
2026-10-08 16:40:32,ICNTX,3009fc,N/D,Avvicinamento,Rotta 315.0°,1775,315.0,9.57,N/D,-1152,adsb.lol,2026-10-08
2026-10-08 16:40:32,N702BD,a95c19,N/D,Sorvolo,N/D,38000,313.43,4.41,N/D,32,adsb.lol,2026-10-08
2026-10-08 16:40:32,RYR306H,4d2382,N/D,Decollo,Rotta 222.8°,3700,222.84,6.36,N/D,2624,adsb.lol,2026-10-08
2026-10-08 16:42:33,ICNTX,3009fc,RWY 10,Decollo,Ovest -> Est,1675,78.69,8.95,N/D,576,adsb.lol,2026-10-08
2026-10-08 16:42:33,RYR306H,4d2382,N/D,Sorvolo,N/D,7600,58.42,11.35,N/D,3136,adsb.lol,2026-10-08
2026-10-08 16:44:35,ICNTX,3009fc,N/D,Avvicinamento,Rotta 340.7°,1675,340.74,9.56,N/D,-576,adsb.lol,2026-10-08
2026-10-08 16:44:35,RYR306H,4d2382,N/D,Sorvolo,N/D,13075,350.54,3.26,N/D,2624,adsb.lol,2026-10-08
2026-10-08 16:46:36,ICNTX,3009fc,RWY 10,Decollo,Ovest -> Est,1675,110.64,9.38,N/D,576,adsb.lol,2026-10-08
2026-10-08 16:46:36,RYR96EU,4caeca,RWY 28,Avvicinamento,Est -> Ovest,2175,284.57,9.54,N/D,-1152,adsb.lol,2026-10-08
2026-10-08 16:48:54,ICNTX,3009fc,N/D,Avvicinamento,Rotta 318.1°,1600,318.07,9.28,N/D,-704,adsb.lol,2026-10-08
2026-10-08 16:48:54,JSF407,472fd4,N/D,Sorvolo,N/D,17250,214.0,8.01,N/D,-1847,adsb.lol,2026-10-08
2026-10-08 16:50:55,RYR1AP,4ca6fb,N/D,Decollo,Rotta 228.5°,2700,228.5,3.74,N/D,2240,adsb.lol,2026-10-08
2026-10-08 16:50:55,ICNTX,3009fc,N/D,Avvicinamento,Rotta 21.5°,1825,21.47,8.71,N/D,64,adsb.lol,2026-10-08
2026-10-08 16:53:01,ICNTX,3009fc,N/D,Avvicinamento,Rotta 316.9°,1700,316.91,9.71,N/D,-1024,adsb.lol,2026-10-08
2026-10-08 16:53:01,RYR1AP,4ca6fb,N/D,Sorvolo,N/D,6575,148.45,12.33,N/D,2816,adsb.lol,2026-10-08
2026-10-08 16:54:08,RYR9WA,4caa57,N/D,Sorvolo,N/D,3050,285.01,14.52,N/D,-1024,adsb.lol,2026-10-08
2026-10-08 16:56:11,HBVBE,4b3792,N/D,Sorvolo,N/D,7300,224.77,9.49,N/D,3968,adsb.lol,2026-10-08
2026-10-08 16:56:11,RYR9WA,4caa57,RWY 28,Avvicinamento,Est -> Ovest,1450,284.67,5.23,N/D,-832,adsb.lol,2026-10-08
2026-10-08 16:58:16,RYR734J,4ca9cc,N/D,Sorvolo,N/D,36000,40.13,11.12,N/D,64,adsb.lol,2026-10-08
2026-10-08 16:58:16,HBVBE,4b3792,N/D,Sorvolo,N/D,13450,334.68,6.32,N/D,1472,adsb.lol,2026-10-08
2026-10-08 17:00:33,NOS4552,4cae05,N/D,Sorvolo,N/D,19375,258.99,10.84,N/D,1664,adsb.lol,2026-10-08
2026-10-08 17:00:33,CFG6PD,452126,N/D,Sorvolo,N/D,36000,38.0,7.42,N/D,32,adsb.lol,2026-10-08
2026-10-08 17:04:37,RYR33VK,4d224c,RWY 28,Avvicinamento,Est -> Ovest,1750,285.11,7.04,N/D,-896,adsb.lol,2026-10-08
2026-10-08 17:06:39,RYR394R,4d2217,N/D,Sorvolo,N/D,5400,225.19,9.96,N/D,3328,adsb.lol,2026-10-08
2026-10-08 17:06:39,TVF70VW,39cea3,N/D,Sorvolo,N/D,38000,293.25,10.88,N/D,64,adsb.lol,2026-10-08
2026-10-08 17:06:39,RYR3JR,4cac85,N/D,Sorvolo,N/D,3025,284.81,14.32,N/D,-960,adsb.lol,2026-10-08
2026-10-08 17:08:40,EJU79DF,440389,N/D,Sorvolo,N/D,19775,270.0,4.59,N/D,-1728,adsb.lol,2026-10-08
2026-10-08 17:08:40,RYR3JR,4cac85,RWY 28,Atterraggio,Est -> Ovest,1350,284.84,4.64,N/D,-896,adsb.lol,2026-10-08
2026-10-08 17:08:40,EZS81ZB,4b027c,N/D,Sorvolo,N/D,38000,277.31,11.41,N/D,-64,adsb.lol,2026-10-08
2026-10-08 17:10:47,EJU59FK,4404a4,N/D,Sorvolo,N/D,14450,86.37,11.01,N/D,2432,adsb.lol,2026-10-08
2026-10-08 17:12:53,RYR3JR,4cac85,RWY 28,Atterraggio,Est -> Ovest,900,284.51,2.07,Ireland,-704,opensky,2026-10-08
2026-10-08 17:14:55,NSZ5TQ,4aca15,N/D,Sorvolo,N/D,36000,45.65,5.18,N/D,0,adsb.lol,2026-10-08
2026-10-08 17:14:55,RYR35BF,48c2b0,N/D,Sorvolo,N/D,37000,235.18,13.52,N/D,0,adsb.lol,2026-10-08
2026-10-08 17:17:07,RYR13GH,4d234f,N/D,Decollo,Rotta 221.2°,3275,221.25,5.06,N/D,2560,adsb.lol,2026-10-08
2026-10-08 17:18:12,RYR13GH,4d234f,N/D,Sorvolo,N/D,5550,225.55,11.71,N/D,2048,adsb.lol,2026-10-08
2026-10-08 17:18:12,EJU15ZP,440198,N/D,Sorvolo,N/D,21025,269.03,14.24,N/D,-1024,adsb.lol,2026-10-08
2026-10-08 17:18:12,NSZ5504,47a039,N/D,Sorvolo,N/D,36000,47.17,10.08,N/D,0,adsb.lol,2026-10-08
2026-10-08 17:20:34,THY9YH,4bb1e4,N/D,Sorvolo,N/D,17075,270.31,2.85,N/D,-1600,adsb.fi,2026-10-08
2026-10-08 17:22:55,DLH3RT,3006b5,N/D,Sorvolo,N/D,17875,211.57,7.21,N/D,-2048,adsb.fi,2026-10-08
2026-10-08 17:22:55,RYR42UP,4cadbf,N/D,Sorvolo,N/D,10975,225.33,3.11,N/D,128,adsb.fi,2026-10-08
2026-10-08 17:24:56,RYR42UP,4cadbf,N/D,Sorvolo,N/D,9825,156.52,13.71,N/D,-704,adsb.lol,2026-10-08
2026-10-08 17:24:56,RYR99SQ,48c22f,RWY 28,Avvicinamento,Est -> Ovest,1775,284.55,7.2,N/D,-832,adsb.lol,2026-10-08
2026-10-08 17:26:58,RYR4DU,4d22be,N/D,Sorvolo,N/D,37000,238.77,9.72,N/D,32,adsb.lol,2026-10-08
2026-10-08 17:26:58,AEZ2222,46866b,N/D,Sorvolo,N/D,2600,285.51,11.82,N/D,-896,adsb.lol,2026-10-08
2026-10-08 17:28:59,PGT40XK,4bc8c3,N/D,Decollo,Rotta 231.2°,2800,231.23,4.09,N/D,2496,adsb.lol,2026-10-08
2026-10-08 17:28:59,AEZ2222,46866b,RWY 28,Atterraggio,Est -> Ovest,1350,284.99,4.68,N/D,-704,adsb.lol,2026-10-08
2026-10-08 17:28:59,RYR81PR,4ca225,N/D,Sorvolo,N/D,2775,285.14,12.76,N/D,-960,adsb.lol,2026-10-08
2026-10-08 17:28:59,RYR84SX,4ca893,N/D,Sorvolo,N/D,21450,85.44,12.01,N/D,2304,adsb.lol,2026-10-08
2026-10-08 17:31:00,RYR81PR,4ca225,RWY 28,Avvicinamento,Est -> Ovest,1500,284.69,5.51,N/D,-832,adsb.lol,2026-10-08
2026-10-08 17:31:00,PGT40XK,4bc8c3,N/D,Sorvolo,N/D,6275,103.73,11.1,N/D,2368,adsb.lol,2026-10-08
2026-10-08 17:32:11,PGT40XK,4bc8c3,N/D,Sorvolo,N/D,9525,102.23,12.75,N/D,2944,adsb.lol,2026-10-08
2026-10-08 17:32:11,RYR38KW,4ca647,RWY 28,Avvicinamento,Est -> Ovest,2150,284.85,9.33,N/D,-1024,adsb.lol,2026-10-08
2026-10-08 17:34:12,RYR42UP,4cadbf,N/D,Sorvolo,N/D,2775,285.12,12.87,N/D,-960,adsb.lol,2026-10-08
2026-10-08 17:34:12,RYR442N,4d234d,N/D,Decollo,Rotta 225.5°,3650,225.47,6.43,N/D,1216,adsb.lol,2026-10-08
2026-10-08 17:36:26,RYR42UP,4cadbf,RWY 28,Avvicinamento,Est -> Ovest,1475,284.96,5.37,N/D,-832,adsb.lol,2026-10-08
2026-10-08 17:38:27,BCS991,3c68cb,N/D,Sorvolo,N/D,20725,269.39,13.24,N/D,-1984,adsb.lol,2026-10-08
2026-10-08 17:40:35,RYR29GX,4ca8e7,N/D,Sorvolo,N/D,5900,247.4,12.17,N/D,2624,adsb.lol,2026-10-08
2026-10-08 17:40:35,BCS991,3c68cb,N/D,Sorvolo,N/D,16700,246.07,12.84,N/D,-2560,adsb.lol,2026-10-08
2026-10-08 17:48:04,RYR84CE,4caa57,N/D,Decollo,Rotta 225.2°,2625,225.23,3.71,N/D,2624,adsb.lol,2026-10-08
2026-10-08 17:50:05,RYR84CE,4caa57,N/D,Sorvolo,N/D,7075,64.24,5.34,N/D,1280,adsb.lol,2026-10-08
2026-10-08 17:52:06,RYR556U,4d22b1,N/D,Sorvolo,N/D,34975,238.6,8.68,N/D,0,adsb.lol,2026-10-08
2026-10-08 17:52:06,RYR44CH,4ca4f2,RWY 28,Avvicinamento,Est -> Ovest,1650,284.69,6.34,N/D,-768,adsb.lol,2026-10-08
2026-10-08 17:52:06,RYR81CB,4caeca,N/D,Sorvolo,N/D,6075,267.77,12.91,N/D,1280,adsb.lol,2026-10-08
2026-10-08 17:54:16,MOCNY,43ea72,N/D,Sorvolo,N/D,18250,211.65,11.02,N/D,-992,adsb.lol,2026-10-08
2026-10-08 17:56:18,MOCNY,43ea72,N/D,Sorvolo,N/D,15500,202.57,9.65,N/D,-1664,adsb.lol,2026-10-08
2026-10-08 17:58:19,RYR145Q,4d2215,RWY 28,Decollo,Est -> Ovest,1700,280.18,1.65,N/D,2816,adsb.lol,2026-10-08
2026-10-08 18:00:43,WMT579,4d20ff,N/D,Sorvolo,N/D,21925,99.3,9.75,N/D,1728,adsb.lol,2026-10-08
2026-10-08 18:00:43,RYR145Q,4d2215,N/D,Sorvolo,N/D,7875,143.55,13.9,N/D,3072,adsb.lol,2026-10-08
2026-10-08 18:02:44,RYR97SY,4cac85,N/D,Decollo,Rotta 221.7°,2950,221.72,4.56,N/D,2368,adsb.lol,2026-10-08
2026-10-08 18:02:44,RYR987,48c238,N/D,Sorvolo,N/D,28400,96.82,3.89,N/D,960,adsb.lol,2026-10-08
2026-10-08 18:04:45,AFR1226,3991e6,N/D,Sorvolo,N/D,31050,108.59,11.93,N/D,-1920,adsb.lol,2026-10-08
2026-10-08 18:06:52,RYR98ML,4ca704,N/D,Sorvolo,N/D,10800,128.5,8.25,N/D,-2112,adsb.lol,2026-10-08
2026-10-08 18:08:53,RYR34DV,4d224c,N/D,Sorvolo,N/D,5375,225.0,9.24,N/D,2304,adsb.lol,2026-10-08
2026-10-08 18:08:53,RYR19SV,4caf35,N/D,Sorvolo,N/D,37000,242.2,5.46,N/D,32,adsb.lol,2026-10-08
2026-10-08 18:08:53,RYR98ML,4ca704,N/D,Sorvolo,N/D,7275,127.8,12.32,N/D,-1536,adsb.lol,2026-10-08
2026-10-08 18:14:15,RYR98ML,4ca704,RWY 28,Avvicinamento,Est -> Ovest,1450,284.76,5.24,N/D,-832,adsb.lol,2026-10-08
2026-10-08 18:16:29,RYR98ML,4ca704,RWY 28,Atterraggio,Est -> Ovest,875,285.05,1.99,Ireland,-767,opensky,2026-10-08
2026-10-08 18:18:37,AFR35CQ,3991e7,N/D,Sorvolo,N/D,32425,292.38,8.34,N/D,640,adsb.lol,2026-10-08
2026-10-08 18:18:37,VLG6208,345102,N/D,Sorvolo,N/D,36000,335.85,8.94,N/D,960,adsb.lol,2026-10-08
2026-10-08 18:20:39,PGT956,4b9069,N/D,Sorvolo,N/D,35025,97.52,12.62,N/D,-32,adsb.lol,2026-10-08
2026-10-08 18:20:39,RYR86XQ,4ca225,N/D,Sorvolo,N/D,6425,141.34,9.22,N/D,3584,adsb.lol,2026-10-08
2026-10-08 18:20:39,RYR43PX,4d221f,N/D,Sorvolo,N/D,2600,284.95,11.85,N/D,-1024,adsb.lol,2026-10-08
2026-10-08 18:22:49,RYR43PX,4d221f,RWY 28,Avvicinamento,Est -> Ovest,1425,284.96,5.22,N/D,-768,adsb.lol,2026-10-08
2026-10-08 18:22:49,AXY172C,4d20dd,N/D,Sorvolo,N/D,19975,270.0,12.48,N/D,-1344,adsb.lol,2026-10-08
2026-10-08 18:24:54,BBG154,4d21e6,RWY 28,Avvicinamento,Est -> Ovest,1750,285.08,7.1,N/D,-768,adsb.lol,2026-10-08
2026-10-08 18:24:54,RYR9RM,48c22f,RWY 28,Decollo,Est -> Ovest,1700,279.08,1.81,N/D,2560,adsb.lol,2026-10-08
2026-10-08 18:26:55,RYR91EJ,4cadbc,N/D,Sorvolo,N/D,2325,285.09,10.36,N/D,-896,adsb.lol,2026-10-08
2026-10-08 18:26:55,RYR9RM,48c22f,N/D,Sorvolo,N/D,6525,154.85,11.52,N/D,2368,adsb.lol,2026-10-08
2026-10-08 18:28:56,NOS4930,30019c,N/D,Sorvolo,N/D,23650,271.46,13.7,N/D,-1472,adsb.lol,2026-10-08
2026-10-08 18:31:13,NOS4930,30019c,N/D,Sorvolo,N/D,18350,269.84,13.05,N/D,-2496,adsb.lol,2026-10-08
2026-10-08 18:31:13,AEZ2223,46866b,N/D,Decollo,Rotta 226.0°,2275,225.98,3.41,N/D,1856,adsb.lol,2026-10-08
2026-10-08 18:32:14,NSZ5074,4aca9a,N/D,Sorvolo,N/D,36000,44.12,9.48,N/D,0,adsb.lol,2026-10-08
2026-10-08 18:32:14,MASBA,424c9d,N/D,Sorvolo,N/D,2800,283.79,12.8,N/D,-960,adsb.lol,2026-10-08
2026-10-08 18:32:14,AEZ2223,46866b,N/D,Decollo,Rotta 225.2°,4475,225.22,8.59,N/D,576,adsb.lol,2026-10-08
2026-10-08 18:34:15,EJU65TH,4402ae,N/D,Sorvolo,N/D,11675,83.77,13.7,N/D,2560,adsb.lol,2026-10-08
2026-10-08 18:34:15,RYR3SG,4ca647,RWY 28,Decollo,Est -> Ovest,4225,260.29,7.5,N/D,896,adsb.lol,2026-10-08
2026-10-08 18:34:15,MASBA,424c9d,RWY 28,Avvicinamento,Est -> Ovest,1475,284.96,6.73,N/D,-672,adsb.lol,2026-10-08
2026-10-08 18:36:16,EJU65TH,4402ae,N/D,Sorvolo,N/D,16450,82.61,13.23,N/D,2560,adsb.lol,2026-10-08
2026-10-08 18:38:29,RYR866B,4d21ed,N/D,Sorvolo,N/D,11875,131.26,1.91,N/D,-2304,adsb.lol,2026-10-08
2026-10-08 18:40:30,MJF1X,440443,N/D,Sorvolo,N/D,36000,326.61,13.7,N/D,0,adsb.lol,2026-10-08
2026-10-08 18:40:30,RYR115D,4d244a,N/D,Sorvolo,N/D,11825,194.44,12.87,N/D,-1024,adsb.lol,2026-10-08
2026-10-08 18:42:31,RYR115D,4d244a,N/D,Sorvolo,N/D,8550,193.56,14.27,N/D,-1472,adsb.lol,2026-10-08
2026-10-08 18:42:31,NSZ8JT,47875c,N/D,Sorvolo,N/D,36000,42.02,7.43,N/D,-64,adsb.lol,2026-10-08
2026-10-08 18:44:33,AUA405,440c8e,N/D,Sorvolo,N/D,35000,238.26,12.93,N/D,0,adsb.lol,2026-10-08
2026-10-08 18:44:33,MSR706,010163,N/D,Sorvolo,N/D,19750,71.97,14.7,N/D,1728,adsb.lol,2026-10-08
2026-10-08 18:44:33,RYR866B,4d21ed,N/D,Sorvolo,N/D,2750,285.2,12.75,N/D,-960,adsb.lol,2026-10-08
2026-10-08 18:46:40,MSR706,010163,N/D,Sorvolo,N/D,23925,71.61,9.95,N/D,1280,adsb.lol,2026-10-08
2026-10-08 18:46:40,RYR866B,4d21ed,RWY 28,Atterraggio,Est -> Ovest,1200,284.56,3.86,N/D,-896,adsb.lol,2026-10-08
2026-10-08 18:48:47,RYR115D,4d244a,RWY 28,Avvicinamento,Est -> Ovest,1525,284.86,5.66,N/D,-832,adsb.lol,2026-10-08
2026-10-08 18:50:51,DLH3PL,3006b5,N/D,Sorvolo,N/D,14425,76.46,6.61,N/D,2240,adsb.lol,2026-10-08
2026-10-08 18:50:51,RYR38JR,4ca801,N/D,Sorvolo,N/D,37000,113.68,12.13,N/D,-64,adsb.lol,2026-10-08
2026-10-08 18:52:53,RYR8511,4cadbf,N/D,Decollo,Rotta 234.8°,2075,234.8,3.22,N/D,2368,adsb.lol,2026-10-08
2026-10-08 18:52:53,AUA52TV,440824,N/D,Sorvolo,N/D,15000,210.64,7.63,N/D,-64,adsb.lol,2026-10-08
2026-10-08 18:54:55,AUA52TV,440824,N/D,Sorvolo,N/D,12575,203.05,13.03,N/D,-1472,adsb.lol,2026-10-08
2026-10-08 18:54:55,RYR8511,4cadbf,N/D,Sorvolo,N/D,6025,224.13,14.93,N/D,2240,adsb.lol,2026-10-08
2026-10-08 18:56:56,RYR2MP,4d2239,N/D,Sorvolo,N/D,2925,285.17,13.49,N/D,-960,adsb.lol,2026-10-08
2026-10-08 18:58:58,RYR2MP,4d2239,RWY 28,Atterraggio,Est -> Ovest,1400,284.22,4.86,N/D,-1024,adsb.lol,2026-10-08
2026-10-08 19:01:00,RYR2MP,4d2239,RWY 28,Atterraggio,Est -> Ovest,900,285.15,1.94,Malta,-767,opensky,2026-10-08
2026-10-08 19:02:03,RYR2MP,4d2239,RWY 28,Atterraggio,Est -> Ovest,900,285.15,1.94,Malta,-767,opensky,2026-10-08
2026-10-08 19:04:04,RYR8WW,4ca4f2,N/D,Sorvolo,N/D,6175,225.0,10.85,N/D,3136,adsb.lol,2026-10-08
2026-10-08 19:08:11,WZZ3384,4d24b4,N/D,Sorvolo,N/D,35000,237.93,13.02,N/D,-64,adsb.lol,2026-10-08
2026-10-08 19:12:18,RYR12LU,4ca704,N/D,Decollo,Rotta 225.5°,2550,225.46,3.72,N/D,2496,adsb.lol,2026-10-08
2026-10-08 19:14:19,RYR12LU,4ca704,N/D,Sorvolo,N/D,7150,149.04,13.13,N/D,3520,adsb.lol,2026-10-08
2026-10-08 19:16:21,RYR65SB,4d221f,N/D,Decollo,Rotta 142.4°,4650,142.43,6.54,N/D,2112,adsb.lol,2026-10-08
2026-10-08 19:20:25,RYR62FP,4caa58,RWY 28,Avvicinamento,Est -> Ovest,2225,284.89,9.85,N/D,-960,adsb.lol,2026-10-08
2026-10-08 19:22:26,RYR8MA,4cadbc,N/D,Sorvolo,N/D,5150,224.46,12.05,N/D,1792,adsb.lol,2026-10-08
2026-10-08 19:22:26,RYR62FP,4caa58,RWY 28,Atterraggio,Est -> Ovest,1150,285.05,3.65,N/D,-768,adsb.lol,2026-10-08
2026-10-08 19:24:30,NSZ2940,4aca82,N/D,Sorvolo,N/D,12300,217.32,5.81,N/D,-1792,adsb.lol,2026-10-08
2026-10-08 19:26:33,NSZ2940,4aca82,N/D,Sorvolo,N/D,9150,156.21,14.41,N/D,-1216,adsb.lol,2026-10-08
2026-10-08 19:26:33,EWG2886,3c5eef,N/D,Sorvolo,N/D,37000,118.8,6.63,N/D,-32,adsb.lol,2026-10-08
2026-10-08 19:26:33,RYR7GF,4ca9d0,N/D,Sorvolo,N/D,15275,252.95,14.4,N/D,-2816,adsb.lol,2026-10-08
2026-10-08 19:28:37,RYR56VF,4cad28,RWY 28,Avvicinamento,Est -> Ovest,1625,284.74,6.44,N/D,-768,adsb.lol,2026-10-08
2026-10-08 19:30:42,RYR56VF,4cad28,RWY 28,Atterraggio,Est -> Ovest,875,284.69,1.99,Ireland,-832,opensky,2026-10-08
2026-10-08 19:32:43,NSZ2940,4aca82,RWY 28,Atterraggio,Est -> Ovest,1375,285.26,4.79,N/D,-896,adsb.lol,2026-10-08
2026-10-08 19:34:44,ILMBD,300640,N/D,Avvicinamento,Rotta 47.4°,1250,47.4,9.95,N/D,-128,adsb.lol,2026-10-08
2026-10-08 19:36:45,ILMBD,300640,RWY 10,Avvicinamento,Ovest -> Est,1125,77.69,6.53,N/D,-256,adsb.lol,2026-10-08
2026-10-08 19:38:46,FTY14,440cbd,N/D,Sorvolo,N/D,24000,70.02,7.64,N/D,0,adsb.lol,2026-10-08
2026-10-08 19:38:46,AEZ2913,4d207a,N/D,Sorvolo,N/D,11375,110.24,8.76,N/D,896,adsb.lol,2026-10-08
2026-10-08 19:40:47,AEZ2913,4d207a,N/D,Sorvolo,N/D,12875,109.51,12.79,N/D,576,adsb.lol,2026-10-08
2026-10-08 19:40:47,RYR55WG,4d21ed,N/D,Decollo,Rotta 225.8°,4800,225.79,9.81,N/D,1280,adsb.lol,2026-10-08
2026-10-08 19:40:47,RYR77UX,4d22c2,N/D,Sorvolo,N/D,11275,136.64,10.86,N/D,-832,adsb.lol,2026-10-08
2026-10-08 19:42:48,RYR77UX,4d22c2,N/D,Sorvolo,N/D,11000,140.91,5.87,N/D,-32,adsb.lol,2026-10-08
2026-10-08 19:42:48,RYR55WG,4d21ed,N/D,Sorvolo,N/D,8925,67.76,9.5,N/D,1024,adsb.lol,2026-10-08
2026-10-08 19:44:49,RYR2DL,4d244a,N/D,Sorvolo,N/D,5000,225.0,11.79,N/D,2432,adsb.lol,2026-10-08
2026-10-08 19:46:55,RYR2DL,4d244a,N/D,Sorvolo,N/D,8800,60.86,11.97,N/D,896,adsb.lol,2026-10-08
2026-10-08 19:46:55,RBG544,0101fa,RWY 28,Avvicinamento,Est -> Ovest,2075,284.84,8.8,N/D,-832,adsb.lol,2026-10-08
2026-10-08 19:46:55,RYR40NP,4ca8db,N/D,Sorvolo,N/D,13000,217.34,4.38,N/D,0,adsb.lol,2026-10-08
2026-10-08 19:48:56,RYR40NP,4ca8db,N/D,Sorvolo,N/D,12650,150.57,12.78,N/D,-1792,adsb.lol,2026-10-08
2026-10-08 19:48:56,RYR2DL,4d244a,N/D,Sorvolo,N/D,12300,66.99,14.67,N/D,2304,adsb.lol,2026-10-08
2026-10-08 19:50:58,RBG544,0101fa,RWY 28,Atterraggio,Est -> Ovest,875,284.8,1.92,Egypt,-767,opensky,2026-10-08
2026-10-08 19:52:59,WMT927,4d248d,N/D,Sorvolo,N/D,2975,284.81,14.04,N/D,-960,adsb.lol,2026-10-08
2026-10-08 19:52:59,EJU104J,4403a7,N/D,Sorvolo,N/D,27350,65.98,13.81,N/D,1728,adsb.lol,2026-10-08
2026-10-08 19:54:00,EJU104J,4403a7,N/D,Sorvolo,N/D,29150,65.72,3.89,N/D,1664,adsb.lol,2026-10-08
2026-10-08 19:54:00,WMT927,4d248d,RWY 28,Avvicinamento,Est -> Ovest,2100,284.53,9.11,N/D,-704,adsb.lol,2026-10-08
2026-10-08 19:56:03,WMT927,4d248d,RWY 28,Atterraggio,Est -> Ovest,1125,284.77,3.39,N/D,-704,adsb.lol,2026-10-08
2026-10-08 19:56:03,RYR77UX,4d22c2,N/D,Sorvolo,N/D,2625,285.15,12.11,N/D,-832,adsb.lol,2026-10-08
2026-10-08 19:58:04,FIN50J,461faa,N/D,Sorvolo,N/D,21900,87.15,12.8,N/D,1664,adsb.lol,2026-10-08
2026-10-08 19:58:04,CSW639,4b193e,N/D,Sorvolo,N/D,36000,321.77,6.6,N/D,-192,adsb.lol,2026-10-08
2026-10-08 19:58:04,RYR77UX,4d22c2,RWY 28,Atterraggio,Est -> Ovest,1150,284.8,3.41,N/D,-704,adsb.lol,2026-10-08
2026-10-08 20:00:05,RYR2PG,4caecb,RWY 28,Avvicinamento,Est -> Ovest,1700,285.16,6.83,N/D,-896,adsb.lol,2026-10-08
2026-10-08 20:02:06,EZY18AP,406b90,N/D,Sorvolo,N/D,39025,120.38,14.86,N/D,64,adsb.lol,2026-10-08
2026-10-08 20:04:07,RYR40NP,4ca8db,RWY 28,Atterraggio,Est -> Ovest,1350,284.76,4.77,N/D,-896,adsb.lol,2026-10-08
2026-10-08 20:04:07,EZY18AP,406b90,N/D,Sorvolo,N/D,38975,120.65,14.43,N/D,-64,adsb.lol,2026-10-08
2026-10-08 20:04:07,ITY2109,4cad59,N/D,Sorvolo,N/D,13475,95.97,9.16,N/D,2112,adsb.lol,2026-10-08
2026-10-08 20:06:08,WZZ2179,471dbe,N/D,Sorvolo,N/D,34950,233.54,14.34,N/D,32,adsb.lol,2026-10-08
2026-10-08 20:08:11,RYR40NP,4ca8db,RWY 28,Atterraggio,Est -> Ovest,850,284.78,1.87,Ireland,-704,opensky,2026-10-08
2026-10-08 20:10:12,RYR3GM,4ca61d,N/D,Sorvolo,N/D,37000,118.83,11.21,N/D,-64,adsb.lol,2026-10-08
2026-10-08 20:10:12,THY90Q,4bb1e4,N/D,Sorvolo,N/D,20000,77.81,11.26,N/D,128,adsb.lol,2026-10-08
2026-10-08 20:14:21,RYR34FU,4ca6fb,N/D,Sorvolo,N/D,2575,284.71,11.81,N/D,-1024,adsb.lol,2026-10-08
2026-10-08 20:16:22,MPC001,4c31e2,N/D,Sorvolo,N/D,17650,264.36,4.3,N/D,-1024,adsb.lol,2026-10-08
2026-10-08 20:16:22,RYR1KY,4caa58,N/D,Decollo,Rotta 225.0°,4950,225.0,8.83,N/D,2944,adsb.lol,2026-10-08
2026-10-08 20:16:22,RYR34FU,4ca6fb,RWY 28,Atterraggio,Est -> Ovest,1300,284.65,4.45,N/D,-768,adsb.lol,2026-10-08
2026-10-08 20:18:23,AEE5IN,46b832,N/D,Sorvolo,N/D,24875,77.13,6.7,N/D,1152,adsb.lol,2026-10-08
2026-10-08 20:18:23,SPJMP,48e939,N/D,Sorvolo,N/D,9000,197.37,12.14,N/D,0,adsb.lol,2026-10-08
2026-10-08 20:18:23,RYR1KY,4caa58,N/D,Sorvolo,N/D,8000,113.2,14.44,N/D,-384,adsb.lol,2026-10-08
2026-10-08 20:20:25,RYR4FD,4d2239,N/D,Decollo,Rotta 218.7°,3400,218.66,6.03,N/D,2112,adsb.lol,2026-10-08
2026-10-08 20:20:25,RYR7BE,4d234c,RWY 28,Avvicinamento,Est -> Ovest,1775,284.45,7.34,N/D,-768,adsb.lol,2026-10-08
2026-10-08 20:22:29,RYR52BG,4ca810,N/D,Sorvolo,N/D,9250,150.55,2.31,N/D,-1344,adsb.lol,2026-10-08
2026-10-08 20:22:29,EJU57KY,440610,N/D,Sorvolo,N/D,29175,97.75,13.45,N/D,1792,adsb.lol,2026-10-08
2026-10-08 20:24:34,RYR538B,4cad28,N/D,Decollo,Rotta 231.9°,2175,231.9,3.38,N/D,2496,adsb.lol,2026-10-08
2026-10-08 20:26:35,SPJMP,48e939,RWY 28,Avvicinamento,Est -> Ovest,1925,284.81,7.96,N/D,-768,adsb.lol,2026-10-08
2026-10-08 20:26:35,AUA528L,440824,N/D,Sorvolo,N/D,12650,68.78,11.41,N/D,1472,adsb.lol,2026-10-08
2026-10-08 20:28:37,SPJMP,48e939,RWY 28,Atterraggio,Est -> Ovest,900,284.77,2.05,Poland,-576,opensky,2026-10-08
2026-10-08 20:30:43,CCA750,78115d,N/D,Sorvolo,N/D,20775,85.78,12.37,N/D,2304,adsb.lol,2026-10-08
2026-10-08 20:30:43,RYR52BG,4ca810,RWY 28,Avvicinamento,Est -> Ovest,2200,285.34,9.86,N/D,-1024,adsb.lol,2026-10-08
2026-10-08 20:32:44,CRL907,39ae97,N/D,Sorvolo,N/D,40000,295.09,13.1,N/D,64,adsb.lol,2026-10-08
2026-10-08 20:32:44,RYR52BG,4ca810,RWY 28,Atterraggio,Est -> Ovest,1175,285.15,3.79,N/D,-768,adsb.lol,2026-10-08
2026-10-08 20:32:44,NOZ1846,47a743,N/D,Sorvolo,N/D,12200,126.62,10.73,N/D,-1152,adsb.lol,2026-10-08
2026-10-08 20:34:46,NOZ1846,47a743,N/D,Sorvolo,N/D,9725,127.46,13.87,N/D,-1024,adsb.lol,2026-10-08
2026-10-08 20:36:50,N162QS,a0fa8b,N/D,Sorvolo,N/D,45000,128.16,9.62,N/D,96,adsb.lol,2026-10-08
2026-10-08 20:36:50,NSZ2941,4aca82,N/D,Sorvolo,N/D,5000,222.94,10.06,N/D,1792,adsb.lol,2026-10-08
2026-10-08 20:36:50,WZZ4778,471fa2,N/D,Sorvolo,N/D,20650,232.5,6.81,N/D,-3264,adsb.lol,2026-10-08
2026-10-08 20:36:50,WMT454,4d2186,N/D,Sorvolo,N/D,22475,96.44,4.41,N/D,576,adsb.lol,2026-10-08
2026-10-08 20:36:50,RYR465E,4cae48,N/D,Sorvolo,N/D,2250,285.01,10.03,N/D,-960,adsb.lol,2026-10-08
2026-10-08 20:38:51,ASL14G,4c0263,N/D,Sorvolo,N/D,25975,270.3,14.37,N/D,64,adsb.lol,2026-10-08
2026-10-08 20:38:51,RYR465E,4cae48,RWY 28,Atterraggio,Est -> Ovest,1325,284.31,4.73,N/D,-704,adsb.lol,2026-10-08
2026-10-08 20:38:51,NSZ2941,4aca82,N/D,Sorvolo,N/D,8950,68.79,14.83,N/D,2688,adsb.lol,2026-10-08
2026-10-08 20:38:51,TJD265,30093a,N/D,Sorvolo,N/D,16125,212.87,10.6,N/D,-864,adsb.lol,2026-10-08
2026-10-08 20:40:55,ASL14G,4c0263,N/D,Sorvolo,N/D,21725,270.0,9.47,N/D,-3968,adsb.lol,2026-10-08
2026-10-08 20:42:58,RYR372Y,4d234d,N/D,Sorvolo,N/D,2400,284.65,10.91,N/D,-1088,adsb.lol,2026-10-08
2026-10-08 20:44:59,RYR372Y,4d234d,RWY 28,Decollo,Est -> Ovest,2825,284.38,0.63,N/D,2688,adsb.lol,2026-10-08
2026-10-08 20:44:59,RYR1WF,4cae49,N/D,Sorvolo,N/D,3050,285.14,14.67,N/D,-960,adsb.lol,2026-10-08
2026-10-08 20:47:01,RYR372Y,4d234d,N/D,Sorvolo,N/D,7550,169.76,11.33,N/D,1920,adsb.lol,2026-10-08
2026-10-08 20:47:01,RYR1WF,4cae49,RWY 28,Avvicinamento,Est -> Ovest,1425,284.96,5.15,N/D,-768,adsb.lol,2026-10-08
2026-10-08 20:47:01,TVF38EU,39de53,N/D,Sorvolo,N/D,38000,292.15,14.23,N/D,0,adsb.lol,2026-10-08
2026-10-08 20:48:03,RYR372Y,4d234d,N/D,Sorvolo,N/D,8000,124.33,9.85,N/D,0,adsb.lol,2026-10-08
2026-10-08 20:48:03,RYR1WF,4cae49,RWY 28,Atterraggio,Est -> Ovest,1225,285.0,4.06,N/D,0,adsb.lol,2026-10-08
2026-10-08 20:50:10,NOZ1846,47a743,RWY 28,Avvicinamento,Est -> Ovest,1375,284.82,5.02,N/D,-768,adsb.lol,2026-10-08
2026-10-08 20:52:12,AEZ2033,46c9a1,N/D,Sorvolo,N/D,26950,107.58,5.57,N/D,1152,adsb.lol,2026-10-08
2026-10-08 20:54:13,WMT169,4d248d,RWY 28,Decollo,Est -> Ovest,1725,285.1,1.34,N/D,2944,adsb.lol,2026-10-08
2026-10-08 20:54:13,WZZ3LB,4d2527,RWY 28,Avvicinamento,Est -> Ovest,1800,285.12,7.3,N/D,-832,adsb.lol,2026-10-08
2026-10-08 20:56:15,WZZ4778,471fa2,N/D,Sorvolo,N/D,2825,284.79,13.35,N/D,-960,adsb.lol,2026-10-08
2026-10-08 20:56:15,WMT169,4d248d,N/D,Sorvolo,N/D,6125,265.88,12.44,N/D,3776,adsb.lol,2026-10-08
2026-10-08 20:58:16,WZZ4778,471fa2,RWY 28,Atterraggio,Est -> Ovest,1225,284.91,4.05,N/D,-704,adsb.lol,2026-10-08
2026-10-08 20:58:16,LGL65R,4d00f5,N/D,Sorvolo,N/D,37000,127.18,10.2,N/D,128,adsb.lol,2026-10-08
2026-10-08 21:00:17,RYR372Y,4d234d,N/D,Sorvolo,N/D,2375,284.65,10.76,N/D,-960,adsb.lol,2026-10-08
2026-10-08 21:02:20,TVS4FH,49d414,N/D,Sorvolo,N/D,38000,40.64,6.29,N/D,-128,adsb.lol,2026-10-08
2026-10-08 21:02:20,RYR372Y,4d234d,RWY 28,Atterraggio,Est -> Ovest,1175,284.39,3.92,N/D,-704,adsb.lol,2026-10-08
2026-10-08 21:04:21,SRR6401,45cf24,N/D,Sorvolo,N/D,3000,285.78,14.16,N/D,-960,adsb.lol,2026-10-08
2026-10-08 21:06:22,SRR6401,45cf24,RWY 28,Avvicinamento,Est -> Ovest,1425,284.7,5.05,N/D,-704,adsb.lol,2026-10-08
2026-10-08 21:08:23,WMT917,471d6b,N/D,Sorvolo,N/D,2900,285.0,13.81,N/D,-960,adsb.lol,2026-10-08
2026-10-08 21:10:24,WMT917,471d6b,RWY 28,Decollo,Est -> Ovest,3125,284.86,3.33,N/D,768,adsb.lol,2026-10-08
2026-10-08 21:10:24,WMT7SR,4d24ae,N/D,Sorvolo,N/D,20775,92.36,4.11,N/D,1472,adsb.lol,2026-10-08
2026-10-08 21:12:26,WMT917,471d6b,N/D,Decollo,Rotta 156.6°,4575,156.58,7.31,N/D,832,adsb.lol,2026-10-08
2026-10-08 21:12:26,WMT2AZ,471dab,N/D,Sorvolo,N/D,2525,286.7,11.14,N/D,-1600,adsb.lol,2026-10-08
2026-10-08 21:12:26,RYR86JJ,4cae4c,N/D,Sorvolo,N/D,12950,112.33,14.04,N/D,-896,adsb.lol,2026-10-08
2026-10-08 21:14:27,WMT917,471d6b,N/D,Sorvolo,N/D,5050,133.99,13.25,N/D,32,adsb.lol,2026-10-08
2026-10-08 21:14:27,RYR86JJ,4cae4c,N/D,Sorvolo,N/D,11300,112.97,14.16,N/D,-960,adsb.lol,2026-10-08
2026-10-08 21:14:27,WMT2AZ,471dab,RWY 28,Atterraggio,Est -> Ovest,1350,285.22,4.82,N/D,-640,adsb.lol,2026-10-08
2026-10-08 21:14:27,RYR26AB,4ca6fb,RWY 28,Decollo,Est -> Ovest,3400,253.56,5.88,N/D,2624,adsb.lol,2026-10-08
2026-10-08 21:16:31,WMT2AZ,471dab,RWY 28,Atterraggio,Est -> Ovest,875,285.26,1.98,Hungary,-576,opensky,2026-10-08
2026-10-08 21:18:34,RYR87LN,4d234c,RWY 28,Decollo,Est -> Ovest,2650,280.54,3.63,N/D,2944,adsb.lol,2026-10-08
2026-10-08 21:20:36,WMT917,471d6b,RWY 28,Avvicinamento,Est -> Ovest,1900,285.04,8.08,N/D,-768,adsb.lol,2026-10-08
2026-10-08 21:22:39,WMT4XC,471f9e,N/D,Sorvolo,N/D,3000,284.99,14.42,N/D,-1024,adsb.lol,2026-10-08
2026-10-08 21:24:40,WMT4XC,471f9e,RWY 28,Avvicinamento,Est -> Ovest,1425,284.96,5.17,N/D,-704,adsb.lol,2026-10-08
2026-10-08 21:26:41,AWH27B,3cc253,N/D,Sorvolo,N/D,35000,238.94,12.98,N/D,0,adsb.lol,2026-10-08
2026-10-08 21:28:45,WMT3135,471f44,RWY 28,Avvicinamento,Est -> Ovest,1675,285.1,6.62,N/D,-704,adsb.lol,2026-10-08
2026-10-08 21:28:45,RBG545,0101fa,RWY 28,Decollo,Est -> Ovest,2850,265.63,4.83,N/D,1664,adsb.lol,2026-10-08
2026-10-08 21:30:46,RYR86JJ,4cae4c,RWY 28,Avvicinamento,Est -> Ovest,1975,284.88,8.44,N/D,-768,adsb.lol,2026-10-08
2026-10-08 21:32:47,RYR49HY,4cac85,N/D,Sorvolo,N/D,2975,285.09,14.29,N/D,-896,adsb.lol,2026-10-08
2026-10-08 21:34:48,RYR49HY,4cac85,RWY 28,Atterraggio,Est -> Ovest,1350,283.85,4.64,N/D,-704,adsb.lol,2026-10-08
2026-10-08 21:34:48,RYR41LZ,4ca8db,RWY 28,Decollo,Est -> Ovest,2750,285.23,3.9,N/D,1856,adsb.lol,2026-10-08
2026-10-08 21:34:48,ABR176,4caca2,N/D,Sorvolo,N/D,15275,139.11,8.26,N/D,-1088,adsb.lol,2026-10-08
2026-10-08 21:34:48,RYR785N,4ca80b,N/D,Sorvolo,N/D,21550,82.57,11.93,N/D,1664,adsb.lol,2026-10-08
2026-10-08 21:36:53,RYR9Z,48c2a7,N/D,Sorvolo,N/D,2400,284.29,11.02,N/D,-896,adsb.lol,2026-10-08
2026-10-08 21:38:54,RYR9Z,48c2a7,RWY 28,Atterraggio,Est -> Ovest,1325,284.86,4.62,N/D,-832,adsb.lol,2026-10-08
2026-10-08 21:40:57,RYR52MH,4d225b,RWY 28,Avvicinamento,Est -> Ovest,1625,284.69,6.31,N/D,-832,adsb.lol,2026-10-08
2026-10-08 21:42:59,TDR9442,501c39,N/D,Sorvolo,N/D,3050,285.23,14.73,N/D,-1024,adsb.lol,2026-10-08
2026-10-08 21:45:00,TDR9442,501c39,RWY 28,Avvicinamento,Est -> Ovest,1475,285.1,5.42,N/D,-704,adsb.lol,2026-10-08
2026-10-08 21:45:00,BBG151,4d21e6,RWY 28,Decollo,Est -> Ovest,3275,261.87,6.34,N/D,2304,adsb.lol,2026-10-08
2026-10-08 21:46:02,TDR9442,501c39,RWY 28,Atterraggio,Est -> Ovest,1275,284.99,4.33,N/D,-640,adsb.lol,2026-10-08
2026-10-08 21:46:02,BBG151,4d21e6,N/D,Sorvolo,N/D,4825,264.89,12.87,N/D,1280,adsb.lol,2026-10-08
2026-10-08 21:48:12,RYR58MU,4caecb,RWY 28,Decollo,Est -> Ovest,1700,284.66,2.32,N/D,2496,adsb.lol,2026-10-08
2026-10-08 21:48:12,RYR451P,4ca73f,RWY 28,Avvicinamento,Est -> Ovest,1725,285.26,6.94,N/D,-704,adsb.lol,2026-10-08
2026-10-08 21:50:14,NSZ3667,4aca98,N/D,Sorvolo,N/D,36000,34.38,11.24,N/D,-32,adsb.lol,2026-10-08
2026-10-08 21:52:15,ABY695,896719,RWY 28,Avvicinamento,Est -> Ovest,1875,284.52,7.81,N/D,-768,adsb.lol,2026-10-08
2026-10-08 21:52:15,RYR40QM,4caff7,N/D,Sorvolo,N/D,12975,132.48,14.83,N/D,-32,adsb.lol,2026-10-08
2026-10-08 21:52:15,RYR2CL,4ca810,RWY 28,Decollo,Est -> Ovest,3600,254.66,5.14,N/D,2752,adsb.lol,2026-10-08
2026-10-08 21:52:15,EZY48VN,400e5a,N/D,Sorvolo,N/D,32100,94.65,10.81,N/D,-2048,adsb.lol,2026-10-08
2026-10-08 21:54:18,RYR40QM,4caff7,N/D,Sorvolo,N/D,11000,142.55,0.48,N/D,0,adsb.lol,2026-10-08
2026-10-08 21:54:18,TVS2BC,49d42b,N/D,Sorvolo,N/D,40000,50.87,7.53,N/D,128,adsb.lol,2026-10-08
2026-10-08 21:56:19,RYR5AV,4d22c2,RWY 28,Decollo,Est -> Ovest,2075,284.56,2.11,N/D,2880,adsb.lol,2026-10-08
2026-10-08 21:56:19,RYR9YF,4d234f,RWY 28,Avvicinamento,Est -> Ovest,1575,284.96,6.1,N/D,-768,adsb.lol,2026-10-08
2026-10-08 21:56:19,RYR58MU,4caecb,N/D,Sorvolo,N/D,17100,66.72,14.0,N/D,1664,adsb.lol,2026-10-08
2026-10-08 21:58:20,RYR5AV,4d22c2,N/D,Sorvolo,N/D,5125,286.04,13.17,N/D,832,adsb.lol,2026-10-08
2026-10-08 21:58:20,EWG9QC,3c56ec,N/D,Sorvolo,N/D,38000,37.92,12.16,N/D,64,adsb.lol,2026-10-08
2026-10-08 22:00:46,AUA5UF,440826,N/D,Sorvolo,N/D,17500,213.27,9.95,N/D,-960,adsb.lol,2026-10-08
2026-10-08 22:00:46,WZZ5LW,471fa2,RWY 28,Decollo,Est -> Ovest,4025,255.42,7.39,N/D,1664,adsb.lol,2026-10-08
2026-10-08 22:02:47,RYR2TV,48c22f,RWY 28,Avvicinamento,Est -> Ovest,1675,284.51,6.79,N/D,-768,adsb.lol,2026-10-08
2026-10-08 22:02:47,RYR556Y,4cae48,RWY 28,Decollo,Est -> Ovest,3875,257.54,7.74,N/D,1792,adsb.lol,2026-10-08
2026-10-08 22:04:49,RYR40QM,4caff7,N/D,Sorvolo,N/D,2925,284.99,14.12,N/D,-960,adsb.lol,2026-10-08
2026-10-08 22:06:51,RYR40QM,4caff7,RWY 28,Atterraggio,Est -> Ovest,1150,284.74,3.8,N/D,-832,adsb.lol,2026-10-08
2026-10-08 22:08:54,RYR2TV,48c22f,RWY 28,Atterraggio,Est -> Ovest,825,284.7,1.82,Poland,-704,opensky,2026-10-08
2026-10-08 22:08:54,RYR40QM,4caff7,RWY 28,Atterraggio,Est -> Ovest,825,284.84,1.85,Ireland,-639,opensky,2026-10-08
2026-10-08 22:10:55,RYR540G,4d234d,RWY 28,Decollo,Est -> Ovest,2450,278.44,4.42,N/D,1856,adsb.lol,2026-10-08
2026-10-08 22:12:56,RYR540G,4d234d,N/D,Sorvolo,N/D,5425,168.85,11.7,N/D,1088,adsb.lol,2026-10-08
2026-10-08 22:12:56,RYR2689,4ca61c,N/D,Sorvolo,N/D,32625,285.18,14.96,N/D,128,adsb.lol,2026-10-08
2026-10-08 22:14:57,RYR45TN,4cae49,RWY 28,Decollo,Est -> Ovest,4275,257.53,8.49,N/D,1152,adsb.lol,2026-10-08
2026-10-08 22:16:59,NOZ1847,47a743,N/D,Decollo,Rotta 213.3°,2550,213.33,4.17,N/D,2368,adsb.lol,2026-10-08
2026-10-08 22:20:01,NOZ1847,47a743,N/D,Sorvolo,N/D,9425,80.34,9.48,N/D,2752,adsb.lol,2026-10-08
2026-10-08 22:28:12,RYR52TC,4ca647,N/D,Sorvolo,N/D,8950,131.99,7.84,N/D,-1280,adsb.lol,2026-10-08
2026-10-08 22:30:14,RYR23,4cae51,N/D,Sorvolo,N/D,37000,238.44,9.31,N/D,64,adsb.lol,2026-10-08
2026-10-08 22:30:14,RYR74UN,4caa57,N/D,Sorvolo,N/D,10750,130.55,8.18,N/D,0,adsb.lol,2026-10-08
2026-10-08 22:32:16,RYR74UN,4caa57,N/D,Sorvolo,N/D,8900,132.21,12.83,N/D,-1408,adsb.lol,2026-10-08
2026-10-08 22:34:17,RYR52TC,4ca647,RWY 28,Avvicinamento,Est -> Ovest,1925,284.89,8.27,N/D,-832,adsb.lol,2026-10-08
2026-10-08 22:34:17,WMT3662,471d6b,RWY 28,Decollo,Est -> Ovest,1775,271.69,1.99,N/D,2560,adsb.lol,2026-10-08
2026-10-08 22:36:19,FDX7,abed10,N/D,Sorvolo,N/D,20075,292.32,4.03,N/D,-704,adsb.lol,2026-10-08
2026-10-08 22:36:19,WMT3662,471d6b,N/D,Sorvolo,N/D,6000,113.49,9.48,N/D,3072,adsb.lol,2026-10-08
2026-10-08 22:38:20,RYR74UN,4caa57,RWY 28,Avvicinamento,Est -> Ovest,1450,284.86,5.51,N/D,-768,adsb.lol,2026-10-08
2026-10-08 22:38:20,WMT3662,471d6b,N/D,Sorvolo,N/D,10500,84.41,13.59,N/D,2688,adsb.lol,2026-10-08
2026-10-08 22:38:20,AIC138,8005eb,N/D,Sorvolo,N/D,21325,64.04,7.15,N/D,1824,adsb.lol,2026-10-08
2026-10-08 22:40:24,RYR52TC,4ca647,RWY 28,Atterraggio,Est -> Ovest,825,284.69,1.85,Ireland,-639,opensky,2026-10-08
2026-10-08 22:40:24,RYR74UN,4caa57,RWY 28,Atterraggio,Est -> Ovest,800,284.98,1.89,Ireland,-704,opensky,2026-10-08
2026-10-08 22:42:25,RYR13LL,4ca704,RWY 28,Avvicinamento,Est -> Ovest,1625,284.65,6.55,N/D,-832,adsb.lol,2026-10-08
2026-10-08 22:42:25,RYR15HE,48c134,N/D,Sorvolo,N/D,11250,191.09,14.53,N/D,-1216,adsb.lol,2026-10-08
2026-10-08 22:42:25,EJU5088,4404a4,N/D,Sorvolo,N/D,22650,81.4,4.11,N/D,1344,adsb.lol,2026-10-08
2026-10-08 22:42:25,ETD80,896464,N/D,Sorvolo,N/D,25250,62.74,8.37,N/D,544,adsb.lol,2026-10-08
2026-10-08 22:42:25,WMT3136,471dab,N/D,Decollo,Rotta 219.1°,4050,219.13,7.08,N/D,2176,adsb.lol,2026-10-08
2026-10-08 22:44:28,RYR15HE,48c134,N/D,Sorvolo,N/D,8450,190.42,11.13,N/D,-1984,adsb.lol,2026-10-08
2026-10-08 22:44:28,WMT3136,471dab,N/D,Sorvolo,N/D,7025,61.89,4.38,N/D,3072,adsb.lol,2026-10-08
2026-10-08 22:46:33,RYR3KJ,4d227d,RWY 28,Atterraggio,Est -> Ovest,1250,284.67,4.42,N/D,-832,adsb.lol,2026-10-08
2026-10-08 22:46:33,WZZ8050,4d2527,N/D,Decollo,Rotta 225.7°,3125,225.68,4.91,N/D,2624,adsb.lol,2026-10-08
2026-10-08 22:48:52,WZZ8050,4d2527,N/D,Sorvolo,N/D,7825,73.0,7.6,N/D,2752,adsb.lol,2026-10-08
2026-10-08 22:50:54,RYR31XB,4cac85,N/D,Sorvolo,N/D,4625,266.71,10.62,N/D,1024,adsb.lol,2026-10-08
2026-10-08 22:50:54,RYR15HE,48c134,RWY 28,Atterraggio,Est -> Ovest,1325,284.57,4.89,N/D,-896,adsb.lol,2026-10-08
2026-10-08 22:52:57,RYR15HE,48c134,RWY 28,Atterraggio,Est -> Ovest,800,285.15,1.89,Poland,-767,opensky,2026-10-08
2026-10-08 22:54:58,WMT994,471f9e,RWY 28,Decollo,Est -> Ovest,1575,276.13,1.82,N/D,2432,adsb.lol,2026-10-08
2026-10-08 22:56:59,WMT994,471f9e,N/D,Sorvolo,N/D,5850,85.74,8.33,N/D,1024,adsb.lol,2026-10-08
2026-10-08 22:56:59,RYR58BW,4d225b,RWY 28,Decollo,Est -> Ovest,1825,255.73,2.44,N/D,2688,adsb.lol,2026-10-08
2026-10-08 22:59:00,WMT994,471f9e,N/D,Sorvolo,N/D,7975,40.25,4.91,N/D,1600,adsb.lol,2026-10-08
2026-10-08 22:59:00,RYR58BW,4d225b,N/D,Sorvolo,N/D,6350,243.63,14.89,N/D,3072,adsb.lol,2026-10-08
2026-10-08 22:59:00,RYR5KU,48c12f,RWY 28,Decollo,Est -> Ovest,1300,284.74,1.56,N/D,2624,adsb.lol,2026-10-08
2026-10-08 23:00:36,WZZ6255,471d71,N/D,Sorvolo,N/D,2300,285.15,10.49,N/D,-768,adsb.lol,2026-10-08
2026-10-08 23:00:36,RYR5KU,48c12f,N/D,Sorvolo,N/D,5325,235.06,10.1,N/D,1984,adsb.lol,2026-10-08
2026-10-08 23:01:37,SRR6401,45cf24,N/D,Decollo,Rotta 221.0°,3350,221.01,5.27,N/D,2432,adsb.lol,2026-10-08
2026-10-08 23:01:37,WZZ6255,471d71,RWY 28,Avvicinamento,Est -> Ovest,1625,285.4,6.44,N/D,-640,adsb.lol,2026-10-08
2026-10-08 23:02:38,SRR6401,45cf24,N/D,Sorvolo,N/D,5875,218.4,11.03,N/D,2624,adsb.lol,2026-10-08
2026-10-08 23:02:38,WZZ6255,471d71,RWY 28,Atterraggio,Est -> Ovest,1325,284.62,4.63,N/D,-896,adsb.lol,2026-10-08
2026-10-08 23:03:39,SRR6401,45cf24,N/D,Sorvolo,N/D,8850,79.72,12.08,N/D,3584,adsb.lol,2026-10-08
2026-10-08 23:04:40,SRR6401,45cf24,N/D,Sorvolo,N/D,10775,353.3,4.87,N/D,2048,adsb.lol,2026-10-08
2026-10-08 23:05:41,SRR6401,45cf24,N/D,Sorvolo,N/D,12000,349.26,6.99,N/D,0,adsb.lol,2026-10-08
2026-10-08 23:05:41,RYR5KU,48c12f,N/D,Sorvolo,N/D,14700,77.68,9.24,N/D,2496,adsb.lol,2026-10-08
2026-10-08 23:06:42,RYR5KU,48c12f,N/D,Sorvolo,N/D,17475,77.86,3.67,N/D,2624,adsb.lol,2026-10-08
2026-10-08 23:06:42,RYR8479,48c22f,N/D,Decollo,Rotta 221.8°,3475,221.82,5.78,N/D,2432,adsb.lol,2026-10-08
2026-10-08 23:07:43,RYR5KU,48c12f,N/D,Sorvolo,N/D,19575,77.94,14.57,N/D,2624,adsb.lol,2026-10-08
2026-10-08 23:07:43,RYR8479,48c22f,N/D,Sorvolo,N/D,5500,225.39,11.49,N/D,1600,adsb.lol,2026-10-08
2026-10-08 23:08:44,WMT9SG,471f44,N/D,Decollo,Rotta 219.5°,3425,219.47,5.7,N/D,2304,adsb.lol,2026-10-08
2026-10-08 23:09:45,WMT9SG,471f44,N/D,Sorvolo,N/D,4825,185.24,11.15,N/D,1728,adsb.lol,2026-10-08
2026-10-08 23:10:46,WMT9SG,471f44,N/D,Sorvolo,N/D,6925,80.58,10.53,N/D,1856,adsb.lol,2026-10-08
2026-10-08 23:10:46,RYR5RK,4d234f,N/D,Decollo,Rotta 235.4°,2125,235.41,3.29,N/D,1792,adsb.lol,2026-10-08
2026-10-08 23:11:48,RYR5RK,4d234f,N/D,Decollo,Rotta 224.8°,4500,224.79,8.62,N/D,1600,adsb.lol,2026-10-08
2026-10-08 23:11:48,WMT9SG,471f44,N/D,Sorvolo,N/D,8250,83.91,9.76,N/D,2176,adsb.lol,2026-10-08
2026-10-08 23:12:49,RYR5RK,4d234f,N/D,Sorvolo,N/D,6175,92.64,11.01,N/D,2304,adsb.lol,2026-10-08
2026-10-08 23:12:49,WMT9SG,471f44,N/D,Sorvolo,N/D,10475,83.26,14.95,N/D,1024,adsb.lol,2026-10-08
2026-10-08 23:13:51,RYR5RK,4d234f,N/D,Sorvolo,N/D,8625,81.38,8.66,N/D,3008,adsb.lol,2026-10-08
2026-10-08 23:14:52,RYR2095,4caa60,N/D,Sorvolo,N/D,2500,285.0,11.73,N/D,-896,adsb.lol,2026-10-08
2026-10-08 23:14:52,RYR45MZ,4caff7,N/D,Decollo,Rotta 240.9°,2250,240.88,3.07,N/D,2112,adsb.lol,2026-10-08
2026-10-08 23:14:52,RYR5RK,4d234f,N/D,Sorvolo,N/D,11200,78.56,11.81,N/D,640,adsb.lol,2026-10-08
2026-10-08 23:15:53,RYR45MZ,4caff7,N/D,Decollo,Rotta 199.7°,4450,199.65,8.21,N/D,832,adsb.lol,2026-10-08
2026-10-08 23:15:53,RYR2095,4caa60,RWY 28,Avvicinamento,Est -> Ovest,1675,285.19,6.86,N/D,-768,adsb.lol,2026-10-08
2026-10-08 23:15:53,WMT2402,4d20f3,N/D,Sorvolo,N/D,20600,281.79,7.28,N/D,-2432,adsb.lol,2026-10-08
2026-10-08 23:16:58,RYR2095,4caa60,RWY 28,Atterraggio,Est -> Ovest,1125,284.04,3.79,N/D,-832,adsb.lol,2026-10-08
2026-10-08 23:16:58,RYR45MZ,4caff7,N/D,Sorvolo,N/D,6625,95.15,8.61,N/D,1856,adsb.lol,2026-10-08
2026-10-08 23:16:58,WMT2402,4d20f3,N/D,Sorvolo,N/D,19125,281.73,7.54,N/D,-1536,adsb.lol,2026-10-08
2026-10-08 23:17:59,RYR45MZ,4caff7,N/D,Sorvolo,N/D,9575,68.41,7.42,N/D,3264,adsb.lol,2026-10-08
2026-10-08 23:19:00,RYR45MZ,4caff7,N/D,Sorvolo,N/D,12675,68.44,12.58,N/D,2944,adsb.lol,2026-10-08
2026-10-08 23:20:03,RYR2095,4caa60,RWY 28,Atterraggio,Est -> Ovest,800,285.03,1.84,Ireland,-639,opensky,2026-10-08
2026-10-08 23:21:05,RYR30DK,4d244a,RWY 28,Avvicinamento,Est -> Ovest,2000,284.83,8.9,N/D,-960,adsb.lol,2026-10-08
2026-10-08 23:21:05,ABY696,896719,N/D,Decollo,Rotta 224.5°,3750,224.51,5.83,N/D,1920,adsb.lol,2026-10-08
2026-10-08 23:22:06,ABY696,896719,N/D,Sorvolo,N/D,5125,161.4,9.43,N/D,960,adsb.lol,2026-10-08
2026-10-08 23:22:06,RYR30DK,4d244a,RWY 28,Atterraggio,Est -> Ovest,1175,284.59,3.98,N/D,-768,adsb.lol,2026-10-08
2026-10-08 23:23:08,RYR30DK,4d244a,RWY 28,Atterraggio,Est -> Ovest,1100,284.59,3.66,N/D,-832,adsb.lol,2026-10-08
2026-10-08 23:24:12,RYR30DK,4d244a,RWY 28,Atterraggio,Est -> Ovest,800,284.78,1.87,Malta,-704,opensky,2026-10-08
2026-10-08 23:25:15,RYR30DK,4d244a,RWY 28,Atterraggio,Est -> Ovest,800,284.78,1.87,Malta,-704,opensky,2026-10-08
2026-10-08 23:26:16,DHX752,8940b5,N/D,Sorvolo,N/D,16550,86.09,14.1,N/D,1088,adsb.lol,2026-10-08
2026-10-08 23:27:16,DHX752,8940b5,N/D,Sorvolo,N/D,18125,85.84,11.09,N/D,2368,adsb.lol,2026-10-08
2026-10-08 23:31:27,VOE58UJ,346043,N/D,Sorvolo,N/D,31175,80.63,10.45,N/D,-1216,adsb.lol,2026-10-08
2026-10-08 23:32:28,VOE58UJ,346043,N/D,Sorvolo,N/D,29825,78.78,2.35,N/D,-1280,adsb.lol,2026-10-08
2026-10-08 23:33:29,VOE58UJ,346043,N/D,Sorvolo,N/D,28350,78.75,14.06,N/D,-1472,adsb.lol,2026-10-08
2026-10-08 23:34:33,WZZ664,4d245f,N/D,Sorvolo,N/D,20375,86.68,11.57,N/D,1536,adsb.lol,2026-10-08
2026-10-08 23:39:44,RYR84GY,4d2215,N/D,Sorvolo,N/D,2625,285.05,12.45,N/D,-1024,adsb.lol,2026-10-08
2026-10-08 23:40:45,RYR84GY,4d2215,RWY 28,Avvicinamento,Est -> Ovest,1675,284.73,6.86,N/D,-768,adsb.lol,2026-10-08
2026-10-08 23:41:46,RYR84GY,4d2215,RWY 28,Atterraggio,Est -> Ovest,1125,284.13,3.83,N/D,-768,adsb.lol,2026-10-08
2026-10-08 23:42:49,RYR84GY,4d2215,RWY 28,Atterraggio,Est -> Ovest,800,285.12,1.85,Malta,-895,opensky,2026-10-08
2026-10-08 23:43:51,RYR84GY,4d2215,RWY 28,Atterraggio,Est -> Ovest,800,285.12,1.85,Malta,-895,opensky,2026-10-08
2026-10-08 23:44:52,RYR39BB,4d21ed,N/D,Sorvolo,N/D,11750,194.94,14.09,N/D,-1216,adsb.lol,2026-10-08
2026-10-08 23:45:53,RYR9ZN,48c134,N/D,Decollo,Rotta 229.8°,2350,229.78,3.48,N/D,2624,adsb.lol,2026-10-08
2026-10-08 23:45:53,RYR39BB,4d21ed,N/D,Sorvolo,N/D,9925,194.94,11.87,N/D,-64,adsb.lol,2026-10-08
2026-10-08 23:46:54,RYR9ZN,48c134,N/D,Decollo,Rotta 224.2°,4775,224.18,8.94,N/D,1984,adsb.lol,2026-10-08
2026-10-08 23:46:54,RYR39BB,4d21ed,N/D,Sorvolo,N/D,8525,191.78,13.69,N/D,-2112,adsb.lol,2026-10-08
2026-10-08 23:47:57,RYR9ZN,48c134,N/D,Sorvolo,N/D,6500,221.75,14.86,Poland,2047,opensky,2026-10-08
2026-10-08 23:50:00,RYR9ZN,48c134,N/D,Sorvolo,N/D,12875,34.0,9.41,N/D,2816,adsb.lol,2026-10-08
2026-10-08 23:51:01,RYR9ZN,48c134,N/D,Sorvolo,N/D,15775,31.69,3.42,N/D,2944,adsb.lol,2026-10-08
2026-10-08 23:52:02,RYR9ZN,48c134,N/D,Sorvolo,N/D,17900,32.59,9.14,N/D,2624,adsb.lol,2026-10-08
2026-10-08 23:53:04,RYR39BB,4d21ed,RWY 28,Avvicinamento,Est -> Ovest,1275,284.24,7.77,N/D,-896,adsb.fi,2026-10-08
2026-10-08 23:58:17,WZZ6579,471d71,N/D,Decollo,Rotta 220.5°,3625,220.49,6.07,N/D,2176,adsb.lol,2026-10-08
2026-10-08 23:58:17,RYR29CD,4cadb8,N/D,Sorvolo,N/D,2775,284.89,13.27,N/D,-896,adsb.lol,2026-10-08
2026-10-08 23:59:18,WZZ6579,471d71,N/D,Sorvolo,N/D,5075,208.61,11.97,N/D,1536,adsb.lol,2026-10-08
2026-10-08 23:59:18,RYR29CD,4cadb8,RWY 28,Avvicinamento,Est -> Ovest,1800,284.74,7.71,N/D,-896,adsb.lol,2026-10-08
